--
-- PostgreSQL database dump
--

-- Dumped from database version 12.6
-- Dumped by pg_dump version 14.7 (Ubuntu 14.7-0ubuntu0.22.04.1)

SET statement_timeout = 0;
SET lock_timeout = 0;
SET idle_in_transaction_session_timeout = 0;
SET client_encoding = 'UTF8';
SET standard_conforming_strings = on;
SELECT pg_catalog.set_config('search_path', '', false);
SET check_function_bodies = false;
SET xmloption = content;
SET client_min_messages = warning;
SET row_security = off;

--
-- Data for Name: book; Type: TABLE DATA; Schema: public; Owner: admin
--

COPY public.book (id, type, name, background_image_url, background_color_code, created_date, created_by, modified_date, modified_by) FROM stdin;
1	SERIES	Một chuyến rong chơi 1	/images/book-1/cover-name.jpg	0	2022-02-14 02:47:54.284	system	\N	\N
2	SERIES	Một chuyến rong chơi 2	/images/book-2/cover-name.jpg	1	2022-05-25 15:27:21.41086	system	\N	\N
\.


--
-- Data for Name: book_code; Type: TABLE DATA; Schema: public; Owner: admin
--

COPY public.book_code (id, serial, book_id, code, release_version) FROM stdin;
1	MCRC0000001	1	GWGXX8	v1
2	MCRC0000002	1	DX2WVV	v1
3	MCRC0000003	1	ERH6ZU	v1
4	MCRC0000004	1	1YS5R1	v1
5	MCRC0000005	1	UUJGJW	v1
6	MCRC0000006	1	L3NVQ6	v1
7	MCRC0000007	1	42XAMP	v1
8	MCRC0000008	1	S5PBNK	v1
9	MCRC0000009	1	ZNGPNN	v1
10	MCRC0000010	1	8JFWE1	v1
11	MCRC0000011	1	AEUFK5	v1
12	MCRC0000012	1	CHTRZ7	v1
13	MCRC0000013	1	MN59PS	v1
14	MCRC0000014	1	PZYU5J	v1
15	MCRC0000015	1	XL9KYW	v1
16	MCRC0000016	1	AXECYZ	v1
17	MCRC0000017	1	DJQ932	v1
18	MCRC0000018	1	IUFSMC	v1
19	MCRC0000019	1	P2ZGK2	v1
20	MCRC0000020	1	ECRHKU	v1
21	MCRC0000021	1	3GZUFZ	v1
22	MCRC0000022	1	LGAW2C	v1
23	MCRC0000023	1	WTDMLV	v1
24	MCRC0000024	1	92BIDM	v1
25	MCRC0000025	1	JHZEKR	v1
26	MCRC0000026	1	4LF3GQ	v1
27	MCRC0000027	1	WP1KC1	v1
28	MCRC0000028	1	R5S9F4	v1
29	MCRC0000029	1	LDUL7P	v1
30	MCRC0000030	1	X58WGA	v1
31	MCRC0000031	1	1LT2Q5	v1
32	MCRC0000032	1	0W51S3	v1
33	MCRC0000033	1	NFPHC7	v1
34	MCRC0000034	1	SI0UIU	v1
35	MCRC0000035	1	5KZS7K	v1
36	MCRC0000036	1	199N3D	v1
37	MCRC0000037	1	MVX1YV	v1
38	MCRC0000038	1	7C2AZJ	v1
39	MCRC0000039	1	HB48WN	v1
40	MCRC0000040	1	S9ZX0H	v1
41	MCRC0000041	1	ADND0Y	v1
42	MCRC0000042	1	TLWNXM	v1
43	MCRC0000043	1	FC71NE	v1
44	MCRC0000044	1	CMRI1A	v1
45	MCRC0000045	1	AVPFA8	v1
46	MCRC0000046	1	9E3S20	v1
47	MCRC0000047	1	4LUAYJ	v1
48	MCRC0000048	1	WAKNDD	v1
49	MCRC0000049	1	X3YZI1	v1
50	MCRC0000050	1	385MS5	v1
51	MCRC0000051	1	GJBDMT	v1
52	MCRC0000052	1	MNWI5I	v1
53	MCRC0000053	1	CRV4ZX	v1
54	MCRC0000054	1	4JETF5	v1
55	MCRC0000055	1	P4Z2WV	v1
56	MCRC0000056	1	RNVZBA	v1
57	MCRC0000057	1	6SJRYA	v1
58	MCRC0000058	1	BPSKLM	v1
59	MCRC0000059	1	YJIMED	v1
60	MCRC0000060	1	4VR2RI	v1
61	MCRC0000061	1	INJN4P	v1
62	MCRC0000062	1	D45W34	v1
63	MCRC0000063	1	C0K8KG	v1
64	MCRC0000064	1	DBQ3S2	v1
65	MCRC0000065	1	DDSMJQ	v1
66	MCRC0000066	1	28YQUE	v1
67	MCRC0000067	1	1MPWH6	v1
68	MCRC0000068	1	BNFTAR	v1
69	MCRC0000069	1	AV0CW5	v1
70	MCRC0000070	1	NAID94	v1
71	MCRC0000071	1	XFRZ6Q	v1
72	MCRC0000072	1	XT1SSQ	v1
73	MCRC0000073	1	MXHVU4	v1
74	MCRC0000074	1	MBG7VH	v1
75	MCRC0000075	1	T3I7A9	v1
76	MCRC0000076	1	MSLM3K	v1
77	MCRC0000077	1	8YL9WD	v1
78	MCRC0000078	1	4LK948	v1
79	MCRC0000079	1	UZY6F4	v1
80	MCRC0000080	1	MJ2V9A	v1
81	MCRC0000081	1	6D77C1	v1
82	MCRC0000082	1	9614IU	v1
83	MCRC0000083	1	8N28YD	v1
84	MCRC0000084	1	FKH1GH	v1
85	MCRC0000085	1	RT1772	v1
86	MCRC0000086	1	KHB9P2	v1
87	MCRC0000087	1	3I15IW	v1
88	MCRC0000088	1	X2PXK9	v1
89	MCRC0000089	1	LUIEVW	v1
90	MCRC0000090	1	NLJWB8	v1
91	MCRC0000091	1	0JYJ4M	v1
92	MCRC0000092	1	2WQFNA	v1
93	MCRC0000093	1	DMIPET	v1
94	MCRC0000094	1	KPCG04	v1
95	MCRC0000095	1	IV5R0Y	v1
96	MCRC0000096	1	JYATVS	v1
97	MCRC0000097	1	9AU2B1	v1
98	MCRC0000098	1	HFFV1B	v1
99	MCRC0000099	1	531R5D	v1
100	MCRC0000100	1	7YWGWW	v1
101	MCRC0000101	1	TTUMWJ	v1
102	MCRC0000102	1	4Y48SW	v1
103	MCRC0000103	1	K92L3I	v1
104	MCRC0000104	1	STZ8KC	v1
105	MCRC0000105	1	3FEDCN	v1
106	MCRC0000106	1	4BLG74	v1
107	MCRC0000107	1	BKDXER	v1
108	MCRC0000108	1	JRM6NW	v1
109	MCRC0000109	1	REMRN6	v1
110	MCRC0000110	1	9Z3JPT	v1
111	MCRC0000111	1	AD1WKU	v1
112	MCRC0000112	1	0AD8ST	v1
113	MCRC0000113	1	M04UZ6	v1
114	MCRC0000114	1	Q4QULJ	v1
115	MCRC0000115	1	IPEUG0	v1
116	MCRC0000116	1	6X1YPS	v1
117	MCRC0000117	1	B3CEHX	v1
118	MCRC0000118	1	0ZSTK4	v1
119	MCRC0000119	1	BLWJ5A	v1
120	MCRC0000120	1	Y0RXAF	v1
121	MCRC0000121	1	WD5S84	v1
122	MCRC0000122	1	MC8TK3	v1
123	MCRC0000123	1	1G9752	v1
124	MCRC0000124	1	3F5FI8	v1
125	MCRC0000125	1	0V6Y0P	v1
126	MCRC0000126	1	34QRJI	v1
127	MCRC0000127	1	WHAHWF	v1
128	MCRC0000128	1	9PP6QS	v1
129	MCRC0000129	1	0NSSB8	v1
130	MCRC0000130	1	GPY26Y	v1
131	MCRC0000131	1	PSCIV7	v1
132	MCRC0000132	1	R6X3NB	v1
133	MCRC0000133	1	V2J5G7	v1
134	MCRC0000134	1	R5GKXS	v1
135	MCRC0000135	1	4F5YSB	v1
136	MCRC0000136	1	QLH2HC	v1
137	MCRC0000137	1	GJ0CWF	v1
138	MCRC0000138	1	LSIZKE	v1
139	MCRC0000139	1	1CIA3C	v1
140	MCRC0000140	1	5JY19E	v1
141	MCRC0000141	1	IPS50B	v1
142	MCRC0000142	1	EEUY3M	v1
143	MCRC0000143	1	2I691M	v1
144	MCRC0000144	1	M8M5N0	v1
145	MCRC0000145	1	X6V797	v1
146	MCRC0000146	1	MRRM3J	v1
147	MCRC0000147	1	TBRZXT	v1
148	MCRC0000148	1	P51KKV	v1
149	MCRC0000149	1	KXRYL1	v1
150	MCRC0000150	1	56BRIA	v1
151	MCRC0000151	1	QHCNRP	v1
152	MCRC0000152	1	TTKE5J	v1
153	MCRC0000153	1	KDYQ6F	v1
154	MCRC0000154	1	Y7DYVJ	v1
155	MCRC0000155	1	FBVY5S	v1
156	MCRC0000156	1	ZR9S1H	v1
157	MCRC0000157	1	50L1L6	v1
158	MCRC0000158	1	Z2JL2K	v1
159	MCRC0000159	1	68JSEA	v1
160	MCRC0000160	1	AJLLUI	v1
161	MCRC0000161	1	0QA67T	v1
162	MCRC0000162	1	L6R6GX	v1
163	MCRC0000163	1	4R4GXD	v1
164	MCRC0000164	1	SGU7HB	v1
165	MCRC0000165	1	5QSTFC	v1
166	MCRC0000166	1	98EXFE	v1
167	MCRC0000167	1	IPG1HH	v1
168	MCRC0000168	1	JNQGVP	v1
169	MCRC0000169	1	7QX1GN	v1
170	MCRC0000170	1	0ZI98J	v1
171	MCRC0000171	1	ENLT53	v1
172	MCRC0000172	1	2362U4	v1
173	MCRC0000173	1	UKEDUS	v1
174	MCRC0000174	1	FAIS3Q	v1
175	MCRC0000175	1	K7G5ZM	v1
176	MCRC0000176	1	6V3IYF	v1
177	MCRC0000177	1	ME1YV1	v1
178	MCRC0000178	1	J7QYGN	v1
179	MCRC0000179	1	16MVHP	v1
180	MCRC0000180	1	H5VA5E	v1
181	MCRC0000181	1	GELUQR	v1
182	MCRC0000182	1	4TL32T	v1
183	MCRC0000183	1	0073QZ	v1
184	MCRC0000184	1	V5RBN4	v1
185	MCRC0000185	1	P8EM0S	v1
186	MCRC0000186	1	K77TDQ	v1
187	MCRC0000187	1	7BYDZ7	v1
188	MCRC0000188	1	MM1HZF	v1
189	MCRC0000189	1	ECS4RH	v1
190	MCRC0000190	1	AW536D	v1
191	MCRC0000191	1	AQL8YW	v1
192	MCRC0000192	1	87TTX9	v1
193	MCRC0000193	1	2GTXFZ	v1
194	MCRC0000194	1	FK0ZIJ	v1
195	MCRC0000195	1	Y6M0CP	v1
196	MCRC0000196	1	42UGU8	v1
197	MCRC0000197	1	R6T52K	v1
198	MCRC0000198	1	J7JV1P	v1
199	MCRC0000199	1	0VD895	v1
200	MCRC0000200	1	YTL25W	v1
201	MCRC0000201	1	Z4FYNQ	v1
202	MCRC0000202	1	VE66CN	v1
203	MCRC0000203	1	WYGPRC	v1
204	MCRC0000204	1	WTK60D	v1
205	MCRC0000205	1	YWL7W6	v1
206	MCRC0000206	1	P9U7G7	v1
207	MCRC0000207	1	VSVYJ7	v1
208	MCRC0000208	1	EU17TD	v1
209	MCRC0000209	1	VYQU9A	v1
210	MCRC0000210	1	464X99	v1
211	MCRC0000211	1	CSVDML	v1
212	MCRC0000212	1	JVI8HJ	v1
213	MCRC0000213	1	EMG4ZV	v1
214	MCRC0000214	1	UGITZ9	v1
215	MCRC0000215	1	P9SA40	v1
216	MCRC0000216	1	FRK86Z	v1
217	MCRC0000217	1	V4SZ16	v1
218	MCRC0000218	1	5PNMIX	v1
219	MCRC0000219	1	G81PPZ	v1
220	MCRC0000220	1	SF10E5	v1
221	MCRC0000221	1	9NWICT	v1
222	MCRC0000222	1	S1SKNX	v1
223	MCRC0000223	1	DT0YVE	v1
224	MCRC0000224	1	YDU2QI	v1
225	MCRC0000225	1	4A5XWU	v1
226	MCRC0000226	1	TEX85B	v1
227	MCRC0000227	1	KDF410	v1
228	MCRC0000228	1	WWP94D	v1
229	MCRC0000229	1	5A5FVX	v1
230	MCRC0000230	1	PPXF1N	v1
231	MCRC0000231	1	RVRF9Z	v1
232	MCRC0000232	1	R9JJZ7	v1
233	MCRC0000233	1	12JC6H	v1
234	MCRC0000234	1	QPKC97	v1
235	MCRC0000235	1	FS6DLN	v1
236	MCRC0000236	1	64SNVW	v1
237	MCRC0000237	1	SXKU81	v1
238	MCRC0000238	1	V3N32F	v1
239	MCRC0000239	1	CER2VK	v1
240	MCRC0000240	1	MY95B1	v1
241	MCRC0000241	1	6ZL5LI	v1
242	MCRC0000242	1	U48N89	v1
243	MCRC0000243	1	P0GBX7	v1
244	MCRC0000244	1	IZ0QX9	v1
245	MCRC0000245	1	TMARSU	v1
246	MCRC0000246	1	LBSQP4	v1
247	MCRC0000247	1	WURKBT	v1
248	MCRC0000248	1	98HS6E	v1
249	MCRC0000249	1	V2ZW6E	v1
250	MCRC0000250	1	6Z96P2	v1
251	MCRC0000251	1	QVM5BF	v1
252	MCRC0000252	1	72HEVU	v1
253	MCRC0000253	1	H99GDT	v1
254	MCRC0000254	1	FP1LRY	v1
255	MCRC0000255	1	GQ775J	v1
256	MCRC0000256	1	FW1ASP	v1
257	MCRC0000257	1	DF59GM	v1
258	MCRC0000258	1	YS3W4L	v1
259	MCRC0000259	1	CPMDCY	v1
260	MCRC0000260	1	NTIFEN	v1
261	MCRC0000261	1	I6XIVX	v1
262	MCRC0000262	1	F5JKV0	v1
263	MCRC0000263	1	MXJIY5	v1
264	MCRC0000264	1	2R4R8Y	v1
265	MCRC0000265	1	PWM4AD	v1
266	MCRC0000266	1	HUFZHI	v1
267	MCRC0000267	1	SZXICQ	v1
268	MCRC0000268	1	H99NPW	v1
269	MCRC0000269	1	WFS8E6	v1
270	MCRC0000270	1	TQUY21	v1
271	MCRC0000271	1	G2PXJ3	v1
272	MCRC0000272	1	P8X5BJ	v1
273	MCRC0000273	1	4A9JYY	v1
274	MCRC0000274	1	0V2YYT	v1
275	MCRC0000275	1	3ZV5A2	v1
276	MCRC0000276	1	WA5VVU	v1
277	MCRC0000277	1	14G1XC	v1
278	MCRC0000278	1	VZKZAZ	v1
279	MCRC0000279	1	B6PJV3	v1
280	MCRC0000280	1	GHJ02Y	v1
281	MCRC0000281	1	1Q9YLR	v1
282	MCRC0000282	1	9N8YVV	v1
283	MCRC0000283	1	9HT2SG	v1
284	MCRC0000284	1	9SDXBP	v1
285	MCRC0000285	1	5U0P05	v1
286	MCRC0000286	1	1VJ4P0	v1
287	MCRC0000287	1	PVEFEY	v1
288	MCRC0000288	1	6CBIGI	v1
289	MCRC0000289	1	G64T0C	v1
290	MCRC0000290	1	BIQ591	v1
291	MCRC0000291	1	CRNHVJ	v1
292	MCRC0000292	1	V8JWZA	v1
293	MCRC0000293	1	L0259E	v1
294	MCRC0000294	1	ZR3RIM	v1
295	MCRC0000295	1	HV1Q6A	v1
296	MCRC0000296	1	3UIWW1	v1
297	MCRC0000297	1	SNJL5U	v1
298	MCRC0000298	1	90RZVG	v1
299	MCRC0000299	1	2FTX31	v1
300	MCRC0000300	1	BZ3JX0	v1
301	MCRC0000301	1	75W5VB	v1
302	MCRC0000302	1	7KC4L9	v1
303	MCRC0000303	1	SKUBTS	v1
304	MCRC0000304	1	J9NZFA	v1
305	MCRC0000305	1	S9SL2G	v1
306	MCRC0000306	1	5YWA0W	v1
307	MCRC0000307	1	16JLGT	v1
308	MCRC0000308	1	VG9BQL	v1
309	MCRC0000309	1	2ZFFSD	v1
310	MCRC0000310	1	TCK625	v1
311	MCRC0000311	1	JMZZ23	v1
312	MCRC0000312	1	LHLXMT	v1
313	MCRC0000313	1	HCLW7E	v1
314	MCRC0000314	1	AMITLV	v1
315	MCRC0000315	1	Q8JRWI	v1
316	MCRC0000316	1	GJ8SD5	v1
317	MCRC0000317	1	2VWM8W	v1
318	MCRC0000318	1	ET0U7X	v1
319	MCRC0000319	1	6R5U0J	v1
320	MCRC0000320	1	F09G2K	v1
321	MCRC0000321	1	VYUG5N	v1
322	MCRC0000322	1	E5U8S3	v1
323	MCRC0000323	1	DYEBLY	v1
324	MCRC0000324	1	ID7XKR	v1
325	MCRC0000325	1	ZJIEM6	v1
326	MCRC0000326	1	28YF6Q	v1
327	MCRC0000327	1	UZNCGT	v1
328	MCRC0000328	1	U7IEWQ	v1
329	MCRC0000329	1	PKU0ZE	v1
330	MCRC0000330	1	RGMPHQ	v1
331	MCRC0000331	1	85RJDD	v1
332	MCRC0000332	1	KQG6C2	v1
333	MCRC0000333	1	CMVPLU	v1
334	MCRC0000334	1	3NJ2LD	v1
335	MCRC0000335	1	XD6S1P	v1
336	MCRC0000336	1	KU027T	v1
337	MCRC0000337	1	ZT2ARS	v1
338	MCRC0000338	1	GCY6ZY	v1
339	MCRC0000339	1	HGLKBI	v1
340	MCRC0000340	1	THGYFL	v1
341	MCRC0000341	1	SCFST1	v1
342	MCRC0000342	1	RRPXBX	v1
343	MCRC0000343	1	SE1M6Y	v1
344	MCRC0000344	1	0KNG6N	v1
345	MCRC0000345	1	61D3BK	v1
346	MCRC0000346	1	ADKWMX	v1
347	MCRC0000347	1	CUWA9K	v1
348	MCRC0000348	1	TDYSQE	v1
349	MCRC0000349	1	EDHW0U	v1
350	MCRC0000350	1	ZUJXPZ	v1
351	MCRC0000351	1	PHPWG5	v1
352	MCRC0000352	1	6HU122	v1
353	MCRC0000353	1	NP0G79	v1
354	MCRC0000354	1	05QMHS	v1
355	MCRC0000355	1	4815K3	v1
356	MCRC0000356	1	B6Z8AQ	v1
357	MCRC0000357	1	C6I92X	v1
358	MCRC0000358	1	R6URFQ	v1
359	MCRC0000359	1	6XN74P	v1
360	MCRC0000360	1	TARNJ8	v1
361	MCRC0000361	1	LPZLP6	v1
362	MCRC0000362	1	3UHHKW	v1
363	MCRC0000363	1	VCU0SE	v1
364	MCRC0000364	1	DIRKFZ	v1
365	MCRC0000365	1	LJQS03	v1
366	MCRC0000366	1	SFFZKP	v1
367	MCRC0000367	1	7HJ0M2	v1
368	MCRC0000368	1	TCYUMT	v1
369	MCRC0000369	1	AK8SP4	v1
370	MCRC0000370	1	QLCX8G	v1
371	MCRC0000371	1	JG9A12	v1
372	MCRC0000372	1	PGGY8N	v1
373	MCRC0000373	1	577WY1	v1
374	MCRC0000374	1	V8HEMK	v1
375	MCRC0000375	1	42XTCE	v1
376	MCRC0000376	1	ZS84KX	v1
377	MCRC0000377	1	50LZGS	v1
378	MCRC0000378	1	15FTZW	v1
379	MCRC0000379	1	BSLQCF	v1
380	MCRC0000380	1	VMMMS0	v1
381	MCRC0000381	1	L3BK1M	v1
382	MCRC0000382	1	NX1V49	v1
383	MCRC0000383	1	4GVNIA	v1
384	MCRC0000384	1	VNYDL6	v1
385	MCRC0000385	1	MA3IN6	v1
386	MCRC0000386	1	QVM4QH	v1
387	MCRC0000387	1	5DP8Y1	v1
388	MCRC0000388	1	GB4XTZ	v1
389	MCRC0000389	1	NZT8AW	v1
390	MCRC0000390	1	TWLDD7	v1
391	MCRC0000391	1	5IAR1X	v1
392	MCRC0000392	1	2VR8LA	v1
393	MCRC0000393	1	PKPL1T	v1
394	MCRC0000394	1	X8MKQ8	v1
395	MCRC0000395	1	4H97LP	v1
396	MCRC0000396	1	Z35C1I	v1
397	MCRC0000397	1	XBPP53	v1
398	MCRC0000398	1	AJ0EPL	v1
399	MCRC0000399	1	NA8HCS	v1
400	MCRC0000400	1	F3T7LF	v1
401	MCRC0000401	1	QIUWUJ	v1
402	MCRC0000402	1	Z7WRXK	v1
403	MCRC0000403	1	QYBGC2	v1
404	MCRC0000404	1	LA8386	v1
405	MCRC0000405	1	TT39XH	v1
406	MCRC0000406	1	GM7W33	v1
407	MCRC0000407	1	8Z9NDN	v1
408	MCRC0000408	1	F1C0DI	v1
409	MCRC0000409	1	I183WG	v1
410	MCRC0000410	1	QAWBZ8	v1
411	MCRC0000411	1	0JGER2	v1
412	MCRC0000412	1	F7R7R4	v1
413	MCRC0000413	1	2Z7SHU	v1
414	MCRC0000414	1	237CCA	v1
415	MCRC0000415	1	5NSBSH	v1
416	MCRC0000416	1	IFXQTX	v1
417	MCRC0000417	1	F65R65	v1
418	MCRC0000418	1	KE0M0E	v1
419	MCRC0000419	1	9JXSGJ	v1
420	MCRC0000420	1	LTQTTK	v1
421	MCRC0000421	1	HEB45Q	v1
422	MCRC0000422	1	Q8JFCF	v1
423	MCRC0000423	1	3IYGGP	v1
424	MCRC0000424	1	WHU6FM	v1
425	MCRC0000425	1	F8PL35	v1
426	MCRC0000426	1	7DD5ZD	v1
427	MCRC0000427	1	K1TNUJ	v1
428	MCRC0000428	1	ZHVGBW	v1
429	MCRC0000429	1	X47KWY	v1
430	MCRC0000430	1	HGKNZY	v1
431	MCRC0000431	1	RE5FUE	v1
432	MCRC0000432	1	N13SF2	v1
433	MCRC0000433	1	PN3DQX	v1
434	MCRC0000434	1	4HEGCL	v1
435	MCRC0000435	1	JX6J34	v1
436	MCRC0000436	1	4WP2ZF	v1
437	MCRC0000437	1	JWYDB9	v1
438	MCRC0000438	1	VCU2RN	v1
439	MCRC0000439	1	XFCJ9P	v1
440	MCRC0000440	1	SQ532P	v1
441	MCRC0000441	1	NHDN54	v1
442	MCRC0000442	1	Z3DB90	v1
443	MCRC0000443	1	MF0WJU	v1
444	MCRC0000444	1	1KWRHF	v1
445	MCRC0000445	1	JMHVJW	v1
446	MCRC0000446	1	IZI8SX	v1
447	MCRC0000447	1	KMI8ZC	v1
448	MCRC0000448	1	APQM1M	v1
449	MCRC0000449	1	U0DS9P	v1
450	MCRC0000450	1	HZ2GTQ	v1
451	MCRC0000451	1	B14TL0	v1
452	MCRC0000452	1	I26FM9	v1
453	MCRC0000453	1	2NL8KU	v1
454	MCRC0000454	1	65J2QH	v1
455	MCRC0000455	1	KGLKPF	v1
456	MCRC0000456	1	N633NT	v1
457	MCRC0000457	1	U5T43W	v1
458	MCRC0000458	1	YDTH7J	v1
459	MCRC0000459	1	16AUFI	v1
460	MCRC0000460	1	HINHLV	v1
461	MCRC0000461	1	7W22Z6	v1
462	MCRC0000462	1	N3QUZT	v1
463	MCRC0000463	1	33X9KX	v1
464	MCRC0000464	1	4E0RGH	v1
465	MCRC0000465	1	VH2DII	v1
466	MCRC0000466	1	9E82C7	v1
467	MCRC0000467	1	EXYUEW	v1
468	MCRC0000468	1	W2CAG0	v1
469	MCRC0000469	1	5UTEBA	v1
470	MCRC0000470	1	K76U7K	v1
471	MCRC0000471	1	Q089C2	v1
472	MCRC0000472	1	X51HQZ	v1
473	MCRC0000473	1	R5AYXA	v1
474	MCRC0000474	1	4Q4JU7	v1
475	MCRC0000475	1	9BB217	v1
476	MCRC0000476	1	38H8Q9	v1
477	MCRC0000477	1	TN95YV	v1
478	MCRC0000478	1	5SHSFI	v1
479	MCRC0000479	1	T7XE7J	v1
480	MCRC0000480	1	MEJF93	v1
481	MCRC0000481	1	86ZB83	v1
482	MCRC0000482	1	R3GF5M	v1
483	MCRC0000483	1	PESN7W	v1
484	MCRC0000484	1	JPL6N2	v1
485	MCRC0000485	1	DSVT1D	v1
486	MCRC0000486	1	9Q5U6Q	v1
487	MCRC0000487	1	5P64F6	v1
488	MCRC0000488	1	AP38IM	v1
489	MCRC0000489	1	QUK7V1	v1
490	MCRC0000490	1	W7ZEWX	v1
491	MCRC0000491	1	AJEGKK	v1
492	MCRC0000492	1	E5KH6M	v1
493	MCRC0000493	1	RDLPEX	v1
494	MCRC0000494	1	B2XIP1	v1
495	MCRC0000495	1	JDCJPQ	v1
496	MCRC0000496	1	ASPKZM	v1
497	MCRC0000497	1	SU13A9	v1
498	MCRC0000498	1	ZLPDYS	v1
499	MCRC0000499	1	TEBE6R	v1
500	MCRC0000500	1	6I11E2	v1
501	MCRC0000501	1	P5MBC1	v1
502	MCRC0000502	1	UF0V5P	v1
503	MCRC0000503	1	C987BG	v1
504	MCRC0000504	1	XQZXBP	v1
505	MCRC0000505	1	4PCF7B	v1
506	MCRC0000506	1	KH3C4P	v1
507	MCRC0000507	1	DSTTJ1	v1
508	MCRC0000508	1	VXN10F	v1
509	MCRC0000509	1	S3IY93	v1
510	MCRC0000510	1	2Y6MT4	v1
511	MCRC0000511	1	JVTIJ8	v1
512	MCRC0000512	1	JUJELV	v1
513	MCRC0000513	1	KN3BTS	v1
514	MCRC0000514	1	YASS2P	v1
515	MCRC0000515	1	GXY8PE	v1
516	MCRC0000516	1	JE8QRW	v1
517	MCRC0000517	1	C7ZXQ9	v1
518	MCRC0000518	1	F9KQWQ	v1
519	MCRC0000519	1	TX75BE	v1
520	MCRC0000520	1	P8T09M	v1
521	MCRC0000521	1	ZCTQKC	v1
522	MCRC0000522	1	ME7810	v1
523	MCRC0000523	1	F7EK2S	v1
524	MCRC0000524	1	IAB17H	v1
525	MCRC0000525	1	43ZFZW	v1
526	MCRC0000526	1	078ME3	v1
527	MCRC0000527	1	IDR2KS	v1
528	MCRC0000528	1	2TQTA0	v1
529	MCRC0000529	1	PN9ZGD	v1
530	MCRC0000530	1	7JHIVF	v1
531	MCRC0000531	1	520H8N	v1
532	MCRC0000532	1	5FS51D	v1
533	MCRC0000533	1	YH2FXF	v1
534	MCRC0000534	1	WSYB18	v1
535	MCRC0000535	1	ZVZ3UM	v1
536	MCRC0000536	1	4E8727	v1
537	MCRC0000537	1	WL4CZ9	v1
538	MCRC0000538	1	42YT34	v1
539	MCRC0000539	1	41B56J	v1
540	MCRC0000540	1	NC9CHA	v1
541	MCRC0000541	1	ZWYQB9	v1
542	MCRC0000542	1	VKE4N1	v1
543	MCRC0000543	1	Z3F8SA	v1
544	MCRC0000544	1	27PMRW	v1
545	MCRC0000545	1	VFU4PV	v1
546	MCRC0000546	1	X6JKF8	v1
547	MCRC0000547	1	ATIGK6	v1
548	MCRC0000548	1	IU5FM8	v1
549	MCRC0000549	1	PK1BY5	v1
550	MCRC0000550	1	QYFJ4Z	v1
551	MCRC0000551	1	ZR5QAR	v1
552	MCRC0000552	1	SC6HVZ	v1
553	MCRC0000553	1	ZHBCGS	v1
554	MCRC0000554	1	L722A2	v1
555	MCRC0000555	1	81Y76J	v1
556	MCRC0000556	1	VA72SQ	v1
557	MCRC0000557	1	WVFQEC	v1
558	MCRC0000558	1	6PZ5SA	v1
559	MCRC0000559	1	N3LDBK	v1
560	MCRC0000560	1	2XJKTZ	v1
561	MCRC0000561	1	SS9T9X	v1
562	MCRC0000562	1	DT1AFM	v1
563	MCRC0000563	1	L9GAG4	v1
564	MCRC0000564	1	3ZU00V	v1
565	MCRC0000565	1	H4ZNB5	v1
566	MCRC0000566	1	ZCKJS5	v1
567	MCRC0000567	1	77PDC8	v1
568	MCRC0000568	1	8TKM86	v1
569	MCRC0000569	1	JXRGED	v1
570	MCRC0000570	1	0N40HS	v1
571	MCRC0000571	1	SFG0M6	v1
572	MCRC0000572	1	UBRVE6	v1
573	MCRC0000573	1	975H7X	v1
574	MCRC0000574	1	LT6815	v1
575	MCRC0000575	1	Z7Z6JS	v1
576	MCRC0000576	1	SBVPTF	v1
577	MCRC0000577	1	99Z0UH	v1
578	MCRC0000578	1	TZNUZ0	v1
579	MCRC0000579	1	P5BDN3	v1
580	MCRC0000580	1	L8W609	v1
581	MCRC0000581	1	CGD1IT	v1
582	MCRC0000582	1	Y0XPXA	v1
583	MCRC0000583	1	Y2R040	v1
584	MCRC0000584	1	QUD1CY	v1
585	MCRC0000585	1	909PCP	v1
586	MCRC0000586	1	I0GV5V	v1
587	MCRC0000587	1	BXZ83R	v1
588	MCRC0000588	1	85D9YG	v1
589	MCRC0000589	1	JS641L	v1
590	MCRC0000590	1	AZS6UI	v1
591	MCRC0000591	1	ICFGKN	v1
592	MCRC0000592	1	K0KEQM	v1
593	MCRC0000593	1	75E76Z	v1
594	MCRC0000594	1	MZC41R	v1
595	MCRC0000595	1	G17C1Y	v1
596	MCRC0000596	1	A3MRD7	v1
597	MCRC0000597	1	7QABD1	v1
598	MCRC0000598	1	KUTTNX	v1
599	MCRC0000599	1	5BD7T1	v1
600	MCRC0000600	1	WMEILN	v1
601	MCRC0000601	1	QVIJW9	v1
602	MCRC0000602	1	ZE4GQ5	v1
603	MCRC0000603	1	ILJ4PN	v1
604	MCRC0000604	1	6RF6D1	v1
605	MCRC0000605	1	K964CF	v1
606	MCRC0000606	1	GSUJUM	v1
607	MCRC0000607	1	9KRTMH	v1
608	MCRC0000608	1	8V3EY3	v1
609	MCRC0000609	1	679LUH	v1
610	MCRC0000610	1	88F73Y	v1
611	MCRC0000611	1	DK020E	v1
612	MCRC0000612	1	54K3NE	v1
613	MCRC0000613	1	W99NJ2	v1
614	MCRC0000614	1	1A50B9	v1
615	MCRC0000615	1	2VM8ZK	v1
616	MCRC0000616	1	3W8PZB	v1
617	MCRC0000617	1	FF7690	v1
618	MCRC0000618	1	BDJAWH	v1
619	MCRC0000619	1	HGQ3BN	v1
620	MCRC0000620	1	PDTN5P	v1
621	MCRC0000621	1	2NU3QC	v1
622	MCRC0000622	1	QTUL25	v1
623	MCRC0000623	1	C05X45	v1
624	MCRC0000624	1	NDEEGY	v1
625	MCRC0000625	1	XSMV9V	v1
626	MCRC0000626	1	QZS2QV	v1
627	MCRC0000627	1	I9FSKP	v1
628	MCRC0000628	1	IY8FLT	v1
629	MCRC0000629	1	5TNYQU	v1
630	MCRC0000630	1	URQDR6	v1
631	MCRC0000631	1	H5A6F0	v1
632	MCRC0000632	1	JXVC8I	v1
633	MCRC0000633	1	NHN78D	v1
634	MCRC0000634	1	AX1AT3	v1
635	MCRC0000635	1	G39S9A	v1
636	MCRC0000636	1	JV1EX3	v1
637	MCRC0000637	1	XL19J5	v1
638	MCRC0000638	1	0A8SBM	v1
639	MCRC0000639	1	ZMQ0LW	v1
640	MCRC0000640	1	SR4TK8	v1
641	MCRC0000641	1	396NXE	v1
642	MCRC0000642	1	E447KA	v1
643	MCRC0000643	1	1IZ6IX	v1
644	MCRC0000644	1	L6B9CT	v1
645	MCRC0000645	1	T9Z25Q	v1
646	MCRC0000646	1	4VL8FW	v1
647	MCRC0000647	1	6WRHWB	v1
648	MCRC0000648	1	PHK6H3	v1
649	MCRC0000649	1	QBUPDB	v1
650	MCRC0000650	1	HXBE9L	v1
651	MCRC0000651	1	ZXS9MD	v1
652	MCRC0000652	1	GULY4B	v1
653	MCRC0000653	1	11FM29	v1
654	MCRC0000654	1	EUAM9S	v1
655	MCRC0000655	1	0XDMRN	v1
656	MCRC0000656	1	LJFBCX	v1
657	MCRC0000657	1	48SZMZ	v1
658	MCRC0000658	1	TKC8VJ	v1
659	MCRC0000659	1	XGRXEL	v1
660	MCRC0000660	1	VLK72G	v1
661	MCRC0000661	1	Z7H575	v1
662	MCRC0000662	1	GQC1PY	v1
663	MCRC0000663	1	0JMUNF	v1
664	MCRC0000664	1	01KVM2	v1
665	MCRC0000665	1	TAAF92	v1
666	MCRC0000666	1	XWC20B	v1
667	MCRC0000667	1	AAD2J3	v1
668	MCRC0000668	1	VC3KML	v1
669	MCRC0000669	1	BFDPCH	v1
670	MCRC0000670	1	VUTREM	v1
671	MCRC0000671	1	F7GAXL	v1
672	MCRC0000672	1	0NWWKB	v1
673	MCRC0000673	1	3GU800	v1
674	MCRC0000674	1	S77P68	v1
675	MCRC0000675	1	CEKML8	v1
676	MCRC0000676	1	J19KC9	v1
677	MCRC0000677	1	6E8EVB	v1
678	MCRC0000678	1	IC76MD	v1
679	MCRC0000679	1	77V3T4	v1
680	MCRC0000680	1	6MSPAL	v1
681	MCRC0000681	1	PRXIEQ	v1
682	MCRC0000682	1	XF5HN1	v1
683	MCRC0000683	1	82UU3W	v1
684	MCRC0000684	1	JCDDY9	v1
685	MCRC0000685	1	LU54P6	v1
686	MCRC0000686	1	M820XM	v1
687	MCRC0000687	1	YGGMIC	v1
688	MCRC0000688	1	JCXC43	v1
689	MCRC0000689	1	62RIC8	v1
690	MCRC0000690	1	4H8H7H	v1
691	MCRC0000691	1	WH6FXM	v1
692	MCRC0000692	1	XDJCZ7	v1
693	MCRC0000693	1	Q1LJKH	v1
694	MCRC0000694	1	HX8IVS	v1
695	MCRC0000695	1	2BLXF2	v1
696	MCRC0000696	1	YM1JZZ	v1
697	MCRC0000697	1	18DY9J	v1
698	MCRC0000698	1	BKPUM9	v1
699	MCRC0000699	1	2SLZ5V	v1
700	MCRC0000700	1	XAICZN	v1
701	MCRC0000701	1	Z7XN1Z	v1
702	MCRC0000702	1	CIHWC0	v1
703	MCRC0000703	1	LXXUNR	v1
704	MCRC0000704	1	GIZGQ0	v1
705	MCRC0000705	1	DW6380	v1
706	MCRC0000706	1	0H6TVZ	v1
707	MCRC0000707	1	LX80UI	v1
708	MCRC0000708	1	0B9B04	v1
709	MCRC0000709	1	XJNL9X	v1
710	MCRC0000710	1	RHB99H	v1
711	MCRC0000711	1	7KAJE2	v1
712	MCRC0000712	1	HSBW5F	v1
713	MCRC0000713	1	WGHDIY	v1
714	MCRC0000714	1	IGCRDZ	v1
715	MCRC0000715	1	XYPUGA	v1
716	MCRC0000716	1	D5KXQJ	v1
717	MCRC0000717	1	NCW7VD	v1
718	MCRC0000718	1	4CIPQH	v1
719	MCRC0000719	1	B279NJ	v1
720	MCRC0000720	1	QIFKTD	v1
721	MCRC0000721	1	YQGHWX	v1
722	MCRC0000722	1	34PC6R	v1
723	MCRC0000723	1	YVX5MY	v1
724	MCRC0000724	1	5GVFKY	v1
725	MCRC0000725	1	FZTDBC	v1
726	MCRC0000726	1	XRIRMT	v1
727	MCRC0000727	1	D7S8RK	v1
728	MCRC0000728	1	JIL26L	v1
729	MCRC0000729	1	TG6T5V	v1
730	MCRC0000730	1	N8M0XZ	v1
731	MCRC0000731	1	A79GPI	v1
732	MCRC0000732	1	CLGL0W	v1
733	MCRC0000733	1	8GXFZ4	v1
734	MCRC0000734	1	DD6UF4	v1
735	MCRC0000735	1	0FVGY4	v1
736	MCRC0000736	1	EU9QFV	v1
737	MCRC0000737	1	JLJAJW	v1
738	MCRC0000738	1	BAUMMD	v1
739	MCRC0000739	1	JM9Q6R	v1
740	MCRC0000740	1	ZL1PZ8	v1
741	MCRC0000741	1	J8NDQR	v1
742	MCRC0000742	1	KBG6HM	v1
743	MCRC0000743	1	WPB6B8	v1
744	MCRC0000744	1	0LZ0QD	v1
745	MCRC0000745	1	M4U48L	v1
746	MCRC0000746	1	LTK3D5	v1
747	MCRC0000747	1	8128JT	v1
748	MCRC0000748	1	0WVYJX	v1
749	MCRC0000749	1	7RE6K6	v1
750	MCRC0000750	1	QR54ZC	v1
751	MCRC0000751	1	H4P2Z1	v1
752	MCRC0000752	1	EXCFPL	v1
753	MCRC0000753	1	ZS4GHH	v1
754	MCRC0000754	1	YDKZGY	v1
755	MCRC0000755	1	U37RX3	v1
756	MCRC0000756	1	PCCPGD	v1
757	MCRC0000757	1	06Y8YW	v1
758	MCRC0000758	1	5C3WSC	v1
759	MCRC0000759	1	THMYBT	v1
760	MCRC0000760	1	GFR2VJ	v1
761	MCRC0000761	1	21TWJZ	v1
762	MCRC0000762	1	XQLSAM	v1
763	MCRC0000763	1	G8JNG0	v1
764	MCRC0000764	1	VDT4V7	v1
765	MCRC0000765	1	ZCGTVF	v1
766	MCRC0000766	1	M3KAHE	v1
767	MCRC0000767	1	2FHJKW	v1
768	MCRC0000768	1	CCW1JB	v1
769	MCRC0000769	1	63T0L0	v1
770	MCRC0000770	1	764GU6	v1
771	MCRC0000771	1	VPWPBK	v1
772	MCRC0000772	1	VSQ43F	v1
773	MCRC0000773	1	B34Q50	v1
774	MCRC0000774	1	BZ2M77	v1
775	MCRC0000775	1	3MZ4IR	v1
776	MCRC0000776	1	ZC0YH7	v1
777	MCRC0000777	1	9SN09S	v1
778	MCRC0000778	1	TN3XBW	v1
779	MCRC0000779	1	0KALGZ	v1
780	MCRC0000780	1	URJ3C0	v1
781	MCRC0000781	1	MAM2NH	v1
782	MCRC0000782	1	MTSE6S	v1
783	MCRC0000783	1	2DG3HF	v1
784	MCRC0000784	1	BARNMD	v1
785	MCRC0000785	1	RMETYD	v1
786	MCRC0000786	1	K9N5XE	v1
787	MCRC0000787	1	GGJR9A	v1
788	MCRC0000788	1	EBWIQM	v1
789	MCRC0000789	1	LVHCCH	v1
790	MCRC0000790	1	YL96LQ	v1
791	MCRC0000791	1	ZWHVZF	v1
792	MCRC0000792	1	23SHM3	v1
793	MCRC0000793	1	IZILG0	v1
794	MCRC0000794	1	Y8KC9I	v1
795	MCRC0000795	1	NFBTTD	v1
796	MCRC0000796	1	KVBHRJ	v1
797	MCRC0000797	1	82B3ER	v1
798	MCRC0000798	1	XHHISC	v1
799	MCRC0000799	1	H4WWCL	v1
800	MCRC0000800	1	BH7K5D	v1
801	MCRC0000801	1	0THSPZ	v1
802	MCRC0000802	1	GE80WB	v1
803	MCRC0000803	1	AZ9H76	v1
804	MCRC0000804	1	WTNQXZ	v1
805	MCRC0000805	1	MLTW77	v1
806	MCRC0000806	1	246K7W	v1
807	MCRC0000807	1	QVSUHU	v1
808	MCRC0000808	1	UH5HB4	v1
809	MCRC0000809	1	J8V0MD	v1
810	MCRC0000810	1	30U5Y1	v1
811	MCRC0000811	1	DCC4FC	v1
812	MCRC0000812	1	R231QU	v1
813	MCRC0000813	1	0HLQLU	v1
814	MCRC0000814	1	WNSRPS	v1
815	MCRC0000815	1	SZC1HZ	v1
816	MCRC0000816	1	66EXT2	v1
817	MCRC0000817	1	9K4Q57	v1
818	MCRC0000818	1	CJNZN2	v1
819	MCRC0000819	1	URT97U	v1
820	MCRC0000820	1	70KMS5	v1
821	MCRC0000821	1	CDHL5E	v1
822	MCRC0000822	1	ZG784U	v1
823	MCRC0000823	1	RJLZBC	v1
824	MCRC0000824	1	AF2VM8	v1
825	MCRC0000825	1	EKICLG	v1
826	MCRC0000826	1	7H38E1	v1
827	MCRC0000827	1	FECY73	v1
828	MCRC0000828	1	MH44UX	v1
829	MCRC0000829	1	8I3ZQU	v1
830	MCRC0000830	1	QM24WE	v1
831	MCRC0000831	1	GLTYYJ	v1
832	MCRC0000832	1	35683L	v1
833	MCRC0000833	1	KC7NRZ	v1
834	MCRC0000834	1	SGKVY1	v1
835	MCRC0000835	1	LCPKD5	v1
836	MCRC0000836	1	F7JYU9	v1
837	MCRC0000837	1	2A8C76	v1
838	MCRC0000838	1	5U6IDA	v1
839	MCRC0000839	1	JB2Z93	v1
840	MCRC0000840	1	L2Z3IA	v1
841	MCRC0000841	1	GXU97A	v1
842	MCRC0000842	1	WL6VCZ	v1
843	MCRC0000843	1	GKFLVT	v1
844	MCRC0000844	1	74NFL0	v1
845	MCRC0000845	1	7RDNHA	v1
846	MCRC0000846	1	KX92BR	v1
847	MCRC0000847	1	SX127N	v1
848	MCRC0000848	1	5KH05J	v1
849	MCRC0000849	1	NLCYSR	v1
850	MCRC0000850	1	Y6J1T7	v1
851	MCRC0000851	1	S3SGIW	v1
852	MCRC0000852	1	VHR46V	v1
853	MCRC0000853	1	WEXCSY	v1
854	MCRC0000854	1	SS4XKV	v1
855	MCRC0000855	1	99FN3U	v1
856	MCRC0000856	1	LNX8JK	v1
857	MCRC0000857	1	H7J56Y	v1
858	MCRC0000858	1	EJUKJ3	v1
859	MCRC0000859	1	5B1KX3	v1
860	MCRC0000860	1	6DFRM1	v1
861	MCRC0000861	1	RS065S	v1
862	MCRC0000862	1	B3YC1L	v1
863	MCRC0000863	1	YNYK5X	v1
864	MCRC0000864	1	DPRZ5G	v1
865	MCRC0000865	1	B6VAAK	v1
866	MCRC0000866	1	HP077S	v1
867	MCRC0000867	1	B06Y67	v1
868	MCRC0000868	1	R4YHK3	v1
869	MCRC0000869	1	X129B6	v1
870	MCRC0000870	1	M40XKZ	v1
871	MCRC0000871	1	JKAYUQ	v1
872	MCRC0000872	1	9JY0Q5	v1
873	MCRC0000873	1	IKCLXJ	v1
874	MCRC0000874	1	IT3KGB	v1
875	MCRC0000875	1	V66Q42	v1
876	MCRC0000876	1	97YYBU	v1
877	MCRC0000877	1	T0X9SZ	v1
878	MCRC0000878	1	4HBD3Y	v1
879	MCRC0000879	1	ZXWC3L	v1
880	MCRC0000880	1	QGVXN6	v1
881	MCRC0000881	1	MB0G5A	v1
882	MCRC0000882	1	4LSNVI	v1
883	MCRC0000883	1	YDN0ZI	v1
884	MCRC0000884	1	CEWFHY	v1
885	MCRC0000885	1	TWTPWC	v1
886	MCRC0000886	1	4SMGF4	v1
887	MCRC0000887	1	TRCI93	v1
888	MCRC0000888	1	EBIR6E	v1
889	MCRC0000889	1	MEE0WV	v1
890	MCRC0000890	1	LJNEGC	v1
891	MCRC0000891	1	JB1M2X	v1
892	MCRC0000892	1	XAM0CC	v1
893	MCRC0000893	1	F3IVN4	v1
894	MCRC0000894	1	6C0V20	v1
895	MCRC0000895	1	GYI0UX	v1
896	MCRC0000896	1	36SRHE	v1
897	MCRC0000897	1	V6PB6F	v1
898	MCRC0000898	1	1DSL19	v1
899	MCRC0000899	1	7Q1Y1X	v1
900	MCRC0000900	1	UPJMVR	v1
901	MCRC0000901	1	44B88J	v1
902	MCRC0000902	1	D5LN2V	v1
903	MCRC0000903	1	LQAWVH	v1
904	MCRC0000904	1	7CCUAL	v1
905	MCRC0000905	1	RZ0ANE	v1
906	MCRC0000906	1	328U4X	v1
907	MCRC0000907	1	Z1PAKR	v1
908	MCRC0000908	1	IFSX7J	v1
909	MCRC0000909	1	L1P7DT	v1
910	MCRC0000910	1	Y6HY8M	v1
911	MCRC0000911	1	46B9P1	v1
912	MCRC0000912	1	BELD40	v1
913	MCRC0000913	1	T7GUBF	v1
914	MCRC0000914	1	M7WSFK	v1
915	MCRC0000915	1	N4AAWD	v1
916	MCRC0000916	1	02CLLD	v1
917	MCRC0000917	1	8B4T6A	v1
918	MCRC0000918	1	TR0IX6	v1
919	MCRC0000919	1	HWSUBB	v1
920	MCRC0000920	1	VWRHXH	v1
921	MCRC0000921	1	4IJSC3	v1
922	MCRC0000922	1	D7C56F	v1
923	MCRC0000923	1	X6ACPR	v1
924	MCRC0000924	1	E4VXFG	v1
925	MCRC0000925	1	U4AMCF	v1
926	MCRC0000926	1	HXQFHF	v1
927	MCRC0000927	1	XXMW2X	v1
928	MCRC0000928	1	SFFFYN	v1
929	MCRC0000929	1	57U13P	v1
930	MCRC0000930	1	2YEF6Q	v1
931	MCRC0000931	1	CWWHQT	v1
932	MCRC0000932	1	6G807Z	v1
933	MCRC0000933	1	JM5YKF	v1
934	MCRC0000934	1	SNLDY1	v1
935	MCRC0000935	1	V0JNTB	v1
936	MCRC0000936	1	HI1JJ1	v1
937	MCRC0000937	1	MRTYYM	v1
938	MCRC0000938	1	KMEY7Z	v1
939	MCRC0000939	1	I4C3YU	v1
940	MCRC0000940	1	MNB3MS	v1
941	MCRC0000941	1	KIYTI0	v1
942	MCRC0000942	1	QZJ1DF	v1
943	MCRC0000943	1	2BW9ZL	v1
944	MCRC0000944	1	XHKNRH	v1
945	MCRC0000945	1	RXB65I	v1
946	MCRC0000946	1	IU27TG	v1
947	MCRC0000947	1	0W3EY5	v1
948	MCRC0000948	1	9GQYDK	v1
949	MCRC0000949	1	Q5SAWK	v1
950	MCRC0000950	1	R0C6XF	v1
951	MCRC0000951	1	T9IRJR	v1
952	MCRC0000952	1	CN5YAU	v1
953	MCRC0000953	1	UDG85V	v1
954	MCRC0000954	1	1ZZWAH	v1
955	MCRC0000955	1	KAKVFV	v1
956	MCRC0000956	1	JVUSHZ	v1
957	MCRC0000957	1	ITDPJJ	v1
958	MCRC0000958	1	2JE7A8	v1
959	MCRC0000959	1	G9ZFEY	v1
960	MCRC0000960	1	FJ005A	v1
961	MCRC0000961	1	T7ZQKD	v1
962	MCRC0000962	1	KZ6L6U	v1
963	MCRC0000963	1	GBLMID	v1
964	MCRC0000964	1	FA1QY3	v1
965	MCRC0000965	1	BYQWPM	v1
966	MCRC0000966	1	XRYZS8	v1
967	MCRC0000967	1	9BNNUV	v1
968	MCRC0000968	1	6XET23	v1
969	MCRC0000969	1	AMGD0W	v1
970	MCRC0000970	1	XCGZV5	v1
971	MCRC0000971	1	QC0X6P	v1
972	MCRC0000972	1	BYRPX9	v1
973	MCRC0000973	1	XD5GT5	v1
974	MCRC0000974	1	NBGZJ8	v1
975	MCRC0000975	1	RC710F	v1
976	MCRC0000976	1	JW0Z0R	v1
977	MCRC0000977	1	UZ4VCU	v1
978	MCRC0000978	1	7LJJ5W	v1
979	MCRC0000979	1	IG2B8M	v1
980	MCRC0000980	1	XTQYX7	v1
981	MCRC0000981	1	D3EW08	v1
982	MCRC0000982	1	XVEIZJ	v1
983	MCRC0000983	1	A0PR4P	v1
984	MCRC0000984	1	3BJ94Y	v1
985	MCRC0000985	1	IXI5C9	v1
986	MCRC0000986	1	E2A9CG	v1
987	MCRC0000987	1	9XW555	v1
988	MCRC0000988	1	CGKSJK	v1
989	MCRC0000989	1	TA3TC0	v1
990	MCRC0000990	1	1PDL6Q	v1
991	MCRC0000991	1	85A9HR	v1
992	MCRC0000992	1	S2HBXX	v1
993	MCRC0000993	1	5XR2QL	v1
994	MCRC0000994	1	3ULLNK	v1
995	MCRC0000995	1	18HNN5	v1
996	MCRC0000996	1	24B67H	v1
997	MCRC0000997	1	MTMIE0	v1
998	MCRC0000998	1	35R8X7	v1
999	MCRC0000999	1	QTP7NY	v1
1000	MCRC0001000	1	1FJK4W	v1
1001	MCRC0001001	1	KY2F8R	v1
1002	MCRC0001002	1	ECA5QP	v1
1003	MCRC0001003	1	6HW4ZH	v1
1004	MCRC0001004	1	EI58UT	v1
1005	MCRC0001005	1	ZPL84Y	v1
1006	MCRC0001006	1	JSEFAF	v1
1007	MCRC0001007	1	RQA5YV	v1
1008	MCRC0001008	1	E4KK6C	v1
1009	MCRC0001009	1	BLF669	v1
1010	MCRC0001010	1	NWM2RA	v1
1011	MCRC0001011	1	YH3IES	v1
1012	MCRC0001012	1	CENP5E	v1
1013	MCRC0001013	1	DG1UJ9	v1
1014	MCRC0001014	1	YJFKWJ	v1
1015	MCRC0001015	1	88JIIE	v1
1016	MCRC0001016	1	560YLZ	v1
1017	MCRC0001017	1	PPD5XU	v1
1018	MCRC0001018	1	UJ4HFL	v1
1019	MCRC0001019	1	3NU6PN	v1
1020	MCRC0001020	1	I4K9HN	v1
1021	MCRC0001021	1	8B7CRH	v1
1022	MCRC0001022	1	PC0QCR	v1
1023	MCRC0001023	1	WH5HM1	v1
1024	MCRC0001024	1	71Y4VQ	v1
1025	MCRC0001025	1	03D4SR	v1
1026	MCRC0001026	1	W99PM9	v1
1027	MCRC0001027	1	0DHT86	v1
1028	MCRC0001028	1	JM8G8P	v1
1029	MCRC0001029	1	ID5WK8	v1
1030	MCRC0001030	1	PM8VIF	v1
1031	MCRC0001031	1	MHBUSD	v1
1032	MCRC0001032	1	F2UV5C	v1
1033	MCRC0001033	1	1SLZK7	v1
1034	MCRC0001034	1	LKDSJH	v1
1035	MCRC0001035	1	4G8A64	v1
1036	MCRC0001036	1	XX92VD	v1
1037	MCRC0001037	1	4MF6B0	v1
1038	MCRC0001038	1	BBNKZ0	v1
1039	MCRC0001039	1	MRQT6G	v1
1040	MCRC0001040	1	8G5U8H	v1
1041	MCRC0001041	1	43NXLR	v1
1042	MCRC0001042	1	T2K1F0	v1
1043	MCRC0001043	1	8FEEP3	v1
1044	MCRC0001044	1	SAP1LN	v1
1045	MCRC0001045	1	FLP8SK	v1
1046	MCRC0001046	1	644K24	v1
1047	MCRC0001047	1	NBHYM5	v1
1048	MCRC0001048	1	D8KB1A	v1
1049	MCRC0001049	1	L99IDZ	v1
1050	MCRC0001050	1	6WFCEE	v1
1051	MCRC0001051	1	B2X4B6	v1
1052	MCRC0001052	1	FHCTAS	v1
1053	MCRC0001053	1	XGT73D	v1
1054	MCRC0001054	1	BLL6DI	v1
1055	MCRC0001055	1	QW5499	v1
1056	MCRC0001056	1	RE8VJS	v1
1057	MCRC0001057	1	TDZQ6P	v1
1058	MCRC0001058	1	HNDNX4	v1
1059	MCRC0001059	1	IVXDDE	v1
1060	MCRC0001060	1	BYR9VU	v1
1061	MCRC0001061	1	D8HI9T	v1
1062	MCRC0001062	1	ZFEZKZ	v1
1063	MCRC0001063	1	WE3142	v1
1064	MCRC0001064	1	DBK17P	v1
1065	MCRC0001065	1	755UYU	v1
1066	MCRC0001066	1	PEUP6L	v1
1067	MCRC0001067	1	QNVE1Q	v1
1068	MCRC0001068	1	DTB2PW	v1
1069	MCRC0001069	1	NE59PW	v1
1070	MCRC0001070	1	F88JLZ	v1
1071	MCRC0001071	1	M6XNX9	v1
1072	MCRC0001072	1	N5J38T	v1
1073	MCRC0001073	1	99JVG4	v1
1074	MCRC0001074	1	TMII6V	v1
1075	MCRC0001075	1	KFKLLZ	v1
1076	MCRC0001076	1	3I3WG3	v1
1077	MCRC0001077	1	EXBU5T	v1
1078	MCRC0001078	1	WHFZP2	v1
1079	MCRC0001079	1	6VI440	v1
1080	MCRC0001080	1	2904W8	v1
1081	MCRC0001081	1	J9Y2YM	v1
1082	MCRC0001082	1	0FXD5U	v1
1083	MCRC0001083	1	ZQYG99	v1
1084	MCRC0001084	1	QPV8R9	v1
1085	MCRC0001085	1	D106W5	v1
1086	MCRC0001086	1	RXH7R8	v1
1087	MCRC0001087	1	17TVN7	v1
1088	MCRC0001088	1	5MAKHQ	v1
1089	MCRC0001089	1	RWVI8F	v1
1090	MCRC0001090	1	9MVR37	v1
1091	MCRC0001091	1	0UF9GI	v1
1092	MCRC0001092	1	UYDYX3	v1
1093	MCRC0001093	1	VCZPVH	v1
1094	MCRC0001094	1	RWNYMQ	v1
1095	MCRC0001095	1	AAXYK6	v1
1096	MCRC0001096	1	P54JGC	v1
1097	MCRC0001097	1	CW8PFY	v1
1098	MCRC0001098	1	EMJEFS	v1
1099	MCRC0001099	1	5F03JH	v1
1100	MCRC0001100	1	FNJ7LH	v1
1101	MCRC0001101	1	DWGL9H	v1
1102	MCRC0001102	1	5QU5B9	v1
1103	MCRC0001103	1	SENVDM	v1
1104	MCRC0001104	1	B8D3YN	v1
1105	MCRC0001105	1	I1QVVL	v1
1106	MCRC0001106	1	MGP387	v1
1107	MCRC0001107	1	IQ1K77	v1
1108	MCRC0001108	1	964L99	v1
1109	MCRC0001109	1	TMRG1W	v1
1110	MCRC0001110	1	YHHVX7	v1
1111	MCRC0001111	1	MAV18E	v1
1112	MCRC0001112	1	AY62NY	v1
1113	MCRC0001113	1	HQ781M	v1
1114	MCRC0001114	1	MQADLQ	v1
1115	MCRC0001115	1	QS0SY1	v1
1116	MCRC0001116	1	2H6RIM	v1
1117	MCRC0001117	1	PYT8XT	v1
1118	MCRC0001118	1	HTD8BK	v1
1119	MCRC0001119	1	YY7XIZ	v1
1120	MCRC0001120	1	NGKHI9	v1
1121	MCRC0001121	1	NZXZ7C	v1
1122	MCRC0001122	1	RZM2LL	v1
1123	MCRC0001123	1	5KXY5C	v1
1124	MCRC0001124	1	R29BHT	v1
1125	MCRC0001125	1	DHMAP3	v1
1126	MCRC0001126	1	WRIH7B	v1
1127	MCRC0001127	1	A6LV99	v1
1128	MCRC0001128	1	U02UU0	v1
1129	MCRC0001129	1	PK15MF	v1
1130	MCRC0001130	1	R4AR0Z	v1
1131	MCRC0001131	1	PSW7GT	v1
1132	MCRC0001132	1	BMGSLP	v1
1133	MCRC0001133	1	3Z50B8	v1
1134	MCRC0001134	1	ZAWCTS	v1
1135	MCRC0001135	1	JKPC7X	v1
1136	MCRC0001136	1	83FW60	v1
1137	MCRC0001137	1	A6I2LS	v1
1138	MCRC0001138	1	Z03GFB	v1
1139	MCRC0001139	1	VALASR	v1
1140	MCRC0001140	1	0B08EQ	v1
1141	MCRC0001141	1	FSXNMR	v1
1142	MCRC0001142	1	2Z92TY	v1
1143	MCRC0001143	1	4296KJ	v1
1144	MCRC0001144	1	LHEBV1	v1
1145	MCRC0001145	1	KJBGE8	v1
1146	MCRC0001146	1	R2HFWG	v1
1147	MCRC0001147	1	EZK5Q6	v1
1148	MCRC0001148	1	JCXMVY	v1
1149	MCRC0001149	1	JW7KMZ	v1
1150	MCRC0001150	1	PSDEIC	v1
1151	MCRC0001151	1	39D8J9	v1
1152	MCRC0001152	1	1Q65AC	v1
1153	MCRC0001153	1	H9UJBZ	v1
1154	MCRC0001154	1	NH0CXP	v1
1155	MCRC0001155	1	E4UFE5	v1
1156	MCRC0001156	1	7DRKS6	v1
1157	MCRC0001157	1	68DVAY	v1
1158	MCRC0001158	1	TWDDPS	v1
1159	MCRC0001159	1	LNTQB0	v1
1160	MCRC0001160	1	UHLP71	v1
1161	MCRC0001161	1	FIA88T	v1
1162	MCRC0001162	1	WZ20D6	v1
1163	MCRC0001163	1	W4IUZA	v1
1164	MCRC0001164	1	EQJJP6	v1
1165	MCRC0001165	1	26PL32	v1
1166	MCRC0001166	1	SNBD6X	v1
1167	MCRC0001167	1	16QKWZ	v1
1168	MCRC0001168	1	9J4X82	v1
1169	MCRC0001169	1	MJMMFW	v1
1170	MCRC0001170	1	ELJFV7	v1
1171	MCRC0001171	1	TP56IT	v1
1172	MCRC0001172	1	P9JETG	v1
1173	MCRC0001173	1	ZYZMGU	v1
1174	MCRC0001174	1	JC6KC4	v1
1175	MCRC0001175	1	PT46VS	v1
1176	MCRC0001176	1	TQSDS1	v1
1177	MCRC0001177	1	2TUDQG	v1
1178	MCRC0001178	1	7GZJTC	v1
1179	MCRC0001179	1	5HG8Z8	v1
1180	MCRC0001180	1	4SDE7U	v1
1181	MCRC0001181	1	R98FQD	v1
1182	MCRC0001182	1	VKT9NC	v1
1183	MCRC0001183	1	VA3T1Y	v1
1184	MCRC0001184	1	2EV8FQ	v1
1185	MCRC0001185	1	1GJZQE	v1
1186	MCRC0001186	1	I04HKG	v1
1187	MCRC0001187	1	NPYIP4	v1
1188	MCRC0001188	1	09WILH	v1
1189	MCRC0001189	1	13XW0R	v1
1190	MCRC0001190	1	BUGNHB	v1
1191	MCRC0001191	1	NFGG5I	v1
1192	MCRC0001192	1	DH3TQC	v1
1193	MCRC0001193	1	EK7X87	v1
1194	MCRC0001194	1	16CFLL	v1
1195	MCRC0001195	1	M1DL0G	v1
1196	MCRC0001196	1	4C4A1I	v1
1197	MCRC0001197	1	PZPWDT	v1
1198	MCRC0001198	1	8HB09M	v1
1199	MCRC0001199	1	R7PKY1	v1
1200	MCRC0001200	1	5EBSB2	v1
1201	MCRC0001201	1	K3DVXV	v1
1202	MCRC0001202	1	578EJK	v1
1203	MCRC0001203	1	05IV3S	v1
1204	MCRC0001204	1	INY21D	v1
1205	MCRC0001205	1	BG6TQN	v1
1206	MCRC0001206	1	7V7ZYD	v1
1207	MCRC0001207	1	KVUSZJ	v1
1208	MCRC0001208	1	1M9FYP	v1
1209	MCRC0001209	1	2GV3LK	v1
1210	MCRC0001210	1	M1LR56	v1
1211	MCRC0001211	1	GGCSAU	v1
1212	MCRC0001212	1	X3H0BE	v1
1213	MCRC0001213	1	RT6GWE	v1
1214	MCRC0001214	1	10L4FB	v1
1215	MCRC0001215	1	8D8GUI	v1
1216	MCRC0001216	1	WL66TT	v1
1217	MCRC0001217	1	PQWYUG	v1
1218	MCRC0001218	1	2FXBEL	v1
1219	MCRC0001219	1	RL5GUY	v1
1220	MCRC0001220	1	FG9LGD	v1
1221	MCRC0001221	1	FCVXGD	v1
1222	MCRC0001222	1	6EH4TZ	v1
1223	MCRC0001223	1	CFS7BA	v1
1224	MCRC0001224	1	V3ZKTP	v1
1225	MCRC0001225	1	9R3CBU	v1
1226	MCRC0001226	1	DBTA0A	v1
1227	MCRC0001227	1	INU9CY	v1
1228	MCRC0001228	1	J8X241	v1
1229	MCRC0001229	1	2AF7Y4	v1
1230	MCRC0001230	1	XAFK1J	v1
1231	MCRC0001231	1	KE7YKS	v1
1232	MCRC0001232	1	K01QPC	v1
1233	MCRC0001233	1	FBAKG9	v1
1234	MCRC0001234	1	XRTWR7	v1
1235	MCRC0001235	1	E922QL	v1
1236	MCRC0001236	1	SILNSV	v1
1237	MCRC0001237	1	E7TYBQ	v1
1238	MCRC0001238	1	FT9I6N	v1
1239	MCRC0001239	1	UBGP0R	v1
1240	MCRC0001240	1	P6DX4D	v1
1241	MCRC0001241	1	79VUQ6	v1
1242	MCRC0001242	1	QL7VTD	v1
1243	MCRC0001243	1	01MLCF	v1
1244	MCRC0001244	1	WRS1NE	v1
1245	MCRC0001245	1	3THS0B	v1
1246	MCRC0001246	1	XL57ML	v1
1247	MCRC0001247	1	HQS5A4	v1
1248	MCRC0001248	1	82QSWU	v1
1249	MCRC0001249	1	7XUR3X	v1
1250	MCRC0001250	1	NY1YWB	v1
1251	MCRC0001251	1	DDT67N	v1
1252	MCRC0001252	1	2ISPV1	v1
1253	MCRC0001253	1	GM67RD	v1
1254	MCRC0001254	1	A6BXFF	v1
1255	MCRC0001255	1	XFI3R3	v1
1256	MCRC0001256	1	PVZU3K	v1
1257	MCRC0001257	1	73YW89	v1
1258	MCRC0001258	1	IZ7MD5	v1
1259	MCRC0001259	1	5SX0AR	v1
1260	MCRC0001260	1	J5A5U8	v1
1261	MCRC0001261	1	71XQEK	v1
1262	MCRC0001262	1	ETBWFC	v1
1263	MCRC0001263	1	54XH7V	v1
1264	MCRC0001264	1	RYDP71	v1
1265	MCRC0001265	1	WBGMD8	v1
1266	MCRC0001266	1	1AC26D	v1
1267	MCRC0001267	1	5A1Q1R	v1
1268	MCRC0001268	1	ME0LCF	v1
1269	MCRC0001269	1	JSQHWQ	v1
1270	MCRC0001270	1	IFG1DF	v1
1271	MCRC0001271	1	QDXTLS	v1
1272	MCRC0001272	1	5APP03	v1
1273	MCRC0001273	1	BTGVAD	v1
1274	MCRC0001274	1	3BPESA	v1
1275	MCRC0001275	1	UMPEM9	v1
1276	MCRC0001276	1	M2D0AC	v1
1277	MCRC0001277	1	ZM1C6J	v1
1278	MCRC0001278	1	046N0F	v1
1279	MCRC0001279	1	7JJY3Y	v1
1280	MCRC0001280	1	RL61VK	v1
1281	MCRC0001281	1	8EY559	v1
1282	MCRC0001282	1	IZHDSD	v1
1283	MCRC0001283	1	8FL3LG	v1
1284	MCRC0001284	1	ET502X	v1
1285	MCRC0001285	1	BCQ3PT	v1
1286	MCRC0001286	1	9IU55D	v1
1287	MCRC0001287	1	0L28PE	v1
1288	MCRC0001288	1	E91847	v1
1289	MCRC0001289	1	UY7I01	v1
1290	MCRC0001290	1	4PZZ1M	v1
1291	MCRC0001291	1	8VRGJ0	v1
1292	MCRC0001292	1	J6EIDW	v1
1293	MCRC0001293	1	6KR0YS	v1
1294	MCRC0001294	1	DW2FGQ	v1
1295	MCRC0001295	1	36ZL62	v1
1296	MCRC0001296	1	32CCMU	v1
1297	MCRC0001297	1	50WRZZ	v1
1298	MCRC0001298	1	84BIAV	v1
1299	MCRC0001299	1	EAL0XH	v1
1300	MCRC0001300	1	MVCPIP	v1
1301	MCRC0001301	1	40QR8A	v1
1302	MCRC0001302	1	TYYPRS	v1
1303	MCRC0001303	1	M2FWJM	v1
1304	MCRC0001304	1	2E3IY9	v1
1305	MCRC0001305	1	10X3FE	v1
1306	MCRC0001306	1	SWVSS9	v1
1307	MCRC0001307	1	XLIM6R	v1
1308	MCRC0001308	1	CKGLT8	v1
1309	MCRC0001309	1	NHZZ4L	v1
1310	MCRC0001310	1	BRTMN7	v1
1311	MCRC0001311	1	AESWZ6	v1
1312	MCRC0001312	1	2AMLVR	v1
1313	MCRC0001313	1	3NTGRF	v1
1314	MCRC0001314	1	HVYRK8	v1
1315	MCRC0001315	1	4X01FG	v1
1316	MCRC0001316	1	2455XG	v1
1317	MCRC0001317	1	2U7X57	v1
1318	MCRC0001318	1	HVR65U	v1
1319	MCRC0001319	1	NX2IES	v1
1320	MCRC0001320	1	V9GJC9	v1
1321	MCRC0001321	1	0RF81F	v1
1322	MCRC0001322	1	EAFEHN	v1
1323	MCRC0001323	1	7G0LZQ	v1
1324	MCRC0001324	1	T8K4R3	v1
1325	MCRC0001325	1	AATKGQ	v1
1326	MCRC0001326	1	P3ZMWM	v1
1327	MCRC0001327	1	5W1Q2F	v1
1328	MCRC0001328	1	8DJN7S	v1
1329	MCRC0001329	1	RGA0IV	v1
1330	MCRC0001330	1	WC5I3S	v1
1331	MCRC0001331	1	UR42SS	v1
1332	MCRC0001332	1	Z1CGII	v1
1333	MCRC0001333	1	3FCWAW	v1
1334	MCRC0001334	1	XKAGJZ	v1
1335	MCRC0001335	1	3TCA7T	v1
1336	MCRC0001336	1	2YARTS	v1
1337	MCRC0001337	1	VUI3S6	v1
1338	MCRC0001338	1	7K57SJ	v1
1339	MCRC0001339	1	B1DL6S	v1
1340	MCRC0001340	1	MHTXDG	v1
1341	MCRC0001341	1	IN4EYX	v1
1342	MCRC0001342	1	T4R9AV	v1
1343	MCRC0001343	1	ZWG1YD	v1
1344	MCRC0001344	1	2QJDT6	v1
1345	MCRC0001345	1	V9IHT4	v1
1346	MCRC0001346	1	RJUGUL	v1
1347	MCRC0001347	1	A575X9	v1
1348	MCRC0001348	1	XDP55Q	v1
1349	MCRC0001349	1	XY839K	v1
1350	MCRC0001350	1	4V6IA5	v1
1351	MCRC0001351	1	IBNKP0	v1
1352	MCRC0001352	1	P4KXDL	v1
1353	MCRC0001353	1	JXL9K2	v1
1354	MCRC0001354	1	SGD2HX	v1
1355	MCRC0001355	1	GS0XQF	v1
1356	MCRC0001356	1	AGQ6CK	v1
1357	MCRC0001357	1	MPGFQQ	v1
1358	MCRC0001358	1	IMX2Y6	v1
1359	MCRC0001359	1	4RX55F	v1
1360	MCRC0001360	1	HICYAP	v1
1361	MCRC0001361	1	NUTZGF	v1
1362	MCRC0001362	1	8UCWJV	v1
1363	MCRC0001363	1	DDXKKH	v1
1364	MCRC0001364	1	1R46I7	v1
1365	MCRC0001365	1	X4Z7C1	v1
1366	MCRC0001366	1	C3G1DG	v1
1367	MCRC0001367	1	8GS2PS	v1
1368	MCRC0001368	1	6U3FHX	v1
1369	MCRC0001369	1	Y397IW	v1
1370	MCRC0001370	1	R685ZV	v1
1371	MCRC0001371	1	E9V4UA	v1
1372	MCRC0001372	1	AERYVF	v1
1373	MCRC0001373	1	KE56CH	v1
1374	MCRC0001374	1	0IVFE8	v1
1375	MCRC0001375	1	301RL2	v1
1376	MCRC0001376	1	YMJ6M1	v1
1377	MCRC0001377	1	JJSKB3	v1
1378	MCRC0001378	1	T5QB7M	v1
1379	MCRC0001379	1	05UHD6	v1
1380	MCRC0001380	1	Q37G0Y	v1
1381	MCRC0001381	1	YWP502	v1
1382	MCRC0001382	1	2Q30FF	v1
1383	MCRC0001383	1	NX8C5T	v1
1384	MCRC0001384	1	KJE4JD	v1
1385	MCRC0001385	1	HDN96M	v1
1386	MCRC0001386	1	IIM0H0	v1
1387	MCRC0001387	1	KZG8FV	v1
1388	MCRC0001388	1	N8118F	v1
1389	MCRC0001389	1	50A6RQ	v1
1390	MCRC0001390	1	7VWNUN	v1
1391	MCRC0001391	1	XYYZ7I	v1
1392	MCRC0001392	1	I3XHBC	v1
1393	MCRC0001393	1	U5BRD5	v1
1394	MCRC0001394	1	G946SW	v1
1395	MCRC0001395	1	IN6UND	v1
1396	MCRC0001396	1	JKY59M	v1
1397	MCRC0001397	1	F39EW6	v1
1398	MCRC0001398	1	NTVPTI	v1
1399	MCRC0001399	1	23M3JL	v1
1400	MCRC0001400	1	758BYI	v1
1401	MCRC0001401	1	M104GZ	v1
1402	MCRC0001402	1	TYRKP3	v1
1403	MCRC0001403	1	296BTL	v1
1404	MCRC0001404	1	SX52M9	v1
1405	MCRC0001405	1	YS2XGJ	v1
1406	MCRC0001406	1	REDZVW	v1
1407	MCRC0001407	1	34PCJT	v1
1408	MCRC0001408	1	MWNR21	v1
1409	MCRC0001409	1	GPSTBK	v1
1410	MCRC0001410	1	DTZZF3	v1
1411	MCRC0001411	1	HC66S0	v1
1412	MCRC0001412	1	JSR45Y	v1
1413	MCRC0001413	1	G3Y0MV	v1
1414	MCRC0001414	1	FWH339	v1
1415	MCRC0001415	1	H2UMSY	v1
1416	MCRC0001416	1	SN2SQ3	v1
1417	MCRC0001417	1	DIGVQZ	v1
1418	MCRC0001418	1	WKMC8J	v1
1419	MCRC0001419	1	Q0BASB	v1
1420	MCRC0001420	1	PYQ58P	v1
1421	MCRC0001421	1	51XCIM	v1
1422	MCRC0001422	1	RCLW3N	v1
1423	MCRC0001423	1	KF0U93	v1
1424	MCRC0001424	1	53U125	v1
1425	MCRC0001425	1	V40I0D	v1
1426	MCRC0001426	1	1L693E	v1
1427	MCRC0001427	1	7SHEEH	v1
1428	MCRC0001428	1	RP09XK	v1
1429	MCRC0001429	1	K67ARD	v1
1430	MCRC0001430	1	2BJJ3L	v1
1431	MCRC0001431	1	KGDRZF	v1
1432	MCRC0001432	1	TLVLEH	v1
1433	MCRC0001433	1	J3A7FK	v1
1434	MCRC0001434	1	MGZF91	v1
1435	MCRC0001435	1	NYPJQV	v1
1436	MCRC0001436	1	XXRGKF	v1
1437	MCRC0001437	1	8H5UP8	v1
1438	MCRC0001438	1	EEBBDU	v1
1439	MCRC0001439	1	Y6D9YE	v1
1440	MCRC0001440	1	LB1NX1	v1
1441	MCRC0001441	1	5L1C3I	v1
1442	MCRC0001442	1	G84CCV	v1
1443	MCRC0001443	1	KPIFX4	v1
1444	MCRC0001444	1	4DSXA0	v1
1445	MCRC0001445	1	708VTE	v1
1446	MCRC0001446	1	RFPDKL	v1
1447	MCRC0001447	1	X6V9H2	v1
1448	MCRC0001448	1	7MSQG7	v1
1449	MCRC0001449	1	NV7BGS	v1
1450	MCRC0001450	1	6I3T2V	v1
1451	MCRC0001451	1	8AXHL5	v1
1452	MCRC0001452	1	R209TG	v1
1453	MCRC0001453	1	9AEHYN	v1
1454	MCRC0001454	1	FJJVXH	v1
1455	MCRC0001455	1	KQSR3A	v1
1456	MCRC0001456	1	XNAL3U	v1
1457	MCRC0001457	1	BB0I37	v1
1458	MCRC0001458	1	11835T	v1
1459	MCRC0001459	1	4FLPKK	v1
1460	MCRC0001460	1	Y5V1W9	v1
1461	MCRC0001461	1	Q4SLDK	v1
1462	MCRC0001462	1	PWLT9Z	v1
1463	MCRC0001463	1	FMF5AT	v1
1464	MCRC0001464	1	38W1EJ	v1
1465	MCRC0001465	1	F33F24	v1
1466	MCRC0001466	1	7EI4J8	v1
1467	MCRC0001467	1	44BQ5F	v1
1468	MCRC0001468	1	ADR7E4	v1
1469	MCRC0001469	1	57P2WE	v1
1470	MCRC0001470	1	NFURZY	v1
1471	MCRC0001471	1	6TAH4F	v1
1472	MCRC0001472	1	DQURJ5	v1
1473	MCRC0001473	1	ARJ51H	v1
1474	MCRC0001474	1	F8IA0V	v1
1475	MCRC0001475	1	CAKGHD	v1
1476	MCRC0001476	1	SWTR9I	v1
1477	MCRC0001477	1	UI24Z1	v1
1478	MCRC0001478	1	HC3IKZ	v1
1479	MCRC0001479	1	PY57U8	v1
1480	MCRC0001480	1	U8Y9P7	v1
1481	MCRC0001481	1	KKV1M3	v1
1482	MCRC0001482	1	VFBS4W	v1
1483	MCRC0001483	1	6N6F4K	v1
1484	MCRC0001484	1	S5VJ2X	v1
1485	MCRC0001485	1	88C59Z	v1
1486	MCRC0001486	1	X53EFI	v1
1487	MCRC0001487	1	JJAPCQ	v1
1488	MCRC0001488	1	MEY0SJ	v1
1489	MCRC0001489	1	TEDEW3	v1
1490	MCRC0001490	1	ADG7C5	v1
1491	MCRC0001491	1	VQMYVL	v1
1492	MCRC0001492	1	BD12R4	v1
1493	MCRC0001493	1	FAWNZM	v1
1494	MCRC0001494	1	AUXWPU	v1
1495	MCRC0001495	1	F8YUEW	v1
1496	MCRC0001496	1	H5RGSL	v1
1497	MCRC0001497	1	NRKSFA	v1
1498	MCRC0001498	1	AM9YXQ	v1
1499	MCRC0001499	1	Z1H7PY	v1
1500	MCRC0001500	1	NMI85B	v1
1501	MCRC0001501	1	U0IYTZ	v1
1502	MCRC0001502	1	8TU7T7	v1
1503	MCRC0001503	1	4CLGTN	v1
1504	MCRC0001504	1	2NEFPA	v1
1505	MCRC0001505	1	EWT4B8	v1
1506	MCRC0001506	1	QFKSRQ	v1
1507	MCRC0001507	1	R3TGS9	v1
1508	MCRC0001508	1	3EX0UN	v1
1509	MCRC0001509	1	DJGYWQ	v1
1510	MCRC0001510	1	77QKT3	v1
1511	MCRC0001511	1	UB3DZX	v1
1512	MCRC0001512	1	I5NSK4	v1
1513	MCRC0001513	1	YKV0KJ	v1
1514	MCRC0001514	1	P9NZ7C	v1
1515	MCRC0001515	1	5QYINM	v1
1516	MCRC0001516	1	CQ11SY	v1
1517	MCRC0001517	1	R88FMV	v1
1518	MCRC0001518	1	E3D5TZ	v1
1519	MCRC0001519	1	YG91PG	v1
1520	MCRC0001520	1	XL7G76	v1
1521	MCRC0001521	1	K5C420	v1
1522	MCRC0001522	1	M9LYYU	v1
1523	MCRC0001523	1	Z9K4N9	v1
1524	MCRC0001524	1	K1ITEG	v1
1525	MCRC0001525	1	7QUK5E	v1
1526	MCRC0001526	1	147WRK	v1
1527	MCRC0001527	1	UP09M2	v1
1528	MCRC0001528	1	PUVICV	v1
1529	MCRC0001529	1	2A5ANE	v1
1530	MCRC0001530	1	M1RNSI	v1
1531	MCRC0001531	1	LES3GW	v1
1532	MCRC0001532	1	LLTNWJ	v1
1533	MCRC0001533	1	TR8F7D	v1
1534	MCRC0001534	1	C0RNBJ	v1
1535	MCRC0001535	1	ZIDNMT	v1
1536	MCRC0001536	1	E9XHXP	v1
1537	MCRC0001537	1	UWS20K	v1
1538	MCRC0001538	1	6I6EYT	v1
1539	MCRC0001539	1	FVUDV7	v1
1540	MCRC0001540	1	SXRTCE	v1
1541	MCRC0001541	1	192223	v1
1542	MCRC0001542	1	VSGZ06	v1
1543	MCRC0001543	1	YXQU7M	v1
1544	MCRC0001544	1	U5YPPH	v1
1545	MCRC0001545	1	EXW2UP	v1
1546	MCRC0001546	1	QXEQT9	v1
1547	MCRC0001547	1	3YGL23	v1
1548	MCRC0001548	1	CW0ER3	v1
1549	MCRC0001549	1	1CIQE5	v1
1550	MCRC0001550	1	MH59PG	v1
1551	MCRC0001551	1	ZHFXMB	v1
1552	MCRC0001552	1	CRRMJR	v1
1553	MCRC0001553	1	8XYQTG	v1
1554	MCRC0001554	1	C67VH6	v1
1555	MCRC0001555	1	IGFUAR	v1
1556	MCRC0001556	1	EKGEUG	v1
1557	MCRC0001557	1	IMJZFB	v1
1558	MCRC0001558	1	6687MB	v1
1559	MCRC0001559	1	9ESPCT	v1
1560	MCRC0001560	1	ET8NY4	v1
1561	MCRC0001561	1	ZW8JC6	v1
1562	MCRC0001562	1	44I100	v1
1563	MCRC0001563	1	9RUATS	v1
1564	MCRC0001564	1	8KYLXP	v1
1565	MCRC0001565	1	8IT2HZ	v1
1566	MCRC0001566	1	BTI908	v1
1567	MCRC0001567	1	NN48TZ	v1
1568	MCRC0001568	1	0EDBZY	v1
1569	MCRC0001569	1	72DR6J	v1
1570	MCRC0001570	1	NBMNTZ	v1
1571	MCRC0001571	1	Q6ETZ9	v1
1572	MCRC0001572	1	9DV0JZ	v1
1573	MCRC0001573	1	6PW199	v1
1574	MCRC0001574	1	2I2GQX	v1
1575	MCRC0001575	1	GPXA0U	v1
1576	MCRC0001576	1	QN5IJ3	v1
1577	MCRC0001577	1	1ZAXDC	v1
1578	MCRC0001578	1	6AN4ZH	v1
1579	MCRC0001579	1	N63B2A	v1
1580	MCRC0001580	1	G1ZQEG	v1
1581	MCRC0001581	1	W31HNH	v1
1582	MCRC0001582	1	HK27SG	v1
1583	MCRC0001583	1	E5AIDV	v1
1584	MCRC0001584	1	EWXZ5K	v1
1585	MCRC0001585	1	APZSUE	v1
1586	MCRC0001586	1	QIDYHI	v1
1587	MCRC0001587	1	WZWFX1	v1
1588	MCRC0001588	1	N2F06I	v1
1589	MCRC0001589	1	X0AGWW	v1
1590	MCRC0001590	1	AR7MZN	v1
1591	MCRC0001591	1	PM6H6E	v1
1592	MCRC0001592	1	W95V64	v1
1593	MCRC0001593	1	SG1ZKZ	v1
1594	MCRC0001594	1	9U0V0Y	v1
1595	MCRC0001595	1	FST9XW	v1
1596	MCRC0001596	1	LJ4Y8L	v1
1597	MCRC0001597	1	33MKI2	v1
1598	MCRC0001598	1	45BBRP	v1
1599	MCRC0001599	1	6P4WTN	v1
1600	MCRC0001600	1	LMYRRI	v1
1601	MCRC0001601	1	Q5K201	v1
1602	MCRC0001602	1	LJ5XAH	v1
1603	MCRC0001603	1	CYGZKW	v1
1604	MCRC0001604	1	I9AR4R	v1
1605	MCRC0001605	1	AVATQY	v1
1606	MCRC0001606	1	X8D65R	v1
1607	MCRC0001607	1	48QBZQ	v1
1608	MCRC0001608	1	M0B9C3	v1
1609	MCRC0001609	1	G4LHX4	v1
1610	MCRC0001610	1	AGL8DP	v1
1611	MCRC0001611	1	WXHVE7	v1
1612	MCRC0001612	1	LM9VVH	v1
1613	MCRC0001613	1	CAS6QU	v1
1614	MCRC0001614	1	JSS12E	v1
1615	MCRC0001615	1	MX4714	v1
1616	MCRC0001616	1	IHGB7V	v1
1617	MCRC0001617	1	QXJ2US	v1
1618	MCRC0001618	1	PZ020H	v1
1619	MCRC0001619	1	ME1SB9	v1
1620	MCRC0001620	1	30UJEA	v1
1621	MCRC0001621	1	GER0QY	v1
1622	MCRC0001622	1	RQ4GE7	v1
1623	MCRC0001623	1	J7LCDI	v1
1624	MCRC0001624	1	JXA3Q9	v1
1625	MCRC0001625	1	E4P7ZY	v1
1626	MCRC0001626	1	24PLHN	v1
1627	MCRC0001627	1	JEI7TG	v1
1628	MCRC0001628	1	GW0MIG	v1
1629	MCRC0001629	1	0W0591	v1
1630	MCRC0001630	1	BSH7UL	v1
1631	MCRC0001631	1	3DPU3E	v1
1632	MCRC0001632	1	280G26	v1
1633	MCRC0001633	1	S6U5DA	v1
1634	MCRC0001634	1	NBPUW3	v1
1635	MCRC0001635	1	AR3KYG	v1
1636	MCRC0001636	1	TL42SG	v1
1637	MCRC0001637	1	L33RZB	v1
1638	MCRC0001638	1	CA650S	v1
1639	MCRC0001639	1	AXR2Y8	v1
1640	MCRC0001640	1	6XL4MT	v1
1641	MCRC0001641	1	6XQV39	v1
1642	MCRC0001642	1	PFWBKN	v1
1643	MCRC0001643	1	V0HQS4	v1
1644	MCRC0001644	1	1R1H1Y	v1
1645	MCRC0001645	1	PJJTQL	v1
1646	MCRC0001646	1	4C6KUZ	v1
1647	MCRC0001647	1	WPE4WL	v1
1648	MCRC0001648	1	M5USXU	v1
1649	MCRC0001649	1	VTPRXU	v1
1650	MCRC0001650	1	ENX42H	v1
1651	MCRC0001651	1	H5UC2X	v1
1652	MCRC0001652	1	7WT917	v1
1653	MCRC0001653	1	SG2KRM	v1
1654	MCRC0001654	1	453YQ6	v1
1655	MCRC0001655	1	PGT93L	v1
1656	MCRC0001656	1	U0D5DB	v1
1657	MCRC0001657	1	7YZYNP	v1
1658	MCRC0001658	1	WC5RVR	v1
1659	MCRC0001659	1	50MGIL	v1
1660	MCRC0001660	1	C0NVGV	v1
1661	MCRC0001661	1	Q5S3SF	v1
1662	MCRC0001662	1	7L5XE1	v1
1663	MCRC0001663	1	EIAGTU	v1
1664	MCRC0001664	1	I359P6	v1
1665	MCRC0001665	1	RCW48F	v1
1666	MCRC0001666	1	JS72ZX	v1
1667	MCRC0001667	1	RFVA7D	v1
1668	MCRC0001668	1	ZBH28W	v1
1669	MCRC0001669	1	GP5FNS	v1
1670	MCRC0001670	1	YQVVE3	v1
1671	MCRC0001671	1	2G177Q	v1
1672	MCRC0001672	1	QP6ZTC	v1
1673	MCRC0001673	1	UR86EK	v1
1674	MCRC0001674	1	CFAZLI	v1
1675	MCRC0001675	1	5J1BXJ	v1
1676	MCRC0001676	1	0UFL0X	v1
1677	MCRC0001677	1	0XPMYV	v1
1678	MCRC0001678	1	FEZHGA	v1
1679	MCRC0001679	1	M3GS4Q	v1
1680	MCRC0001680	1	VGGEMK	v1
1681	MCRC0001681	1	IDQG42	v1
1682	MCRC0001682	1	F6LR24	v1
1683	MCRC0001683	1	Z4MLP6	v1
1684	MCRC0001684	1	A8I829	v1
1685	MCRC0001685	1	L44FB9	v1
1686	MCRC0001686	1	P3TX6A	v1
1687	MCRC0001687	1	WCFDUG	v1
1688	MCRC0001688	1	WRIKUR	v1
1689	MCRC0001689	1	H71UD6	v1
1690	MCRC0001690	1	BTNDIA	v1
1691	MCRC0001691	1	MXB7I3	v1
1692	MCRC0001692	1	R0410U	v1
1693	MCRC0001693	1	8665YP	v1
1694	MCRC0001694	1	Z5KDZ2	v1
1695	MCRC0001695	1	WTK8FZ	v1
1696	MCRC0001696	1	Y1G0TL	v1
1697	MCRC0001697	1	EDPRKC	v1
1698	MCRC0001698	1	NFQ5Z7	v1
1699	MCRC0001699	1	B1UZ2K	v1
1700	MCRC0001700	1	N3JZ12	v1
1701	MCRC0001701	1	H3W3T0	v1
1702	MCRC0001702	1	BUZS0S	v1
1703	MCRC0001703	1	FGPVET	v1
1704	MCRC0001704	1	X9K151	v1
1705	MCRC0001705	1	ZXZ83Q	v1
1706	MCRC0001706	1	83I0PA	v1
1707	MCRC0001707	1	5G7Z7Y	v1
1708	MCRC0001708	1	F5L356	v1
1709	MCRC0001709	1	NFN3UT	v1
1710	MCRC0001710	1	AY4VSR	v1
1711	MCRC0001711	1	R52739	v1
1712	MCRC0001712	1	EFL2U5	v1
1713	MCRC0001713	1	BRZAQ5	v1
1714	MCRC0001714	1	WHVDLK	v1
1715	MCRC0001715	1	8J7230	v1
1716	MCRC0001716	1	NCYJIP	v1
1717	MCRC0001717	1	24YEQ4	v1
1718	MCRC0001718	1	647DD8	v1
1719	MCRC0001719	1	ULL83M	v1
1720	MCRC0001720	1	WFWM4T	v1
1721	MCRC0001721	1	IBJB0N	v1
1722	MCRC0001722	1	HAXHWH	v1
1723	MCRC0001723	1	D867XU	v1
1724	MCRC0001724	1	ITYSGS	v1
1725	MCRC0001725	1	DGLSWH	v1
1726	MCRC0001726	1	K9FAND	v1
1727	MCRC0001727	1	PAQ0I9	v1
1728	MCRC0001728	1	1GYATX	v1
1729	MCRC0001729	1	JGWXX9	v1
1730	MCRC0001730	1	Z6B3TC	v1
1731	MCRC0001731	1	RS0RAW	v1
1732	MCRC0001732	1	SLUXN9	v1
1733	MCRC0001733	1	H5B2ZH	v1
1734	MCRC0001734	1	18TL52	v1
1735	MCRC0001735	1	RAIQAG	v1
1736	MCRC0001736	1	QBIQ1J	v1
1737	MCRC0001737	1	WZ5IQ4	v1
1738	MCRC0001738	1	G5S4DU	v1
1739	MCRC0001739	1	0V0G7B	v1
1740	MCRC0001740	1	KE2SEZ	v1
1741	MCRC0001741	1	D3I7IF	v1
1742	MCRC0001742	1	WUCL7U	v1
1743	MCRC0001743	1	CKR4RB	v1
1744	MCRC0001744	1	VXH09H	v1
1745	MCRC0001745	1	LPN8U5	v1
1746	MCRC0001746	1	4C3VYX	v1
1747	MCRC0001747	1	9KPXF6	v1
1748	MCRC0001748	1	64B9J0	v1
1749	MCRC0001749	1	AWJVDR	v1
1750	MCRC0001750	1	TY8WHV	v1
1751	MCRC0001751	1	7PUQJX	v1
1752	MCRC0001752	1	VXFR5U	v1
1753	MCRC0001753	1	WPFM3X	v1
1754	MCRC0001754	1	E5JE95	v1
1755	MCRC0001755	1	K13PFH	v1
1756	MCRC0001756	1	YBQH6N	v1
1757	MCRC0001757	1	9Q3QP4	v1
1758	MCRC0001758	1	VRZ13T	v1
1759	MCRC0001759	1	31ID88	v1
1760	MCRC0001760	1	J2P8MW	v1
1761	MCRC0001761	1	XYRUFN	v1
1762	MCRC0001762	1	Y8S6M9	v1
1763	MCRC0001763	1	AB9S6G	v1
1764	MCRC0001764	1	PM65GT	v1
1765	MCRC0001765	1	4V62F1	v1
1766	MCRC0001766	1	WQ251Y	v1
1767	MCRC0001767	1	QTHV2F	v1
1768	MCRC0001768	1	43NQLK	v1
1769	MCRC0001769	1	FWNUZ3	v1
1770	MCRC0001770	1	IA8BZ3	v1
1771	MCRC0001771	1	I8BG9T	v1
1772	MCRC0001772	1	0BRGW6	v1
1773	MCRC0001773	1	NH6NEH	v1
1774	MCRC0001774	1	2UPJ7D	v1
1775	MCRC0001775	1	CL3HT1	v1
1776	MCRC0001776	1	D7SRPE	v1
1777	MCRC0001777	1	SC99FZ	v1
1778	MCRC0001778	1	XTNP1M	v1
1779	MCRC0001779	1	IVJTH5	v1
1780	MCRC0001780	1	D417XA	v1
1781	MCRC0001781	1	EX0PHB	v1
1782	MCRC0001782	1	BBZJNR	v1
1783	MCRC0001783	1	DDSS5G	v1
1784	MCRC0001784	1	W7K5QW	v1
1785	MCRC0001785	1	I52I43	v1
1786	MCRC0001786	1	Z4GR9F	v1
1787	MCRC0001787	1	RCGGHW	v1
1788	MCRC0001788	1	WM7GZ6	v1
1789	MCRC0001789	1	QRF44N	v1
1790	MCRC0001790	1	9D09KU	v1
1791	MCRC0001791	1	0DVFGX	v1
1792	MCRC0001792	1	83DN2U	v1
1793	MCRC0001793	1	VPVH9B	v1
1794	MCRC0001794	1	XWHG2M	v1
1795	MCRC0001795	1	WVQ89K	v1
1796	MCRC0001796	1	PVQG4J	v1
1797	MCRC0001797	1	DPXY3E	v1
1798	MCRC0001798	1	1TME31	v1
1799	MCRC0001799	1	H3NQ1T	v1
1800	MCRC0001800	1	U5VL8N	v1
1801	MCRC0001801	1	WD367W	v1
1802	MCRC0001802	1	P5UG5F	v1
1803	MCRC0001803	1	2GL5HH	v1
1804	MCRC0001804	1	GW7BF6	v1
1805	MCRC0001805	1	FSHKKQ	v1
1806	MCRC0001806	1	DF0T5T	v1
1807	MCRC0001807	1	KD0RMN	v1
1808	MCRC0001808	1	1PLIPD	v1
1809	MCRC0001809	1	237C2Y	v1
1810	MCRC0001810	1	YE30PC	v1
1811	MCRC0001811	1	E7UAQS	v1
1812	MCRC0001812	1	QQZT1U	v1
1813	MCRC0001813	1	PP8EAG	v1
1814	MCRC0001814	1	0C06TV	v1
1815	MCRC0001815	1	61E591	v1
1816	MCRC0001816	1	P9C6UX	v1
1817	MCRC0001817	1	YHRWKS	v1
1818	MCRC0001818	1	JX51E4	v1
1819	MCRC0001819	1	T2L7L8	v1
1820	MCRC0001820	1	MR6ED5	v1
1821	MCRC0001821	1	HPWN6J	v1
1822	MCRC0001822	1	483K9F	v1
1823	MCRC0001823	1	QXWAQI	v1
1824	MCRC0001824	1	FUILUB	v1
1825	MCRC0001825	1	XLQXR7	v1
1826	MCRC0001826	1	AEZCJW	v1
1827	MCRC0001827	1	GAXY5L	v1
1828	MCRC0001828	1	G6MJUG	v1
1829	MCRC0001829	1	X0WS96	v1
1830	MCRC0001830	1	4Y0V64	v1
1831	MCRC0001831	1	DU5TZD	v1
1832	MCRC0001832	1	4T3N7A	v1
1833	MCRC0001833	1	EE8ZTY	v1
1834	MCRC0001834	1	7RG88P	v1
1835	MCRC0001835	1	44DYL7	v1
1836	MCRC0001836	1	B7IIYQ	v1
1837	MCRC0001837	1	265EFM	v1
1838	MCRC0001838	1	77QQ8X	v1
1839	MCRC0001839	1	GJ4VIR	v1
1840	MCRC0001840	1	R2M2IV	v1
1841	MCRC0001841	1	KHNTKS	v1
1842	MCRC0001842	1	UZ71MX	v1
1843	MCRC0001843	1	LVH8YY	v1
1844	MCRC0001844	1	PSU0V9	v1
1845	MCRC0001845	1	5EYSN8	v1
1846	MCRC0001846	1	XLQU64	v1
1847	MCRC0001847	1	8YCIEX	v1
1848	MCRC0001848	1	10J29F	v1
1849	MCRC0001849	1	UF3HXA	v1
1850	MCRC0001850	1	X9MGP3	v1
1851	MCRC0001851	1	YA3QIP	v1
1852	MCRC0001852	1	BHHQA5	v1
1853	MCRC0001853	1	B91QBX	v1
1854	MCRC0001854	1	WMPR22	v1
1855	MCRC0001855	1	R058RA	v1
1856	MCRC0001856	1	LD1F2B	v1
1857	MCRC0001857	1	2FYH9R	v1
1858	MCRC0001858	1	PP0S5E	v1
1859	MCRC0001859	1	EEZ2KX	v1
1860	MCRC0001860	1	QSMGC1	v1
1861	MCRC0001861	1	THWVY3	v1
1862	MCRC0001862	1	B35Y4D	v1
1863	MCRC0001863	1	82DG75	v1
1864	MCRC0001864	1	PSKB46	v1
1865	MCRC0001865	1	VHVK32	v1
1866	MCRC0001866	1	WNVWSA	v1
1867	MCRC0001867	1	5IEW22	v1
1868	MCRC0001868	1	0T8LDJ	v1
1869	MCRC0001869	1	6MHJUL	v1
1870	MCRC0001870	1	UHJLL4	v1
1871	MCRC0001871	1	G92P76	v1
1872	MCRC0001872	1	WC8UL5	v1
1873	MCRC0001873	1	KPFBWJ	v1
1874	MCRC0001874	1	V60BXA	v1
1875	MCRC0001875	1	U88DGJ	v1
1876	MCRC0001876	1	QZAW1D	v1
1877	MCRC0001877	1	MBVWC9	v1
1878	MCRC0001878	1	7WW2B1	v1
1879	MCRC0001879	1	AAZWVY	v1
1880	MCRC0001880	1	1RWNT0	v1
1881	MCRC0001881	1	RTY85F	v1
1882	MCRC0001882	1	82I443	v1
1883	MCRC0001883	1	A2LRAI	v1
1884	MCRC0001884	1	4VZWEX	v1
1885	MCRC0001885	1	U011UK	v1
1886	MCRC0001886	1	9Y2XER	v1
1887	MCRC0001887	1	84F7XX	v1
1888	MCRC0001888	1	U49XH0	v1
1889	MCRC0001889	1	JYT43H	v1
1890	MCRC0001890	1	PRUT71	v1
1891	MCRC0001891	1	RYI4J1	v1
1892	MCRC0001892	1	13B8NR	v1
1893	MCRC0001893	1	M7H1KJ	v1
1894	MCRC0001894	1	XK8EUS	v1
1895	MCRC0001895	1	GMYSSG	v1
1896	MCRC0001896	1	L6IIGG	v1
1897	MCRC0001897	1	K2CD3X	v1
1898	MCRC0001898	1	IG79CQ	v1
1899	MCRC0001899	1	HM51ZC	v1
1900	MCRC0001900	1	2DBP9W	v1
1901	MCRC0001901	1	5YCBP5	v1
1902	MCRC0001902	1	L9L6CM	v1
1903	MCRC0001903	1	YZCLID	v1
1904	MCRC0001904	1	6U744Y	v1
1905	MCRC0001905	1	T9767D	v1
1906	MCRC0001906	1	SK3JH8	v1
1907	MCRC0001907	1	5HN1G6	v1
1908	MCRC0001908	1	P0F0YL	v1
1909	MCRC0001909	1	BWTWFF	v1
1910	MCRC0001910	1	BKB3MR	v1
1911	MCRC0001911	1	0T99CS	v1
1912	MCRC0001912	1	S4KY78	v1
1913	MCRC0001913	1	LZZN9H	v1
1914	MCRC0001914	1	S3I1JM	v1
1915	MCRC0001915	1	XFA85K	v1
1916	MCRC0001916	1	N78Y7X	v1
1917	MCRC0001917	1	W0E9BM	v1
1918	MCRC0001918	1	1LH8SW	v1
1919	MCRC0001919	1	IILZPQ	v1
1920	MCRC0001920	1	T9JRFY	v1
1921	MCRC0001921	1	SHAZ2W	v1
1922	MCRC0001922	1	PCAGXD	v1
1923	MCRC0001923	1	ACBXFP	v1
1924	MCRC0001924	1	F7VEVB	v1
1925	MCRC0001925	1	PUWELS	v1
1926	MCRC0001926	1	017Y76	v1
1927	MCRC0001927	1	U8D3H1	v1
1928	MCRC0001928	1	R1J2GA	v1
1929	MCRC0001929	1	AEWBHW	v1
1930	MCRC0001930	1	REA703	v1
1931	MCRC0001931	1	0KXMCB	v1
1932	MCRC0001932	1	WWM4G1	v1
1933	MCRC0001933	1	MCVYE5	v1
1934	MCRC0001934	1	ZK6WHE	v1
1935	MCRC0001935	1	J55LRN	v1
1936	MCRC0001936	1	5111KT	v1
1937	MCRC0001937	1	QEMLDP	v1
1938	MCRC0001938	1	INGR60	v1
1939	MCRC0001939	1	XWBMRB	v1
1940	MCRC0001940	1	90W1NN	v1
1941	MCRC0001941	1	2V13SY	v1
1942	MCRC0001942	1	YHPKVS	v1
1943	MCRC0001943	1	QRRP96	v1
1944	MCRC0001944	1	G2SYR4	v1
1945	MCRC0001945	1	MFEMF0	v1
1946	MCRC0001946	1	K7DRTL	v1
1947	MCRC0001947	1	ZHWJK8	v1
1948	MCRC0001948	1	D1BEBG	v1
1949	MCRC0001949	1	DSJFJI	v1
1950	MCRC0001950	1	ZRVDGJ	v1
1951	MCRC0001951	1	HT9GNX	v1
1952	MCRC0001952	1	RJ8J1H	v1
1953	MCRC0001953	1	JXWQWE	v1
1954	MCRC0001954	1	1CEVCG	v1
1955	MCRC0001955	1	V2KWEN	v1
1956	MCRC0001956	1	IJXG0X	v1
1957	MCRC0001957	1	XUE6FR	v1
1958	MCRC0001958	1	D1779H	v1
1959	MCRC0001959	1	S7U2JF	v1
1960	MCRC0001960	1	LGZFEP	v1
1961	MCRC0001961	1	IW5PXN	v1
1962	MCRC0001962	1	2P31HA	v1
1963	MCRC0001963	1	WKU9CH	v1
1964	MCRC0001964	1	3XSFWC	v1
1965	MCRC0001965	1	N8IL83	v1
1966	MCRC0001966	1	FV9KDG	v1
1967	MCRC0001967	1	V61MPW	v1
1968	MCRC0001968	1	WGBJ1X	v1
1969	MCRC0001969	1	WQ4JEM	v1
1970	MCRC0001970	1	IMRV5M	v1
1971	MCRC0001971	1	W3AVPI	v1
1972	MCRC0001972	1	4K3045	v1
1973	MCRC0001973	1	Q3KB3D	v1
1974	MCRC0001974	1	NB1JL0	v1
1975	MCRC0001975	1	LDQMSN	v1
1976	MCRC0001976	1	QYAVRB	v1
1977	MCRC0001977	1	8TQK00	v1
1978	MCRC0001978	1	GMNB8W	v1
1979	MCRC0001979	1	PTBYIU	v1
1980	MCRC0001980	1	B1EXNC	v1
1981	MCRC0001981	1	MMYRHU	v1
1982	MCRC0001982	1	FATXAY	v1
1983	MCRC0001983	1	U7FU9G	v1
1984	MCRC0001984	1	075VC0	v1
1985	MCRC0001985	1	7YWXGV	v1
1986	MCRC0001986	1	V94T5C	v1
1987	MCRC0001987	1	YFJH1T	v1
1988	MCRC0001988	1	3LAA3P	v1
1989	MCRC0001989	1	T36B2B	v1
1990	MCRC0001990	1	BK9DYF	v1
1991	MCRC0001991	1	IKKGCX	v1
1992	MCRC0001992	1	C4AQD7	v1
1993	MCRC0001993	1	YBHMLT	v1
1994	MCRC0001994	1	KFX6S8	v1
1995	MCRC0001995	1	FQZA7W	v1
1996	MCRC0001996	1	QQL6RU	v1
1997	MCRC0001997	1	EEUVSC	v1
1998	MCRC0001998	1	WMP3JA	v1
1999	MCRC0001999	1	W67MT1	v1
2000	MCRC0002000	1	TF05YU	v1
2001	MCRC0002001	1	ZKHEJH	v1
2002	MCRC0002002	1	IBNYC1	v1
2003	MCRC0002003	1	QT3S3V	v1
2004	MCRC0002004	1	BYJTBV	v1
2005	MCRC0002005	1	SKLWWA	v1
2006	MCRC0002006	1	KWNATG	v1
2007	MCRC0002007	1	I12VAR	v1
2008	MCRC0002008	1	YBN830	v1
2009	MCRC0002009	1	51ZUH4	v1
2010	MCRC0002010	1	4HF131	v1
2011	MCRC0002011	1	V1ICPL	v1
2012	MCRC0002012	1	WYLC8M	v1
2013	MCRC0002013	1	ZFMWJR	v1
2014	MCRC0002014	1	2NLL81	v1
2015	MCRC0002015	1	NWBXRX	v1
2016	MCRC0002016	1	V2ME72	v1
2017	MCRC0002017	1	GZME4P	v1
2018	MCRC0002018	1	XGWGLG	v1
2019	MCRC0002019	1	K6962U	v1
2020	MCRC0002020	1	1VDX88	v1
2021	MCRC0002021	1	4SYQIR	v1
2022	MCRC0002022	1	R9P32T	v1
2023	MCRC0002023	1	9QBTM6	v1
2024	MCRC0002024	1	E47WMT	v1
2025	MCRC0002025	1	YZFB3M	v1
2026	MCRC0002026	1	VFG849	v1
2027	MCRC0002027	1	SC61UU	v1
2028	MCRC0002028	1	7UIMPV	v1
2029	MCRC0002029	1	XYS3CZ	v1
2030	MCRC0002030	1	8GN02U	v1
2031	MCRC0002031	1	M06VIN	v1
2032	MCRC0002032	1	YEN0EM	v1
2033	MCRC0002033	1	EFYBS2	v1
2034	MCRC0002034	1	FKZPQZ	v1
2035	MCRC0002035	1	L6Z0CM	v1
2036	MCRC0002036	1	73ACSM	v1
2037	MCRC0002037	1	8GMVL0	v1
2038	MCRC0002038	1	ZAU0KU	v1
2039	MCRC0002039	1	B3QQQY	v1
2040	MCRC0002040	1	Q9Z7KW	v1
2041	MCRC0002041	1	TE9SPS	v1
2042	MCRC0002042	1	MPIH7J	v1
2043	MCRC0002043	1	23GI7K	v1
2044	MCRC0002044	1	IFQARH	v1
2045	MCRC0002045	1	R6WK3Y	v1
2046	MCRC0002046	1	ZMU4V6	v1
2047	MCRC0002047	1	EYFE4I	v1
2048	MCRC0002048	1	IF9Z05	v1
2049	MCRC0002049	1	ZAKNFV	v1
2050	MCRC0002050	1	BANLJH	v1
2051	MCRC0002051	1	HFUEN1	v1
2052	MCRC0002052	1	GINTW1	v1
2053	MCRC0002053	1	5IKER1	v1
2054	MCRC0002054	1	TBKEZ8	v1
2055	MCRC0002055	1	7ZZ2GK	v1
2056	MCRC0002056	1	Q2E3JS	v1
2057	MCRC0002057	1	V6581S	v1
2058	MCRC0002058	1	BID7Z9	v1
2059	MCRC0002059	1	LMHEZU	v1
2060	MCRC0002060	1	0EZSD8	v1
2061	MCRC0002061	1	ZWG9T2	v1
2062	MCRC0002062	1	6VDEIY	v1
2063	MCRC0002063	1	426F0A	v1
2064	MCRC0002064	1	NDUC89	v1
2065	MCRC0002065	1	9FQ736	v1
2066	MCRC0002066	1	P9DVNG	v1
2067	MCRC0002067	1	09CL7W	v1
2068	MCRC0002068	1	4N8BKY	v1
2069	MCRC0002069	1	AYFSGB	v1
2070	MCRC0002070	1	1XXIH2	v1
2071	MCRC0002071	1	A04WN2	v1
2072	MCRC0002072	1	ULVI54	v1
2073	MCRC0002073	1	MY7IP4	v1
2074	MCRC0002074	1	7V6E3Q	v1
2075	MCRC0002075	1	0PZDQJ	v1
2076	MCRC0002076	1	1BC2QK	v1
2077	MCRC0002077	1	R1HZGH	v1
2078	MCRC0002078	1	KC7ZE1	v1
2079	MCRC0002079	1	DPNUFU	v1
2080	MCRC0002080	1	3T7H7R	v1
2081	MCRC0002081	1	Q1NDSZ	v1
2082	MCRC0002082	1	8MX5Y4	v1
2083	MCRC0002083	1	NSMX2P	v1
2084	MCRC0002084	1	A0DD2M	v1
2085	MCRC0002085	1	QKDS5D	v1
2086	MCRC0002086	1	FQ1EQ0	v1
2087	MCRC0002087	1	WD2KCX	v1
2088	MCRC0002088	1	8KFY29	v1
2089	MCRC0002089	1	ERRU8Y	v1
2090	MCRC0002090	1	0LINCW	v1
2091	MCRC0002091	1	TEI1Y1	v1
2092	MCRC0002092	1	TF4RZX	v1
2093	MCRC0002093	1	6HRBD9	v1
2094	MCRC0002094	1	WCMY6Y	v1
2095	MCRC0002095	1	PRXBJ0	v1
2096	MCRC0002096	1	ZBRQ5B	v1
2097	MCRC0002097	1	6QWLQN	v1
2098	MCRC0002098	1	2AGRWF	v1
2099	MCRC0002099	1	3AZS3M	v1
2100	MCRC0002100	1	KGQS9R	v1
2101	MCRC0002101	1	FMEDDC	v1
2102	MCRC0002102	1	K37P7N	v1
2103	MCRC0002103	1	XW0YZJ	v1
2104	MCRC0002104	1	KTREL0	v1
2105	MCRC0002105	1	JFY3AI	v1
2106	MCRC0002106	1	WKIXVZ	v1
2107	MCRC0002107	1	QXX9UL	v1
2108	MCRC0002108	1	AFFQ29	v1
2109	MCRC0002109	1	71X41U	v1
2110	MCRC0002110	1	2D278A	v1
2111	MCRC0002111	1	IYYWHK	v1
2112	MCRC0002112	1	EHM6PP	v1
2113	MCRC0002113	1	VLSYLT	v1
2114	MCRC0002114	1	C3P3VM	v1
2115	MCRC0002115	1	FW60S0	v1
2116	MCRC0002116	1	Y4DSAF	v1
2117	MCRC0002117	1	2SNE8T	v1
2118	MCRC0002118	1	I1YYJE	v1
2119	MCRC0002119	1	AXAU13	v1
2120	MCRC0002120	1	51JTK3	v1
2121	MCRC0002121	1	Z29B7F	v1
2122	MCRC0002122	1	BHFUWW	v1
2123	MCRC0002123	1	CALV3I	v1
2124	MCRC0002124	1	4CNKAR	v1
2125	MCRC0002125	1	XH0B3Y	v1
2126	MCRC0002126	1	DHT4WE	v1
2127	MCRC0002127	1	ZF13N7	v1
2128	MCRC0002128	1	9JI8IE	v1
2129	MCRC0002129	1	79SJWP	v1
2130	MCRC0002130	1	ANCAHW	v1
2131	MCRC0002131	1	WDV3KF	v1
2132	MCRC0002132	1	HHWKPY	v1
2133	MCRC0002133	1	D6FETH	v1
2134	MCRC0002134	1	JUFHDW	v1
2135	MCRC0002135	1	8VD6GU	v1
2136	MCRC0002136	1	YVKDS0	v1
2137	MCRC0002137	1	ESPFVW	v1
2138	MCRC0002138	1	BIWD77	v1
2139	MCRC0002139	1	GBV11V	v1
2140	MCRC0002140	1	LX185H	v1
2141	MCRC0002141	1	FGGUV5	v1
2142	MCRC0002142	1	5T9DSC	v1
2143	MCRC0002143	1	YGEX6E	v1
2144	MCRC0002144	1	06GCY7	v1
2145	MCRC0002145	1	DPMEDG	v1
2146	MCRC0002146	1	8U1U53	v1
2147	MCRC0002147	1	CN11J8	v1
2148	MCRC0002148	1	60KJB5	v1
2149	MCRC0002149	1	1VQBBE	v1
2150	MCRC0002150	1	YF6E7R	v1
2151	MCRC0002151	1	UZL7BX	v1
2152	MCRC0002152	1	GWL87D	v1
2153	MCRC0002153	1	W3LCV2	v1
2154	MCRC0002154	1	WHLHAE	v1
2155	MCRC0002155	1	IHQUGN	v1
2156	MCRC0002156	1	7S5T5Z	v1
2157	MCRC0002157	1	EE427X	v1
2158	MCRC0002158	1	FI5614	v1
2159	MCRC0002159	1	0Y4Z1J	v1
2160	MCRC0002160	1	YBZ8US	v1
2161	MCRC0002161	1	X629SA	v1
2162	MCRC0002162	1	V7ZXJF	v1
2163	MCRC0002163	1	AYLH5A	v1
2164	MCRC0002164	1	F78GVW	v1
2165	MCRC0002165	1	4JZXWC	v1
2166	MCRC0002166	1	4YWKKY	v1
2167	MCRC0002167	1	PBV0BL	v1
2168	MCRC0002168	1	0LHG5T	v1
2169	MCRC0002169	1	PFFW46	v1
2170	MCRC0002170	1	PU8KUN	v1
2171	MCRC0002171	1	CKE0EA	v1
2172	MCRC0002172	1	GL35VT	v1
2173	MCRC0002173	1	MVI525	v1
2174	MCRC0002174	1	F2RY3A	v1
2175	MCRC0002175	1	5MH3MC	v1
2176	MCRC0002176	1	6NNWME	v1
2177	MCRC0002177	1	UNDCV9	v1
2178	MCRC0002178	1	HAHDLD	v1
2179	MCRC0002179	1	8T0RB9	v1
2180	MCRC0002180	1	TRJQG5	v1
2181	MCRC0002181	1	WCKV97	v1
2182	MCRC0002182	1	TN82LV	v1
2183	MCRC0002183	1	8QA171	v1
2184	MCRC0002184	1	CTJDL6	v1
2185	MCRC0002185	1	3I6TTL	v1
2186	MCRC0002186	1	16DVZZ	v1
2187	MCRC0002187	1	4RZNTS	v1
2188	MCRC0002188	1	C8YEEU	v1
2189	MCRC0002189	1	QW4LWJ	v1
2190	MCRC0002190	1	E7CNTQ	v1
2191	MCRC0002191	1	WWZZ32	v1
2192	MCRC0002192	1	CFBRV5	v1
2193	MCRC0002193	1	NLRKCK	v1
2194	MCRC0002194	1	YPMUNV	v1
2195	MCRC0002195	1	1DPEHN	v1
2196	MCRC0002196	1	EQDQ1B	v1
2197	MCRC0002197	1	TST4XI	v1
2198	MCRC0002198	1	Y55TL3	v1
2199	MCRC0002199	1	V32MW3	v1
2200	MCRC0002200	1	YA4186	v1
2201	MCRC0002201	1	7T2W9C	v1
2202	MCRC0002202	1	WQ97KT	v1
2203	MCRC0002203	1	3AFT62	v1
2204	MCRC0002204	1	3S01YH	v1
2205	MCRC0002205	1	Z47HGJ	v1
2206	MCRC0002206	1	P7FIGE	v1
2207	MCRC0002207	1	F3B3QN	v1
2208	MCRC0002208	1	NUHZLW	v1
2209	MCRC0002209	1	0URYXL	v1
2210	MCRC0002210	1	8YARKA	v1
2211	MCRC0002211	1	RC95GE	v1
2212	MCRC0002212	1	VHJL9V	v1
2213	MCRC0002213	1	3LPR4L	v1
2214	MCRC0002214	1	UU219T	v1
2215	MCRC0002215	1	9NZP2V	v1
2216	MCRC0002216	1	7QL6X3	v1
2217	MCRC0002217	1	C3WYSN	v1
2218	MCRC0002218	1	0ZGCLX	v1
2219	MCRC0002219	1	Y4FH03	v1
2220	MCRC0002220	1	ZKMUEA	v1
2221	MCRC0002221	1	MLEVBF	v1
2222	MCRC0002222	1	7L55WG	v1
2223	MCRC0002223	1	CVPBW4	v1
2224	MCRC0002224	1	4CX8Y8	v1
2225	MCRC0002225	1	G7TEZM	v1
2226	MCRC0002226	1	6YTF5L	v1
2227	MCRC0002227	1	NELDHG	v1
2228	MCRC0002228	1	V3ZUI8	v1
2229	MCRC0002229	1	IT0KG0	v1
2230	MCRC0002230	1	BNVDD7	v1
2231	MCRC0002231	1	Z9UEFM	v1
2232	MCRC0002232	1	M27N0T	v1
2233	MCRC0002233	1	68PAQG	v1
2234	MCRC0002234	1	PA7SPV	v1
2235	MCRC0002235	1	B065TT	v1
2236	MCRC0002236	1	YTA8QX	v1
2237	MCRC0002237	1	CXF6VJ	v1
2238	MCRC0002238	1	3FLFAB	v1
2239	MCRC0002239	1	WKWPY3	v1
2240	MCRC0002240	1	3THJ4S	v1
2241	MCRC0002241	1	CUBXF8	v1
2242	MCRC0002242	1	4AAA6F	v1
2243	MCRC0002243	1	7AJRBA	v1
2244	MCRC0002244	1	U18MUL	v1
2245	MCRC0002245	1	R3A1ZE	v1
2246	MCRC0002246	1	5ZTF1H	v1
2247	MCRC0002247	1	VFU2EN	v1
2248	MCRC0002248	1	K8C7CY	v1
2249	MCRC0002249	1	UBFUTQ	v1
2250	MCRC0002250	1	4N2LKL	v1
2251	MCRC0002251	1	CGM85V	v1
2252	MCRC0002252	1	8K1EWU	v1
2253	MCRC0002253	1	FUA5WG	v1
2254	MCRC0002254	1	8P1JR8	v1
2255	MCRC0002255	1	ICL63N	v1
2256	MCRC0002256	1	RHQMXH	v1
2257	MCRC0002257	1	U1ENKI	v1
2258	MCRC0002258	1	FTCMS5	v1
2259	MCRC0002259	1	A39V4V	v1
2260	MCRC0002260	1	R5VFSJ	v1
2261	MCRC0002261	1	IET2F0	v1
2262	MCRC0002262	1	XDSANJ	v1
2263	MCRC0002263	1	GAS35E	v1
2264	MCRC0002264	1	0ZBQQE	v1
2265	MCRC0002265	1	4JXSQB	v1
2266	MCRC0002266	1	HKL0HS	v1
2267	MCRC0002267	1	K35S72	v1
2268	MCRC0002268	1	5YSIAG	v1
2269	MCRC0002269	1	MTUXJY	v1
2270	MCRC0002270	1	V0ED6S	v1
2271	MCRC0002271	1	6P1KGY	v1
2272	MCRC0002272	1	VM4K3Z	v1
2273	MCRC0002273	1	FVPWZ9	v1
2274	MCRC0002274	1	AKJD29	v1
2275	MCRC0002275	1	47TSI0	v1
2276	MCRC0002276	1	AQB9UR	v1
2277	MCRC0002277	1	2ZRHGU	v1
2278	MCRC0002278	1	4MFX00	v1
2279	MCRC0002279	1	IIJYD4	v1
2280	MCRC0002280	1	Y9ELK2	v1
2281	MCRC0002281	1	KZBJ1R	v1
2282	MCRC0002282	1	I7KQ2P	v1
2283	MCRC0002283	1	CSS8I5	v1
2284	MCRC0002284	1	FVDHJP	v1
2285	MCRC0002285	1	HMMH18	v1
2286	MCRC0002286	1	EA80P9	v1
2287	MCRC0002287	1	MPHYPR	v1
2288	MCRC0002288	1	ZY2JWU	v1
2289	MCRC0002289	1	NDAQN7	v1
2290	MCRC0002290	1	U0CHHL	v1
2291	MCRC0002291	1	F2L9KP	v1
2292	MCRC0002292	1	E7R04S	v1
2293	MCRC0002293	1	MXJYSI	v1
2294	MCRC0002294	1	S5DYIG	v1
2295	MCRC0002295	1	97QZBV	v1
2296	MCRC0002296	1	C35H5U	v1
2297	MCRC0002297	1	DQVWU2	v1
2298	MCRC0002298	1	WUT7ZX	v1
2299	MCRC0002299	1	S07HSU	v1
2300	MCRC0002300	1	CLUDZS	v1
2301	MCRC0002301	1	7TC166	v1
2302	MCRC0002302	1	VLPIBR	v1
2303	MCRC0002303	1	TSIXTD	v1
2304	MCRC0002304	1	GD4F84	v1
2305	MCRC0002305	1	2N7CKG	v1
2306	MCRC0002306	1	F3J2T1	v1
2307	MCRC0002307	1	31W9F3	v1
2308	MCRC0002308	1	Z3IIC4	v1
2309	MCRC0002309	1	J2PNML	v1
2310	MCRC0002310	1	JH7X6B	v1
2311	MCRC0002311	1	G7S7S0	v1
2312	MCRC0002312	1	C78VRR	v1
2313	MCRC0002313	1	NBAP3F	v1
2314	MCRC0002314	1	K0U5XG	v1
2315	MCRC0002315	1	SB0J18	v1
2316	MCRC0002316	1	222NWZ	v1
2317	MCRC0002317	1	JJGA57	v1
2318	MCRC0002318	1	8N39L3	v1
2319	MCRC0002319	1	25MANF	v1
2320	MCRC0002320	1	X3Y3SU	v1
2321	MCRC0002321	1	XYXW91	v1
2322	MCRC0002322	1	TQWCG6	v1
2323	MCRC0002323	1	ABRGMP	v1
2324	MCRC0002324	1	ZGDRUV	v1
2325	MCRC0002325	1	D6XJ6D	v1
2326	MCRC0002326	1	309Y1A	v1
2327	MCRC0002327	1	4S5X1W	v1
2328	MCRC0002328	1	TNP94F	v1
2329	MCRC0002329	1	ULM0AE	v1
2330	MCRC0002330	1	NEE2ZI	v1
2331	MCRC0002331	1	2V9W98	v1
2332	MCRC0002332	1	Z6D6PX	v1
2333	MCRC0002333	1	RZWHE6	v1
2334	MCRC0002334	1	RU7SXU	v1
2335	MCRC0002335	1	44JLEY	v1
2336	MCRC0002336	1	E06LNW	v1
2337	MCRC0002337	1	KVNAB1	v1
2338	MCRC0002338	1	U1HI4C	v1
2339	MCRC0002339	1	SPGFJ5	v1
2340	MCRC0002340	1	GR29D6	v1
2341	MCRC0002341	1	0HWIR3	v1
2342	MCRC0002342	1	0S94ZT	v1
2343	MCRC0002343	1	NQA7ST	v1
2344	MCRC0002344	1	NGIGPB	v1
2345	MCRC0002345	1	37DSCF	v1
2346	MCRC0002346	1	C1JDQZ	v1
2347	MCRC0002347	1	FQBKNI	v1
2348	MCRC0002348	1	WDH0E7	v1
2349	MCRC0002349	1	4MBPVR	v1
2350	MCRC0002350	1	KLCGRN	v1
2351	MCRC0002351	1	89E704	v1
2352	MCRC0002352	1	DYP644	v1
2353	MCRC0002353	1	RU4DH6	v1
2354	MCRC0002354	1	NG9FDR	v1
2355	MCRC0002355	1	QU3WQ3	v1
2356	MCRC0002356	1	LMHPUU	v1
2357	MCRC0002357	1	L3UU0V	v1
2358	MCRC0002358	1	HWKVBH	v1
2359	MCRC0002359	1	YTVQYN	v1
2360	MCRC0002360	1	KCXZGQ	v1
2361	MCRC0002361	1	LLLX2G	v1
2362	MCRC0002362	1	SXU6GS	v1
2363	MCRC0002363	1	YF60YY	v1
2364	MCRC0002364	1	L663G4	v1
2365	MCRC0002365	1	XJLJT2	v1
2366	MCRC0002366	1	ERG8CU	v1
2367	MCRC0002367	1	4BCDIX	v1
2368	MCRC0002368	1	KI88TA	v1
2369	MCRC0002369	1	HP823Y	v1
2370	MCRC0002370	1	ZI6BJD	v1
2371	MCRC0002371	1	IW8QZ1	v1
2372	MCRC0002372	1	FY8IAX	v1
2373	MCRC0002373	1	SVMLB5	v1
2374	MCRC0002374	1	UFYQU1	v1
2375	MCRC0002375	1	4FZVH3	v1
2376	MCRC0002376	1	HYX9QC	v1
2377	MCRC0002377	1	BX81AS	v1
2378	MCRC0002378	1	PD8EB2	v1
2379	MCRC0002379	1	722KQF	v1
2380	MCRC0002380	1	BA272C	v1
2381	MCRC0002381	1	597AL1	v1
2382	MCRC0002382	1	GDHAA5	v1
2383	MCRC0002383	1	CKPDD9	v1
2384	MCRC0002384	1	6U015Z	v1
2385	MCRC0002385	1	9TCCXG	v1
2386	MCRC0002386	1	YBLIQT	v1
2387	MCRC0002387	1	U1LKBC	v1
2388	MCRC0002388	1	314R3B	v1
2389	MCRC0002389	1	3IIMWP	v1
2390	MCRC0002390	1	CZ3DID	v1
2391	MCRC0002391	1	YXHBEJ	v1
2392	MCRC0002392	1	BE989E	v1
2393	MCRC0002393	1	IBLQ7K	v1
2394	MCRC0002394	1	54TH9W	v1
2395	MCRC0002395	1	WFLSW1	v1
2396	MCRC0002396	1	SC90NT	v1
2397	MCRC0002397	1	Y97RCC	v1
2398	MCRC0002398	1	XU0K3U	v1
2399	MCRC0002399	1	Z69W6A	v1
2400	MCRC0002400	1	FYTK3G	v1
2401	MCRC0002401	1	2T78NM	v1
2402	MCRC0002402	1	99CAG7	v1
2403	MCRC0002403	1	VY9BY3	v1
2404	MCRC0002404	1	LVLPW1	v1
2405	MCRC0002405	1	ECPLLX	v1
2406	MCRC0002406	1	BY24M4	v1
2407	MCRC0002407	1	0IT0C1	v1
2408	MCRC0002408	1	ESB5KQ	v1
2409	MCRC0002409	1	P4WYCZ	v1
2410	MCRC0002410	1	ZUDUDZ	v1
2411	MCRC0002411	1	W6BZFU	v1
2412	MCRC0002412	1	BS1MXJ	v1
2413	MCRC0002413	1	HS3F16	v1
2414	MCRC0002414	1	QH41X1	v1
2415	MCRC0002415	1	67S136	v1
2416	MCRC0002416	1	ABHEUR	v1
2417	MCRC0002417	1	KAS0SJ	v1
2418	MCRC0002418	1	RFQUCK	v1
2419	MCRC0002419	1	2GMZG1	v1
2420	MCRC0002420	1	XNM9GV	v1
2421	MCRC0002421	1	VTX5J2	v1
2422	MCRC0002422	1	1LLTI6	v1
2423	MCRC0002423	1	N64AQZ	v1
2424	MCRC0002424	1	B95EWC	v1
2425	MCRC0002425	1	B7NKBY	v1
2426	MCRC0002426	1	0R41AZ	v1
2427	MCRC0002427	1	MTA7PT	v1
2428	MCRC0002428	1	2NBK0P	v1
2429	MCRC0002429	1	NC534R	v1
2430	MCRC0002430	1	7M2H5C	v1
2431	MCRC0002431	1	BX9FMX	v1
2432	MCRC0002432	1	3D1VRW	v1
2433	MCRC0002433	1	1M1ZXW	v1
2434	MCRC0002434	1	8Y28PF	v1
2435	MCRC0002435	1	A68DMQ	v1
2436	MCRC0002436	1	02G478	v1
2437	MCRC0002437	1	YVHZ6H	v1
2438	MCRC0002438	1	DQC873	v1
2439	MCRC0002439	1	RQDX73	v1
2440	MCRC0002440	1	ZLP4TZ	v1
2441	MCRC0002441	1	GNHBED	v1
2442	MCRC0002442	1	M0UKS9	v1
2443	MCRC0002443	1	AIE8GX	v1
2444	MCRC0002444	1	5QFWUX	v1
2445	MCRC0002445	1	11GGFG	v1
2446	MCRC0002446	1	PFLTAG	v1
2447	MCRC0002447	1	IHTS1G	v1
2448	MCRC0002448	1	NM0GJG	v1
2449	MCRC0002449	1	DQQJ1A	v1
2450	MCRC0002450	1	D4PJ9U	v1
2451	MCRC0002451	1	AWVC18	v1
2452	MCRC0002452	1	2JMNGE	v1
2453	MCRC0002453	1	8DFLMG	v1
2454	MCRC0002454	1	EYLEH8	v1
2455	MCRC0002455	1	RZ58PA	v1
2456	MCRC0002456	1	V1ZPH8	v1
2457	MCRC0002457	1	M946V5	v1
2458	MCRC0002458	1	5IBYLF	v1
2459	MCRC0002459	1	YKP3MS	v1
2460	MCRC0002460	1	STNXZL	v1
2461	MCRC0002461	1	6V09WN	v1
2462	MCRC0002462	1	T9NNC3	v1
2463	MCRC0002463	1	FNFLYC	v1
2464	MCRC0002464	1	RDFSET	v1
2465	MCRC0002465	1	HGQPAW	v1
2466	MCRC0002466	1	N64S4J	v1
2467	MCRC0002467	1	9ZUCW7	v1
2468	MCRC0002468	1	DKJ8PK	v1
2469	MCRC0002469	1	SXLSBG	v1
2470	MCRC0002470	1	X9PBVD	v1
2471	MCRC0002471	1	J1SFM9	v1
2472	MCRC0002472	1	44UHYM	v1
2473	MCRC0002473	1	NQ10A2	v1
2474	MCRC0002474	1	LV2MT8	v1
2475	MCRC0002475	1	JH0HD8	v1
2476	MCRC0002476	1	8Y3YCV	v1
2477	MCRC0002477	1	DEWH73	v1
2478	MCRC0002478	1	4PE7EJ	v1
2479	MCRC0002479	1	ATENRL	v1
2480	MCRC0002480	1	SNS3DA	v1
2481	MCRC0002481	1	AN1JB1	v1
2482	MCRC0002482	1	RXFAG3	v1
2483	MCRC0002483	1	XB0A43	v1
2484	MCRC0002484	1	PIKQZS	v1
2485	MCRC0002485	1	LSH46S	v1
2486	MCRC0002486	1	G1DS85	v1
2487	MCRC0002487	1	HT7BWD	v1
2488	MCRC0002488	1	NB7W59	v1
2489	MCRC0002489	1	VLLS89	v1
2490	MCRC0002490	1	P00FDH	v1
2491	MCRC0002491	1	EP40CZ	v1
2492	MCRC0002492	1	9YLY2Y	v1
2493	MCRC0002493	1	X3FSYL	v1
2494	MCRC0002494	1	S0E7E9	v1
2495	MCRC0002495	1	ZCLG8T	v1
2496	MCRC0002496	1	ML20UM	v1
2497	MCRC0002497	1	37MM4M	v1
2498	MCRC0002498	1	1Z3ISM	v1
2499	MCRC0002499	1	ZXE9T7	v1
2500	MCRC0002500	1	3P0F7M	v1
2501	MCRC0002501	1	SPK9N1	v1
2502	MCRC0002502	1	CPGEE9	v1
2503	MCRC0002503	1	MXIEXI	v1
2504	MCRC0002504	1	WRITZN	v1
2505	MCRC0002505	1	H2MDX7	v1
2506	MCRC0002506	1	DKC48U	v1
2507	MCRC0002507	1	1I0PQR	v1
2508	MCRC0002508	1	6LX91B	v1
2509	MCRC0002509	1	UL5ZVV	v1
2510	MCRC0002510	1	0EVS8Q	v1
2511	MCRC0002511	1	XWCTF8	v1
2512	MCRC0002512	1	W8Y6VV	v1
2513	MCRC0002513	1	QJJI9P	v1
2514	MCRC0002514	1	P2FZYB	v1
2515	MCRC0002515	1	H5W9TG	v1
2516	MCRC0002516	1	XLSAIB	v1
2517	MCRC0002517	1	RTAQKR	v1
2518	MCRC0002518	1	WM5L70	v1
2519	MCRC0002519	1	GZEJHW	v1
2520	MCRC0002520	1	75XHLQ	v1
2521	MCRC0002521	1	P8S1UD	v1
2522	MCRC0002522	1	Q84W5Q	v1
2523	MCRC0002523	1	AW76DT	v1
2524	MCRC0002524	1	TN8PEY	v1
2525	MCRC0002525	1	TMMANJ	v1
2526	MCRC0002526	1	GDPPBQ	v1
2527	MCRC0002527	1	0RTUVX	v1
2528	MCRC0002528	1	AVD7VL	v1
2529	MCRC0002529	1	ITW7Z2	v1
2530	MCRC0002530	1	MXX87I	v1
2531	MCRC0002531	1	26G88U	v1
2532	MCRC0002532	1	WFA85Z	v1
2533	MCRC0002533	1	VM9L5E	v1
2534	MCRC0002534	1	VMUIJT	v1
2535	MCRC0002535	1	9X29LG	v1
2536	MCRC0002536	1	C86C63	v1
2537	MCRC0002537	1	LK9BRN	v1
2538	MCRC0002538	1	AT8LXM	v1
2539	MCRC0002539	1	DUW68K	v1
2540	MCRC0002540	1	IQTCV5	v1
2541	MCRC0002541	1	8Q45US	v1
2542	MCRC0002542	1	BI85F1	v1
2543	MCRC0002543	1	8SZ5EE	v1
2544	MCRC0002544	1	KU853T	v1
2545	MCRC0002545	1	EGPCUY	v1
2546	MCRC0002546	1	AMNQIB	v1
2547	MCRC0002547	1	1K37QJ	v1
2548	MCRC0002548	1	TL59L6	v1
2549	MCRC0002549	1	2391XD	v1
2550	MCRC0002550	1	EVF9A6	v1
2551	MCRC0002551	1	2L2I6Y	v1
2552	MCRC0002552	1	V7TTPK	v1
2553	MCRC0002553	1	D2928H	v1
2554	MCRC0002554	1	1LDZMK	v1
2555	MCRC0002555	1	FC8Q3R	v1
2556	MCRC0002556	1	GIWIXC	v1
2557	MCRC0002557	1	9ZQBB1	v1
2558	MCRC0002558	1	5GV9FQ	v1
2559	MCRC0002559	1	J1TECE	v1
2560	MCRC0002560	1	2S0S85	v1
2561	MCRC0002561	1	KRVQG4	v1
2562	MCRC0002562	1	UWKTGS	v1
2563	MCRC0002563	1	VMX61W	v1
2564	MCRC0002564	1	G50EU1	v1
2565	MCRC0002565	1	R68WFQ	v1
2566	MCRC0002566	1	494IVM	v1
2567	MCRC0002567	1	UWUVS0	v1
2568	MCRC0002568	1	3MC5F9	v1
2569	MCRC0002569	1	0T9PY7	v1
2570	MCRC0002570	1	IVXR65	v1
2571	MCRC0002571	1	Y19XU6	v1
2572	MCRC0002572	1	ZPTIIZ	v1
2573	MCRC0002573	1	GIIV6P	v1
2574	MCRC0002574	1	424PLD	v1
2575	MCRC0002575	1	K20APT	v1
2576	MCRC0002576	1	IJTXEN	v1
2577	MCRC0002577	1	2GJETM	v1
2578	MCRC0002578	1	MPSK3G	v1
2579	MCRC0002579	1	UI3QF0	v1
2580	MCRC0002580	1	WAC4W2	v1
2581	MCRC0002581	1	NW59K6	v1
2582	MCRC0002582	1	5DFD0H	v1
2583	MCRC0002583	1	LLS8TQ	v1
2584	MCRC0002584	1	R78UFS	v1
2585	MCRC0002585	1	K9VF61	v1
2586	MCRC0002586	1	KDVCP1	v1
2587	MCRC0002587	1	7WH43N	v1
2588	MCRC0002588	1	EQ2DQX	v1
2589	MCRC0002589	1	FAVYZ3	v1
2590	MCRC0002590	1	M6QP9X	v1
2591	MCRC0002591	1	76631Z	v1
2592	MCRC0002592	1	LYWM2G	v1
2593	MCRC0002593	1	HUJXSM	v1
2594	MCRC0002594	1	9VZ97W	v1
2595	MCRC0002595	1	M16RYZ	v1
2596	MCRC0002596	1	DMX7MQ	v1
2597	MCRC0002597	1	XR4LR2	v1
2598	MCRC0002598	1	S5BRW5	v1
2599	MCRC0002599	1	BCUVGN	v1
2600	MCRC0002600	1	J12YQ0	v1
2601	MCRC0002601	1	UM74S6	v1
2602	MCRC0002602	1	N60FER	v1
2603	MCRC0002603	1	DLY6DE	v1
2604	MCRC0002604	1	82VJ7F	v1
2605	MCRC0002605	1	RE6L4B	v1
2606	MCRC0002606	1	UV0NP4	v1
2607	MCRC0002607	1	MSG1KM	v1
2608	MCRC0002608	1	TZCHA5	v1
2609	MCRC0002609	1	66JBG3	v1
2610	MCRC0002610	1	KE4FZF	v1
2611	MCRC0002611	1	ZUFXFB	v1
2612	MCRC0002612	1	DZUIJX	v1
2613	MCRC0002613	1	CM4DUD	v1
2614	MCRC0002614	1	ECX44R	v1
2615	MCRC0002615	1	VXIDA3	v1
2616	MCRC0002616	1	7VID4W	v1
2617	MCRC0002617	1	KVLV2Z	v1
2618	MCRC0002618	1	IIUNYD	v1
2619	MCRC0002619	1	YPICHV	v1
2620	MCRC0002620	1	W9M2CT	v1
2621	MCRC0002621	1	E3AFPS	v1
2622	MCRC0002622	1	T2A3RR	v1
2623	MCRC0002623	1	J3FULJ	v1
2624	MCRC0002624	1	RSRLWU	v1
2625	MCRC0002625	1	X87YCZ	v1
2626	MCRC0002626	1	7CV1QB	v1
2627	MCRC0002627	1	PJLSWE	v1
2628	MCRC0002628	1	DSREWT	v1
2629	MCRC0002629	1	X3GXPL	v1
2630	MCRC0002630	1	Z01U5W	v1
2631	MCRC0002631	1	VL83FR	v1
2632	MCRC0002632	1	6R9PI7	v1
2633	MCRC0002633	1	0R4C02	v1
2634	MCRC0002634	1	1RDXY5	v1
2635	MCRC0002635	1	L748S3	v1
2636	MCRC0002636	1	308HTF	v1
2637	MCRC0002637	1	N0Y1A8	v1
2638	MCRC0002638	1	4SJDZH	v1
2639	MCRC0002639	1	X579XM	v1
2640	MCRC0002640	1	8QG5JZ	v1
2641	MCRC0002641	1	8QPLD0	v1
2642	MCRC0002642	1	4EZX84	v1
2643	MCRC0002643	1	1A8A16	v1
2644	MCRC0002644	1	BLZLBJ	v1
2645	MCRC0002645	1	SN8EU0	v1
2646	MCRC0002646	1	3D7K3T	v1
2647	MCRC0002647	1	B7JQSP	v1
2648	MCRC0002648	1	N54XP6	v1
2649	MCRC0002649	1	SN0W3D	v1
2650	MCRC0002650	1	F5QUHP	v1
2651	MCRC0002651	1	3WZTDK	v1
2652	MCRC0002652	1	R06V75	v1
2653	MCRC0002653	1	8UAZQB	v1
2654	MCRC0002654	1	989SGR	v1
2655	MCRC0002655	1	KLS7LD	v1
2656	MCRC0002656	1	6L0N7Y	v1
2657	MCRC0002657	1	XKLCT1	v1
2658	MCRC0002658	1	TIRTES	v1
2659	MCRC0002659	1	H1JZWN	v1
2660	MCRC0002660	1	ZHQXPX	v1
2661	MCRC0002661	1	U2FVHV	v1
2662	MCRC0002662	1	K0D9NZ	v1
2663	MCRC0002663	1	JGFGBB	v1
2664	MCRC0002664	1	7KHAQ9	v1
2665	MCRC0002665	1	N2HUP8	v1
2666	MCRC0002666	1	Q74NLJ	v1
2667	MCRC0002667	1	PR5MBJ	v1
2668	MCRC0002668	1	4JAG96	v1
2669	MCRC0002669	1	JZVRR1	v1
2670	MCRC0002670	1	4IA13K	v1
2671	MCRC0002671	1	3C1RYH	v1
2672	MCRC0002672	1	CERACP	v1
2673	MCRC0002673	1	GPFPUN	v1
2674	MCRC0002674	1	XWT80F	v1
2675	MCRC0002675	1	RXTKSN	v1
2676	MCRC0002676	1	MTNFR8	v1
2677	MCRC0002677	1	4IP92X	v1
2678	MCRC0002678	1	225RX1	v1
2679	MCRC0002679	1	V2SEPX	v1
2680	MCRC0002680	1	703U33	v1
2681	MCRC0002681	1	L4SEHL	v1
2682	MCRC0002682	1	XYCJ86	v1
2683	MCRC0002683	1	XUP8VH	v1
2684	MCRC0002684	1	PFX5DZ	v1
2685	MCRC0002685	1	D558S1	v1
2686	MCRC0002686	1	50B86F	v1
2687	MCRC0002687	1	K7822C	v1
2688	MCRC0002688	1	M072D4	v1
2689	MCRC0002689	1	G1BNMP	v1
2690	MCRC0002690	1	Z33R3A	v1
2691	MCRC0002691	1	HGELIH	v1
2692	MCRC0002692	1	4RYJH8	v1
2693	MCRC0002693	1	SHKLHH	v1
2694	MCRC0002694	1	LNJ9DN	v1
2695	MCRC0002695	1	JSP61Z	v1
2696	MCRC0002696	1	M224C7	v1
2697	MCRC0002697	1	BKU1A0	v1
2698	MCRC0002698	1	J5F50Q	v1
2699	MCRC0002699	1	3UAL4J	v1
2700	MCRC0002700	1	QP7GL8	v1
2701	MCRC0002701	1	EFWNI6	v1
2702	MCRC0002702	1	7UK45Y	v1
2703	MCRC0002703	1	Y4F994	v1
2704	MCRC0002704	1	C994WC	v1
2705	MCRC0002705	1	DL4RA8	v1
2706	MCRC0002706	1	XL02Q5	v1
2707	MCRC0002707	1	KJZKGC	v1
2708	MCRC0002708	1	B6S5FS	v1
2709	MCRC0002709	1	W42KZE	v1
2710	MCRC0002710	1	SFTYJS	v1
2711	MCRC0002711	1	77RIQE	v1
2712	MCRC0002712	1	GZFLH0	v1
2713	MCRC0002713	1	0AEC16	v1
2714	MCRC0002714	1	ZUM5JG	v1
2715	MCRC0002715	1	JL7W2C	v1
2716	MCRC0002716	1	9Y0N4B	v1
2717	MCRC0002717	1	AV8Q33	v1
2718	MCRC0002718	1	PPRCR3	v1
2719	MCRC0002719	1	R8NK24	v1
2720	MCRC0002720	1	M0NEAC	v1
2721	MCRC0002721	1	JFRHNR	v1
2722	MCRC0002722	1	UQV3Y7	v1
2723	MCRC0002723	1	AM6RJQ	v1
2724	MCRC0002724	1	ECBP6G	v1
2725	MCRC0002725	1	Z0VYK0	v1
2726	MCRC0002726	1	D8F32A	v1
2727	MCRC0002727	1	81Z45W	v1
2728	MCRC0002728	1	BXNIEU	v1
2729	MCRC0002729	1	B7WT15	v1
2730	MCRC0002730	1	RZNP69	v1
2731	MCRC0002731	1	E29P72	v1
2732	MCRC0002732	1	FEA2W8	v1
2733	MCRC0002733	1	XRCFSD	v1
2734	MCRC0002734	1	TMY2I2	v1
2735	MCRC0002735	1	AWMMG0	v1
2736	MCRC0002736	1	X57FA3	v1
2737	MCRC0002737	1	1NPLRC	v1
2738	MCRC0002738	1	R50DEB	v1
2739	MCRC0002739	1	ITJ6VK	v1
2740	MCRC0002740	1	B8AU9H	v1
2741	MCRC0002741	1	1Q2XLW	v1
2742	MCRC0002742	1	99P8FK	v1
2743	MCRC0002743	1	X1SB5R	v1
2744	MCRC0002744	1	INQNMV	v1
2745	MCRC0002745	1	HKU5FF	v1
2746	MCRC0002746	1	74JWLN	v1
2747	MCRC0002747	1	JT3ZTE	v1
2748	MCRC0002748	1	R0NDI2	v1
2749	MCRC0002749	1	IWN98E	v1
2750	MCRC0002750	1	HZP1UB	v1
2751	MCRC0002751	1	114HQC	v1
2752	MCRC0002752	1	MQLZ0F	v1
2753	MCRC0002753	1	ZFDW9D	v1
2754	MCRC0002754	1	GPFK5J	v1
2755	MCRC0002755	1	NBK1GF	v1
2756	MCRC0002756	1	B7W8QG	v1
2757	MCRC0002757	1	1XFTFP	v1
2758	MCRC0002758	1	NB6HQR	v1
2759	MCRC0002759	1	ITLXNI	v1
2760	MCRC0002760	1	69PENT	v1
2761	MCRC0002761	1	J0BIWI	v1
2762	MCRC0002762	1	7YZM05	v1
2763	MCRC0002763	1	J4XMXS	v1
2764	MCRC0002764	1	PQ8WAY	v1
2765	MCRC0002765	1	GREWWE	v1
2766	MCRC0002766	1	6BUAPM	v1
2767	MCRC0002767	1	EKXDZL	v1
2768	MCRC0002768	1	87IRBL	v1
2769	MCRC0002769	1	69YRIU	v1
2770	MCRC0002770	1	0F6CIR	v1
2771	MCRC0002771	1	V9KR6V	v1
2772	MCRC0002772	1	01TNT3	v1
2773	MCRC0002773	1	WE3S0H	v1
2774	MCRC0002774	1	WF7G40	v1
2775	MCRC0002775	1	0F859W	v1
2776	MCRC0002776	1	TZ2AQR	v1
2777	MCRC0002777	1	FG1N6J	v1
2778	MCRC0002778	1	3L2FDZ	v1
2779	MCRC0002779	1	EDGKYJ	v1
2780	MCRC0002780	1	62PPN9	v1
2781	MCRC0002781	1	94UWMG	v1
2782	MCRC0002782	1	XXANC3	v1
2783	MCRC0002783	1	4VDKIL	v1
2784	MCRC0002784	1	0IW0C6	v1
2785	MCRC0002785	1	JC9UJ5	v1
2786	MCRC0002786	1	GG3R8X	v1
2787	MCRC0002787	1	IS9F69	v1
2788	MCRC0002788	1	G7NT31	v1
2789	MCRC0002789	1	RQBIAS	v1
2790	MCRC0002790	1	8MNARI	v1
2791	MCRC0002791	1	WRYUDM	v1
2792	MCRC0002792	1	7TSIMV	v1
2793	MCRC0002793	1	D2RVKA	v1
2794	MCRC0002794	1	BUTSEC	v1
2795	MCRC0002795	1	IF4VNV	v1
2796	MCRC0002796	1	YTHV98	v1
2797	MCRC0002797	1	XX4BVP	v1
2798	MCRC0002798	1	PIHA3E	v1
2799	MCRC0002799	1	5YVR5K	v1
2800	MCRC0002800	1	7QXVNB	v1
2801	MCRC0002801	1	JA3M20	v1
2802	MCRC0002802	1	ZH0HPN	v1
2803	MCRC0002803	1	IN7V0D	v1
2804	MCRC0002804	1	3UIYLF	v1
2805	MCRC0002805	1	I4JWTS	v1
2806	MCRC0002806	1	ISYZGC	v1
2807	MCRC0002807	1	K7GRVQ	v1
2808	MCRC0002808	1	KWV15J	v1
2809	MCRC0002809	1	P6KQJR	v1
2810	MCRC0002810	1	S7RRR1	v1
2811	MCRC0002811	1	A8YAG7	v1
2812	MCRC0002812	1	IGE1VY	v1
2813	MCRC0002813	1	HI53L2	v1
2814	MCRC0002814	1	XVH8TH	v1
2815	MCRC0002815	1	IBKGZG	v1
2816	MCRC0002816	1	R220PC	v1
2817	MCRC0002817	1	2U1HRR	v1
2818	MCRC0002818	1	XTASJ6	v1
2819	MCRC0002819	1	XY544I	v1
2820	MCRC0002820	1	FZ5WR4	v1
2821	MCRC0002821	1	4I149A	v1
2822	MCRC0002822	1	65Q3K5	v1
2823	MCRC0002823	1	JXA7GR	v1
2824	MCRC0002824	1	2SS87Y	v1
2825	MCRC0002825	1	CWNCG5	v1
2826	MCRC0002826	1	ICQDIG	v1
2827	MCRC0002827	1	P149QP	v1
2828	MCRC0002828	1	SV8L66	v1
2829	MCRC0002829	1	KTRS9V	v1
2830	MCRC0002830	1	N9N69T	v1
2831	MCRC0002831	1	Y63KXM	v1
2832	MCRC0002832	1	IXW67N	v1
2833	MCRC0002833	1	KWURQK	v1
2834	MCRC0002834	1	ZP0MT3	v1
2835	MCRC0002835	1	60EV0Y	v1
2836	MCRC0002836	1	0U62ZR	v1
2837	MCRC0002837	1	YLVSEW	v1
2838	MCRC0002838	1	DFI0M0	v1
2839	MCRC0002839	1	BD8D0E	v1
2840	MCRC0002840	1	927QQ8	v1
2841	MCRC0002841	1	55IEGZ	v1
2842	MCRC0002842	1	B252FZ	v1
2843	MCRC0002843	1	KF2LGV	v1
2844	MCRC0002844	1	VY43JT	v1
2845	MCRC0002845	1	DT6ZH1	v1
2846	MCRC0002846	1	42C4T2	v1
2847	MCRC0002847	1	AEX6NT	v1
2848	MCRC0002848	1	YXJM89	v1
2849	MCRC0002849	1	FGTVWF	v1
2850	MCRC0002850	1	34FLVD	v1
2851	MCRC0002851	1	W7RYBN	v1
2852	MCRC0002852	1	MS20GZ	v1
2853	MCRC0002853	1	UIUK0N	v1
2854	MCRC0002854	1	EYGRZ0	v1
2855	MCRC0002855	1	XV09UP	v1
2856	MCRC0002856	1	DNK2KF	v1
2857	MCRC0002857	1	8JADCC	v1
2858	MCRC0002858	1	NABKFU	v1
2859	MCRC0002859	1	0MPVW4	v1
2860	MCRC0002860	1	HL889Z	v1
2861	MCRC0002861	1	WKZYIV	v1
2862	MCRC0002862	1	7X16QV	v1
2863	MCRC0002863	1	545TFU	v1
2864	MCRC0002864	1	DHBKWZ	v1
2865	MCRC0002865	1	QMPR77	v1
2866	MCRC0002866	1	UYQW4R	v1
2867	MCRC0002867	1	IMULSI	v1
2868	MCRC0002868	1	JSBALS	v1
2869	MCRC0002869	1	9WP2MM	v1
2870	MCRC0002870	1	F28AST	v1
2871	MCRC0002871	1	YK0VN9	v1
2872	MCRC0002872	1	YMMXDV	v1
2873	MCRC0002873	1	PPL9WH	v1
2874	MCRC0002874	1	0XE3W9	v1
2875	MCRC0002875	1	XD2RYY	v1
2876	MCRC0002876	1	BC0NV1	v1
2877	MCRC0002877	1	BKA7Z4	v1
2878	MCRC0002878	1	K010QY	v1
2879	MCRC0002879	1	DYIBEF	v1
2880	MCRC0002880	1	ACKGWE	v1
2881	MCRC0002881	1	BKSQWH	v1
2882	MCRC0002882	1	L57CKT	v1
2883	MCRC0002883	1	N30SM3	v1
2884	MCRC0002884	1	C9UQU7	v1
2885	MCRC0002885	1	S2WIBU	v1
2886	MCRC0002886	1	KJRUXT	v1
2887	MCRC0002887	1	SU5XU8	v1
2888	MCRC0002888	1	331K3G	v1
2889	MCRC0002889	1	343PY1	v1
2890	MCRC0002890	1	5W778J	v1
2891	MCRC0002891	1	AUBUC6	v1
2892	MCRC0002892	1	Y2YCTN	v1
2893	MCRC0002893	1	L80HWH	v1
2894	MCRC0002894	1	19DJR6	v1
2895	MCRC0002895	1	C20J2B	v1
2896	MCRC0002896	1	WCTP3A	v1
2897	MCRC0002897	1	AYDW8R	v1
2898	MCRC0002898	1	SWPYEY	v1
2899	MCRC0002899	1	1JMSN3	v1
2900	MCRC0002900	1	E1UNLU	v1
2901	MCRC0002901	1	D65821	v1
2902	MCRC0002902	1	7SSU2A	v1
2903	MCRC0002903	1	0SM780	v1
2904	MCRC0002904	1	Q6TZB0	v1
2905	MCRC0002905	1	I10HV1	v1
2906	MCRC0002906	1	A4TZ26	v1
2907	MCRC0002907	1	K50T68	v1
2908	MCRC0002908	1	SBHCF1	v1
2909	MCRC0002909	1	G53BZ9	v1
2910	MCRC0002910	1	DG6F85	v1
2911	MCRC0002911	1	KK8TBJ	v1
2912	MCRC0002912	1	3078WA	v1
2913	MCRC0002913	1	TA8XD3	v1
2914	MCRC0002914	1	6KYKU4	v1
2915	MCRC0002915	1	ZMC8RT	v1
2916	MCRC0002916	1	BNSEIH	v1
2917	MCRC0002917	1	2400HH	v1
2918	MCRC0002918	1	NF3FIE	v1
2919	MCRC0002919	1	VRPDNP	v1
2920	MCRC0002920	1	ST97S9	v1
2921	MCRC0002921	1	S97TIB	v1
2922	MCRC0002922	1	HNVM9D	v1
2923	MCRC0002923	1	UFXSKC	v1
2924	MCRC0002924	1	UXSDQ9	v1
2925	MCRC0002925	1	3K0M2D	v1
2926	MCRC0002926	1	QMJT9P	v1
2927	MCRC0002927	1	W4GUBD	v1
2928	MCRC0002928	1	JQGWL4	v1
2929	MCRC0002929	1	5N8Y2H	v1
2930	MCRC0002930	1	68IKNB	v1
2931	MCRC0002931	1	93VZGL	v1
2932	MCRC0002932	1	DTBV4L	v1
2933	MCRC0002933	1	94UTMQ	v1
2934	MCRC0002934	1	GP74YC	v1
2935	MCRC0002935	1	LRWNEZ	v1
2936	MCRC0002936	1	7XGGP3	v1
2937	MCRC0002937	1	EMJUW5	v1
2938	MCRC0002938	1	26DU42	v1
2939	MCRC0002939	1	1TV0I6	v1
2940	MCRC0002940	1	0X7F1W	v1
2941	MCRC0002941	1	DWBYTZ	v1
2942	MCRC0002942	1	WPBFGN	v1
2943	MCRC0002943	1	73DECM	v1
2944	MCRC0002944	1	UEEMLW	v1
2945	MCRC0002945	1	FZM9VM	v1
2946	MCRC0002946	1	1G0DY7	v1
2947	MCRC0002947	1	DNUC4P	v1
2948	MCRC0002948	1	YZTL75	v1
2949	MCRC0002949	1	2VWMIT	v1
2950	MCRC0002950	1	1RNQ8H	v1
2951	MCRC0002951	1	1ZU6X1	v1
2952	MCRC0002952	1	RKW8UI	v1
2953	MCRC0002953	1	EEFYEZ	v1
2954	MCRC0002954	1	ARAZSY	v1
2955	MCRC0002955	1	MUPDZ3	v1
2956	MCRC0002956	1	CDK61A	v1
2957	MCRC0002957	1	I7Z86K	v1
2958	MCRC0002958	1	X0FI4J	v1
2959	MCRC0002959	1	FZSYJ4	v1
2960	MCRC0002960	1	ARGSH8	v1
2961	MCRC0002961	1	JVYX8X	v1
2962	MCRC0002962	1	P1S150	v1
2963	MCRC0002963	1	4VBMN8	v1
2964	MCRC0002964	1	7CFQQ6	v1
2965	MCRC0002965	1	4NQNC3	v1
2966	MCRC0002966	1	C75Y38	v1
2967	MCRC0002967	1	FK06LE	v1
2968	MCRC0002968	1	EC4H9G	v1
2969	MCRC0002969	1	LGFWBX	v1
2970	MCRC0002970	1	7TQ4LQ	v1
2971	MCRC0002971	1	X11SQN	v1
2972	MCRC0002972	1	QB4G9K	v1
2973	MCRC0002973	1	JURED8	v1
2974	MCRC0002974	1	FJS7IU	v1
2975	MCRC0002975	1	KKJTJA	v1
2976	MCRC0002976	1	12CM6A	v1
2977	MCRC0002977	1	9YPVG0	v1
2978	MCRC0002978	1	XCVWEI	v1
2979	MCRC0002979	1	L3XH3J	v1
2980	MCRC0002980	1	NCEKUG	v1
2981	MCRC0002981	1	85WZE4	v1
2982	MCRC0002982	1	LFQINR	v1
2983	MCRC0002983	1	RDM438	v1
2984	MCRC0002984	1	K1QA24	v1
2985	MCRC0002985	1	J8VKCR	v1
2986	MCRC0002986	1	QHSI3R	v1
2987	MCRC0002987	1	UNQ1C6	v1
2988	MCRC0002988	1	52A3LE	v1
2989	MCRC0002989	1	NMYXEQ	v1
2990	MCRC0002990	1	HDTP1H	v1
2991	MCRC0002991	1	EM1121	v1
2992	MCRC0002992	1	GF4Z3P	v1
2993	MCRC0002993	1	1403ZP	v1
2994	MCRC0002994	1	QSU21N	v1
2995	MCRC0002995	1	B8RLSC	v1
2996	MCRC0002996	1	5FZBV3	v1
2997	MCRC0002997	1	T4AZYG	v1
2998	MCRC0002998	1	76105Z	v1
2999	MCRC0002999	1	VR1EEU	v1
3000	MCRC0003000	1	S1KHAM	v1
3001	MCRC0003001	1	1N2HDE	v1
3002	MCRC0003002	1	GAFV5R	v1
3003	MCRC0003003	1	HFSF97	v1
3004	MCRC0003004	1	V731DI	v1
3005	MCRC0003005	1	R39XPD	v1
3006	MCRC0003006	1	9TJNJ4	v1
3007	MCRC0003007	1	PXQVEW	v1
3008	MCRC0003008	1	V0E1T4	v1
3009	MCRC0003009	1	JFVT7Y	v1
3010	MCRC0003010	1	8A968A	v1
3011	MCRC0003011	1	63T83C	v1
3012	MCRC0003012	1	Q1NVNP	v1
3013	MCRC0003013	1	U3CMUX	v1
3014	MCRC0003014	1	AUZR0H	v1
3015	MCRC0003015	1	W2TCY4	v1
3016	MCRC0003016	1	623VL3	v1
3017	MCRC0003017	1	AZL85F	v1
3018	MCRC0003018	1	I31UJS	v1
3019	MCRC0003019	1	IRR4CY	v1
3020	MCRC0003020	1	E1J9LC	v1
3021	MCRC0003021	1	2V2LRB	v1
3022	MCRC0003022	1	8HKGG3	v1
3023	MCRC0003023	1	YEFM7X	v1
3024	MCRC0003024	1	MR5IU1	v1
3025	MCRC0003025	1	922M3Z	v1
3026	MCRC0003026	1	12ZD4S	v1
3027	MCRC0003027	1	FDPZ0C	v1
3028	MCRC0003028	1	FDJ4B3	v1
3029	MCRC0003029	1	NVTCUX	v1
3030	MCRC0003030	1	WL39M0	v1
3031	MCRC0003031	1	7P558B	v1
3032	MCRC0003032	1	72A3PM	v1
3033	MCRC0003033	1	6J4LWT	v1
3034	MCRC0003034	1	A7NV73	v1
3035	MCRC0003035	1	XW6PPW	v1
3036	MCRC0003036	1	VP34ZU	v1
3037	MCRC0003037	1	FARXPK	v1
3038	MCRC0003038	1	N28N8F	v1
3039	MCRC0003039	1	K3J5X7	v1
3040	MCRC0003040	1	AYPGEK	v1
3041	MCRC0003041	1	4ILTP0	v1
3042	MCRC0003042	1	50N6YR	v1
3043	MCRC0003043	1	J2X5LA	v1
3044	MCRC0003044	1	GVXFV5	v1
3045	MCRC0003045	1	CVJ46C	v1
3046	MCRC0003046	1	1PNDT3	v1
3047	MCRC0003047	1	2YZASP	v1
3048	MCRC0003048	1	2EV5YR	v1
3049	MCRC0003049	1	991R8R	v1
3050	MCRC0003050	1	FJ3ZH3	v1
3051	MCRC0003051	1	08M3D9	v1
3052	MCRC0003052	1	9WKVQT	v1
3053	MCRC0003053	1	3VWKTC	v1
3054	MCRC0003054	1	83FTCE	v1
3055	MCRC0003055	1	B4B8SS	v1
3056	MCRC0003056	1	SPJ9BU	v1
3057	MCRC0003057	1	833YW9	v1
3058	MCRC0003058	1	V8U5PH	v1
3059	MCRC0003059	1	AYKSMK	v1
3060	MCRC0003060	1	T3Z49E	v1
3061	MCRC0003061	1	QQN2EK	v1
3062	MCRC0003062	1	VINSS5	v1
3063	MCRC0003063	1	WG8B8Q	v1
3064	MCRC0003064	1	5VAUZ0	v1
3065	MCRC0003065	1	TX2D0D	v1
3066	MCRC0003066	1	QZHHWY	v1
3067	MCRC0003067	1	L0BWJ6	v1
3068	MCRC0003068	1	ALH80T	v1
3069	MCRC0003069	1	LFDCH9	v1
3070	MCRC0003070	1	X4SWCB	v1
3071	MCRC0003071	1	80FBY9	v1
3072	MCRC0003072	1	18WVEN	v1
3073	MCRC0003073	1	GUE29B	v1
3074	MCRC0003074	1	B5E8RD	v1
3075	MCRC0003075	1	CTN5TL	v1
3076	MCRC0003076	1	3HT93S	v1
3077	MCRC0003077	1	LWCRGV	v1
3078	MCRC0003078	1	XZEQVI	v1
3079	MCRC0003079	1	I3Q3B6	v1
3080	MCRC0003080	1	VUI9Q3	v1
3081	MCRC0003081	1	N6GSQP	v1
3082	MCRC0003082	1	CMIPC6	v1
3083	MCRC0003083	1	JVAC2T	v1
3084	MCRC0003084	1	0VSHEF	v1
3085	MCRC0003085	1	JS31F8	v1
3086	MCRC0003086	1	UZKH8K	v1
3087	MCRC0003087	1	7KK56P	v1
3088	MCRC0003088	1	9IUE9D	v1
3089	MCRC0003089	1	UG42U9	v1
3090	MCRC0003090	1	ZXDP6A	v1
3091	MCRC0003091	1	IJRG28	v1
3092	MCRC0003092	1	WKJEU3	v1
3093	MCRC0003093	1	SFU1D9	v1
3094	MCRC0003094	1	XKM6WQ	v1
3095	MCRC0003095	1	C111SE	v1
3096	MCRC0003096	1	N9C195	v1
3097	MCRC0003097	1	YR9WCZ	v1
3098	MCRC0003098	1	ITNYVH	v1
3099	MCRC0003099	1	G61QK9	v1
3100	MCRC0003100	1	QYQVZB	v1
3101	MCRC0003101	1	GSRT32	v1
3102	MCRC0003102	1	1KPHSI	v1
3103	MCRC0003103	1	GDF5F3	v1
3104	MCRC0003104	1	ICFR6T	v1
3105	MCRC0003105	1	BZK99Y	v1
3106	MCRC0003106	1	14ZCUM	v1
3107	MCRC0003107	1	GQ6RL5	v1
3108	MCRC0003108	1	BEKLJX	v1
3109	MCRC0003109	1	MYJNS0	v1
3110	MCRC0003110	1	K276XV	v1
3111	MCRC0003111	1	EVLCTI	v1
3112	MCRC0003112	1	J1P445	v1
3113	MCRC0003113	1	XZJE7J	v1
3114	MCRC0003114	1	V50LQG	v1
3115	MCRC0003115	1	IJRCAB	v1
3116	MCRC0003116	1	LMQS6A	v1
3117	MCRC0003117	1	HRRZ54	v1
3118	MCRC0003118	1	R5E01C	v1
3119	MCRC0003119	1	DZ9THJ	v1
3120	MCRC0003120	1	0GULZF	v1
3121	MCRC0003121	1	KYMI3J	v1
3122	MCRC0003122	1	IN94YU	v1
3123	MCRC0003123	1	YU1AWT	v1
3124	MCRC0003124	1	SXS4YP	v1
3125	MCRC0003125	1	N0JFCY	v1
3126	MCRC0003126	1	H3D0I6	v1
3127	MCRC0003127	1	K1IWEV	v1
3128	MCRC0003128	1	78MR2Y	v1
3129	MCRC0003129	1	WR05ZM	v1
3130	MCRC0003130	1	YJ1X1F	v1
3131	MCRC0003131	1	D4LU59	v1
3132	MCRC0003132	1	7LMAQF	v1
3133	MCRC0003133	1	PND082	v1
3134	MCRC0003134	1	1F3RKX	v1
3135	MCRC0003135	1	07FZLE	v1
3136	MCRC0003136	1	DKIWDZ	v1
3137	MCRC0003137	1	IAHZLZ	v1
3138	MCRC0003138	1	40IAID	v1
3139	MCRC0003139	1	A8WCKA	v1
3140	MCRC0003140	1	5N2J1I	v1
3141	MCRC0003141	1	2T8NZD	v1
3142	MCRC0003142	1	5NSNFS	v1
3143	MCRC0003143	1	VUIXNV	v1
3144	MCRC0003144	1	H1EEIC	v1
3145	MCRC0003145	1	JKFBZW	v1
3146	MCRC0003146	1	VNHIHP	v1
3147	MCRC0003147	1	UCYWG8	v1
3148	MCRC0003148	1	9KBD5B	v1
3149	MCRC0003149	1	ACQH8Z	v1
3150	MCRC0003150	1	ZGTFJG	v1
3151	MCRC0003151	1	H9MVVQ	v1
3152	MCRC0003152	1	8AIZ0L	v1
3153	MCRC0003153	1	IH6TFN	v1
3154	MCRC0003154	1	KASAIH	v1
3155	MCRC0003155	1	P35QFQ	v1
3156	MCRC0003156	1	MB2RA5	v1
3157	MCRC0003157	1	4EDBX7	v1
3158	MCRC0003158	1	E8ZDPC	v1
3159	MCRC0003159	1	6XS6LH	v1
3160	MCRC0003160	1	VPYYM9	v1
3161	MCRC0003161	1	4Y68PC	v1
3162	MCRC0003162	1	YVF6CG	v1
3163	MCRC0003163	1	ZNGW7T	v1
3164	MCRC0003164	1	9U48US	v1
3165	MCRC0003165	1	HCQDNB	v1
3166	MCRC0003166	1	FXYG40	v1
3167	MCRC0003167	1	RP9HBK	v1
3168	MCRC0003168	1	LTG378	v1
3169	MCRC0003169	1	XW08UL	v1
3170	MCRC0003170	1	UA27U8	v1
3171	MCRC0003171	1	JZEJ2S	v1
3172	MCRC0003172	1	G94U22	v1
3173	MCRC0003173	1	0Q9BAC	v1
3174	MCRC0003174	1	ZG9IL3	v1
3175	MCRC0003175	1	LQHWI4	v1
3176	MCRC0003176	1	5AN4HG	v1
3177	MCRC0003177	1	SJUBTM	v1
3178	MCRC0003178	1	ED8QDN	v1
3179	MCRC0003179	1	56EWP0	v1
3180	MCRC0003180	1	FFDJYD	v1
3181	MCRC0003181	1	FVY1GU	v1
3182	MCRC0003182	1	2U91MP	v1
3183	MCRC0003183	1	7IVUKN	v1
3184	MCRC0003184	1	CYHWDX	v1
3185	MCRC0003185	1	A7E6SC	v1
3186	MCRC0003186	1	ZR0WVP	v1
3187	MCRC0003187	1	Z76LZU	v1
3188	MCRC0003188	1	EL2LP9	v1
3189	MCRC0003189	1	QPWTCE	v1
3190	MCRC0003190	1	ZN2QG0	v1
3191	MCRC0003191	1	1RCJXM	v1
3192	MCRC0003192	1	RHX7LE	v1
3193	MCRC0003193	1	5WUQ9E	v1
3194	MCRC0003194	1	4FVW30	v1
3195	MCRC0003195	1	09WMV5	v1
3196	MCRC0003196	1	NX4Z0L	v1
3197	MCRC0003197	1	QXDQ5Q	v1
3198	MCRC0003198	1	VUCRYK	v1
3199	MCRC0003199	1	XNLYF2	v1
3200	MCRC0003200	1	CA7D4L	v1
3201	MCRC0003201	1	94WVLI	v1
3202	MCRC0003202	1	R22DUL	v1
3203	MCRC0003203	1	BPUHSF	v1
3204	MCRC0003204	1	X3V3AP	v1
3205	MCRC0003205	1	03EZQK	v1
3206	MCRC0003206	1	U5FP4X	v1
3207	MCRC0003207	1	TVC9MT	v1
3208	MCRC0003208	1	IB9G2Y	v1
3209	MCRC0003209	1	V50LBW	v1
3210	MCRC0003210	1	IQUQIF	v1
3211	MCRC0003211	1	0EGY2C	v1
3212	MCRC0003212	1	PSJL82	v1
3213	MCRC0003213	1	FBRI7X	v1
3214	MCRC0003214	1	J3M7TB	v1
3215	MCRC0003215	1	5GHHLF	v1
3216	MCRC0003216	1	2TCUX6	v1
3217	MCRC0003217	1	G68PUB	v1
3218	MCRC0003218	1	08V2Z2	v1
3219	MCRC0003219	1	JR8KGW	v1
3220	MCRC0003220	1	LLVABZ	v1
3221	MCRC0003221	1	181EGA	v1
3222	MCRC0003222	1	FB7D9K	v1
3223	MCRC0003223	1	RNWRYS	v1
3224	MCRC0003224	1	PDKQCM	v1
3225	MCRC0003225	1	QXDAAV	v1
3226	MCRC0003226	1	LQ3L3H	v1
3227	MCRC0003227	1	WGMT51	v1
3228	MCRC0003228	1	4UKUD7	v1
3229	MCRC0003229	1	M567TP	v1
3230	MCRC0003230	1	XKV49E	v1
3231	MCRC0003231	1	HF8M0I	v1
3232	MCRC0003232	1	HDYL4E	v1
3233	MCRC0003233	1	8G8DUZ	v1
3234	MCRC0003234	1	BXCXHF	v1
3235	MCRC0003235	1	EKGNFS	v1
3236	MCRC0003236	1	WUXHB4	v1
3237	MCRC0003237	1	Q0W5SP	v1
3238	MCRC0003238	1	FJT9BH	v1
3239	MCRC0003239	1	EG6DV9	v1
3240	MCRC0003240	1	35DBH7	v1
3241	MCRC0003241	1	VPM7UQ	v1
3242	MCRC0003242	1	WPZX7D	v1
3243	MCRC0003243	1	NTF6II	v1
3244	MCRC0003244	1	2CFV4V	v1
3245	MCRC0003245	1	TA7T1G	v1
3246	MCRC0003246	1	Y496G7	v1
3247	MCRC0003247	1	VDD2MG	v1
3248	MCRC0003248	1	GN23T9	v1
3249	MCRC0003249	1	IW10GD	v1
3250	MCRC0003250	1	X98H1Z	v1
3251	MCRC0003251	1	NXJEPZ	v1
3252	MCRC0003252	1	H8G3BH	v1
3253	MCRC0003253	1	TSK9ZH	v1
3254	MCRC0003254	1	ACT080	v1
3255	MCRC0003255	1	ZN87BB	v1
3256	MCRC0003256	1	RDF6B3	v1
3257	MCRC0003257	1	5JF3FE	v1
3258	MCRC0003258	1	1QGNZ8	v1
3259	MCRC0003259	1	RVBM79	v1
3260	MCRC0003260	1	I3XF8A	v1
3261	MCRC0003261	1	AXXAGJ	v1
3262	MCRC0003262	1	150IM9	v1
3263	MCRC0003263	1	I4S8CZ	v1
3264	MCRC0003264	1	X6GUCL	v1
3265	MCRC0003265	1	EP5QU6	v1
3266	MCRC0003266	1	CMWAYH	v1
3267	MCRC0003267	1	30FM6U	v1
3268	MCRC0003268	1	T09G57	v1
3269	MCRC0003269	1	9C8HMY	v1
3270	MCRC0003270	1	DJGLI8	v1
3271	MCRC0003271	1	42705M	v1
3272	MCRC0003272	1	GGWJSF	v1
3273	MCRC0003273	1	8B2DYP	v1
3274	MCRC0003274	1	F3A15I	v1
3275	MCRC0003275	1	LDNEV3	v1
3276	MCRC0003276	1	D5Z310	v1
3277	MCRC0003277	1	1P7G10	v1
3278	MCRC0003278	1	F9BPAI	v1
3279	MCRC0003279	1	0IWBAZ	v1
3280	MCRC0003280	1	0HL3G5	v1
3281	MCRC0003281	1	0MGXF3	v1
3282	MCRC0003282	1	V7SQYC	v1
3283	MCRC0003283	1	6SV602	v1
3284	MCRC0003284	1	IPRW6T	v1
3285	MCRC0003285	1	627L5A	v1
3286	MCRC0003286	1	2C55PY	v1
3287	MCRC0003287	1	5S4NU4	v1
3288	MCRC0003288	1	42BJCF	v1
3289	MCRC0003289	1	62SVXI	v1
3290	MCRC0003290	1	Q3X61T	v1
3291	MCRC0003291	1	AF6CEA	v1
3292	MCRC0003292	1	HXCSI4	v1
3293	MCRC0003293	1	ZHV99Y	v1
3294	MCRC0003294	1	DWW5X4	v1
3295	MCRC0003295	1	WHLS4W	v1
3296	MCRC0003296	1	JAFL9H	v1
3297	MCRC0003297	1	9TVGAJ	v1
3298	MCRC0003298	1	A8V5GH	v1
3299	MCRC0003299	1	S7N12W	v1
3300	MCRC0003300	1	CFGV8E	v1
3301	MCRC0003301	1	E6MHS9	v1
3302	MCRC0003302	1	UV4SB9	v1
3303	MCRC0003303	1	6S1QS9	v1
3304	MCRC0003304	1	DVY30E	v1
3305	MCRC0003305	1	PSI71E	v1
3306	MCRC0003306	1	UZKZPY	v1
3307	MCRC0003307	1	XAIA74	v1
3308	MCRC0003308	1	GR0446	v1
3309	MCRC0003309	1	1Q88SE	v1
3310	MCRC0003310	1	AG4EV3	v1
3311	MCRC0003311	1	M19SP5	v1
3312	MCRC0003312	1	G5Z1S4	v1
3313	MCRC0003313	1	YSB0ZU	v1
3314	MCRC0003314	1	D2D53A	v1
3315	MCRC0003315	1	ITGNKR	v1
3316	MCRC0003316	1	N8ZLUM	v1
3317	MCRC0003317	1	EQL75I	v1
3318	MCRC0003318	1	1JS913	v1
3319	MCRC0003319	1	GISE2F	v1
3320	MCRC0003320	1	T686WP	v1
3321	MCRC0003321	1	FJX7LD	v1
3322	MCRC0003322	1	JYUEIR	v1
3323	MCRC0003323	1	RJ1SAJ	v1
3324	MCRC0003324	1	A9S6HX	v1
3325	MCRC0003325	1	1FN3V9	v1
3326	MCRC0003326	1	JV0HVG	v1
3327	MCRC0003327	1	8824LD	v1
3328	MCRC0003328	1	CNNR22	v1
3329	MCRC0003329	1	BNIJE5	v1
3330	MCRC0003330	1	I8BZVF	v1
3331	MCRC0003331	1	SN6E2B	v1
3332	MCRC0003332	1	5SBYQV	v1
3333	MCRC0003333	1	YA6A8H	v1
3334	MCRC0003334	1	RD12J3	v1
3335	MCRC0003335	1	ZBD8H5	v1
3336	MCRC0003336	1	KI89N6	v1
3337	MCRC0003337	1	0ENVWV	v1
3338	MCRC0003338	1	DQUIHZ	v1
3339	MCRC0003339	1	BDZUC4	v1
3340	MCRC0003340	1	9EHCUZ	v1
3341	MCRC0003341	1	M4G37L	v1
3342	MCRC0003342	1	N8FXQR	v1
3343	MCRC0003343	1	HFCE4L	v1
3344	MCRC0003344	1	IM254J	v1
3345	MCRC0003345	1	JBP6KT	v1
3346	MCRC0003346	1	AVTN75	v1
3347	MCRC0003347	1	D8U9K6	v1
3348	MCRC0003348	1	UBG08Z	v1
3349	MCRC0003349	1	A6AAGE	v1
3350	MCRC0003350	1	V9FZ6T	v1
3351	MCRC0003351	1	73UUML	v1
3352	MCRC0003352	1	TPKW3N	v1
3353	MCRC0003353	1	QMS5BY	v1
3354	MCRC0003354	1	BLUADH	v1
3355	MCRC0003355	1	EC444W	v1
3356	MCRC0003356	1	ADCRCJ	v1
3357	MCRC0003357	1	1Q18ZC	v1
3358	MCRC0003358	1	SIUY6M	v1
3359	MCRC0003359	1	TV7ST1	v1
3360	MCRC0003360	1	K3093T	v1
3361	MCRC0003361	1	0XK5DB	v1
3362	MCRC0003362	1	AKFWC8	v1
3363	MCRC0003363	1	KYIEPV	v1
3364	MCRC0003364	1	IF60PW	v1
3365	MCRC0003365	1	FYZCRH	v1
3366	MCRC0003366	1	NC6SW6	v1
3367	MCRC0003367	1	PHY3AW	v1
3368	MCRC0003368	1	K27D27	v1
3369	MCRC0003369	1	F8NT69	v1
3370	MCRC0003370	1	1FIZBF	v1
3371	MCRC0003371	1	7R9A5I	v1
3372	MCRC0003372	1	M2WTE2	v1
3373	MCRC0003373	1	5EEWIG	v1
3374	MCRC0003374	1	YG4VZD	v1
3375	MCRC0003375	1	KF7T36	v1
3376	MCRC0003376	1	UCGXFQ	v1
3377	MCRC0003377	1	QL8IDG	v1
3378	MCRC0003378	1	RB56ZZ	v1
3379	MCRC0003379	1	QD7KPY	v1
3380	MCRC0003380	1	02X9RA	v1
3381	MCRC0003381	1	J9Q2HZ	v1
3382	MCRC0003382	1	5HHTEP	v1
3383	MCRC0003383	1	MTBY3N	v1
3384	MCRC0003384	1	K42LZ9	v1
3385	MCRC0003385	1	94BSZU	v1
3386	MCRC0003386	1	Y0XWNG	v1
3387	MCRC0003387	1	KIE9FH	v1
3388	MCRC0003388	1	ZVUXAC	v1
3389	MCRC0003389	1	MF2PWL	v1
3390	MCRC0003390	1	QM7TV7	v1
3391	MCRC0003391	1	FM1I4V	v1
3392	MCRC0003392	1	8BWMSC	v1
3393	MCRC0003393	1	1NMK9X	v1
3394	MCRC0003394	1	C1649P	v1
3395	MCRC0003395	1	0MN24G	v1
3396	MCRC0003396	1	MR9FWN	v1
3397	MCRC0003397	1	QYPA9U	v1
3398	MCRC0003398	1	GR0UF0	v1
3399	MCRC0003399	1	QQ5RHI	v1
3400	MCRC0003400	1	RJIZ7K	v1
3401	MCRC0003401	1	QEU1NM	v1
3402	MCRC0003402	1	97ZZ6I	v1
3403	MCRC0003403	1	PIBJA4	v1
3404	MCRC0003404	1	M6GR70	v1
3405	MCRC0003405	1	XV2L7M	v1
3406	MCRC0003406	1	JMX4NF	v1
3407	MCRC0003407	1	1E22UL	v1
3408	MCRC0003408	1	U700XF	v1
3409	MCRC0003409	1	XVSZ9E	v1
3410	MCRC0003410	1	UDCS83	v1
3411	MCRC0003411	1	8SA4RL	v1
3412	MCRC0003412	1	8QW8LN	v1
3413	MCRC0003413	1	L3YVKQ	v1
3414	MCRC0003414	1	3QT0GD	v1
3415	MCRC0003415	1	K56RE0	v1
3416	MCRC0003416	1	08QHUD	v1
3417	MCRC0003417	1	FX9IF8	v1
3418	MCRC0003418	1	RKBJKG	v1
3419	MCRC0003419	1	SU6XQJ	v1
3420	MCRC0003420	1	JA2Y8F	v1
3421	MCRC0003421	1	01WFR6	v1
3422	MCRC0003422	1	21EKR1	v1
3423	MCRC0003423	1	E2LJ5D	v1
3424	MCRC0003424	1	HLY80G	v1
3425	MCRC0003425	1	WLVBIN	v1
3426	MCRC0003426	1	DPHQAN	v1
3427	MCRC0003427	1	2FCU58	v1
3428	MCRC0003428	1	XIIH5Y	v1
3429	MCRC0003429	1	BTV9MH	v1
3430	MCRC0003430	1	D8THU6	v1
3431	MCRC0003431	1	G9AKBL	v1
3432	MCRC0003432	1	C7TGG0	v1
3433	MCRC0003433	1	W9HKQ1	v1
3434	MCRC0003434	1	B1IID4	v1
3435	MCRC0003435	1	AIJ30T	v1
3436	MCRC0003436	1	CYU3M2	v1
3437	MCRC0003437	1	DHCRN6	v1
3438	MCRC0003438	1	64XXQK	v1
3439	MCRC0003439	1	BPZ7RT	v1
3440	MCRC0003440	1	ACPVUR	v1
3441	MCRC0003441	1	31LL77	v1
3442	MCRC0003442	1	RP4BHV	v1
3443	MCRC0003443	1	ISFJSN	v1
3444	MCRC0003444	1	SAEGQY	v1
3445	MCRC0003445	1	BG7BPS	v1
3446	MCRC0003446	1	GZLHG9	v1
3447	MCRC0003447	1	GEY1WT	v1
3448	MCRC0003448	1	7E8Q0D	v1
3449	MCRC0003449	1	BW5CIJ	v1
3450	MCRC0003450	1	4U4KBD	v1
3451	MCRC0003451	1	ENV8VI	v1
3452	MCRC0003452	1	HKD4J2	v1
3453	MCRC0003453	1	7QBDX4	v1
3454	MCRC0003454	1	TV5MY6	v1
3455	MCRC0003455	1	8C75NC	v1
3456	MCRC0003456	1	0W6PNS	v1
3457	MCRC0003457	1	2E0PPM	v1
3458	MCRC0003458	1	BAXWBS	v1
3459	MCRC0003459	1	02AIU3	v1
3460	MCRC0003460	1	5JEZEK	v1
3461	MCRC0003461	1	80IFLY	v1
3462	MCRC0003462	1	MMBIG8	v1
3463	MCRC0003463	1	20BTU5	v1
3464	MCRC0003464	1	SNACTP	v1
3465	MCRC0003465	1	GUWNQ7	v1
3466	MCRC0003466	1	MDUI73	v1
3467	MCRC0003467	1	BCB9JQ	v1
3468	MCRC0003468	1	NEVEQR	v1
3469	MCRC0003469	1	9MZZ8K	v1
3470	MCRC0003470	1	KIHWI7	v1
3471	MCRC0003471	1	PFKQPG	v1
3472	MCRC0003472	1	MWTW20	v1
3473	MCRC0003473	1	655T15	v1
3474	MCRC0003474	1	CW1II4	v1
3475	MCRC0003475	1	BI1DL7	v1
3476	MCRC0003476	1	SH6D3Y	v1
3477	MCRC0003477	1	QLAZII	v1
3478	MCRC0003478	1	W6SQDV	v1
3479	MCRC0003479	1	12876C	v1
3480	MCRC0003480	1	TUTMYK	v1
3481	MCRC0003481	1	PCW1W5	v1
3482	MCRC0003482	1	S9WLJ9	v1
3483	MCRC0003483	1	2LCS6X	v1
3484	MCRC0003484	1	94HMPU	v1
3485	MCRC0003485	1	43TA82	v1
3486	MCRC0003486	1	V2SR2W	v1
3487	MCRC0003487	1	ZQEYZ3	v1
3488	MCRC0003488	1	F2NGS3	v1
3489	MCRC0003489	1	XKNY51	v1
3490	MCRC0003490	1	XY6WWT	v1
3491	MCRC0003491	1	RU1TJ6	v1
3492	MCRC0003492	1	SG5PBQ	v1
3493	MCRC0003493	1	QRNFU3	v1
3494	MCRC0003494	1	47CJV1	v1
3495	MCRC0003495	1	PQV920	v1
3496	MCRC0003496	1	U0GPYP	v1
3497	MCRC0003497	1	2DDQVZ	v1
3498	MCRC0003498	1	SE0C6S	v1
3499	MCRC0003499	1	RCIGU5	v1
3500	MCRC0003500	1	TWVWJU	v1
3501	MCRC0003501	1	P1U1PB	v1
3502	MCRC0003502	1	QDZVKH	v1
3503	MCRC0003503	1	MX30H1	v1
3504	MCRC0003504	1	VVFCIR	v1
3505	MCRC0003505	1	UZJLCC	v1
3506	MCRC0003506	1	1XRR5E	v1
3507	MCRC0003507	1	DVZANM	v1
3508	MCRC0003508	1	X37D91	v1
3509	MCRC0003509	1	BMZ01X	v1
3510	MCRC0003510	1	E2GQF5	v1
3511	MCRC0003511	1	DKEL1C	v1
3512	MCRC0003512	1	VS5RJ6	v1
3513	MCRC0003513	1	5X2ZZA	v1
3514	MCRC0003514	1	LYK7X1	v1
3515	MCRC0003515	1	53RFXA	v1
3516	MCRC0003516	1	ZXDTZS	v1
3517	MCRC0003517	1	YNGQAV	v1
3518	MCRC0003518	1	NWPYQ7	v1
3519	MCRC0003519	1	5E7JGH	v1
3520	MCRC0003520	1	M3HS73	v1
3521	MCRC0003521	1	BCQEHP	v1
3522	MCRC0003522	1	IWJR2P	v1
3523	MCRC0003523	1	RIUQ5E	v1
3524	MCRC0003524	1	FEN8WK	v1
3525	MCRC0003525	1	IS6G7X	v1
3526	MCRC0003526	1	5DBPY7	v1
3527	MCRC0003527	1	432TTB	v1
3528	MCRC0003528	1	K5XV12	v1
3529	MCRC0003529	1	C2IDK2	v1
3530	MCRC0003530	1	882XVT	v1
3531	MCRC0003531	1	3QS3QV	v1
3532	MCRC0003532	1	R0AFPE	v1
3533	MCRC0003533	1	UAQBG5	v1
3534	MCRC0003534	1	3GU8J5	v1
3535	MCRC0003535	1	ZGPN44	v1
3536	MCRC0003536	1	IQN20A	v1
3537	MCRC0003537	1	KHYS2P	v1
3538	MCRC0003538	1	X93SJM	v1
3539	MCRC0003539	1	SI23X8	v1
3540	MCRC0003540	1	5R9SYH	v1
3541	MCRC0003541	1	N02LTG	v1
3542	MCRC0003542	1	C4NW0E	v1
3543	MCRC0003543	1	WK8CZT	v1
3544	MCRC0003544	1	5L2ZZ5	v1
3545	MCRC0003545	1	ZH6RTV	v1
3546	MCRC0003546	1	5C36VL	v1
3547	MCRC0003547	1	TGAZMB	v1
3548	MCRC0003548	1	Y29Y4W	v1
3549	MCRC0003549	1	94MZNZ	v1
3550	MCRC0003550	1	AUZ4CW	v1
3551	MCRC0003551	1	NYV5MY	v1
3552	MCRC0003552	1	VI7BAQ	v1
3553	MCRC0003553	1	56XQT6	v1
3554	MCRC0003554	1	V3I780	v1
3555	MCRC0003555	1	Q09AAN	v1
3556	MCRC0003556	1	ZGJLCI	v1
3557	MCRC0003557	1	I3DBMT	v1
3558	MCRC0003558	1	03ZUSP	v1
3559	MCRC0003559	1	ANIHAB	v1
3560	MCRC0003560	1	LVIID6	v1
3561	MCRC0003561	1	M1BLUW	v1
3562	MCRC0003562	1	WCLMVW	v1
3563	MCRC0003563	1	8SA84R	v1
3564	MCRC0003564	1	KBSZY1	v1
3565	MCRC0003565	1	01B30X	v1
3566	MCRC0003566	1	6EHLGK	v1
3567	MCRC0003567	1	A5AEA6	v1
3568	MCRC0003568	1	AMRXEE	v1
3569	MCRC0003569	1	4LF6LT	v1
3570	MCRC0003570	1	AP0DXQ	v1
3571	MCRC0003571	1	11SWAB	v1
3572	MCRC0003572	1	VTHVKE	v1
3573	MCRC0003573	1	B3LNCU	v1
3574	MCRC0003574	1	DQP1CT	v1
3575	MCRC0003575	1	B1NG8U	v1
3576	MCRC0003576	1	UVUYMD	v1
3577	MCRC0003577	1	X006L9	v1
3578	MCRC0003578	1	CQZBUS	v1
3579	MCRC0003579	1	7YDFZP	v1
3580	MCRC0003580	1	NEFK9J	v1
3581	MCRC0003581	1	CL6JT7	v1
3582	MCRC0003582	1	GHD4U5	v1
3583	MCRC0003583	1	ZEA1XL	v1
3584	MCRC0003584	1	W1X093	v1
3585	MCRC0003585	1	QAHK51	v1
3586	MCRC0003586	1	GN2GCK	v1
3587	MCRC0003587	1	X84I5X	v1
3588	MCRC0003588	1	992LQA	v1
3589	MCRC0003589	1	0VLZQV	v1
3590	MCRC0003590	1	8ZDEV5	v1
3591	MCRC0003591	1	M0YK1I	v1
3592	MCRC0003592	1	VN6C74	v1
3593	MCRC0003593	1	68DEGR	v1
3594	MCRC0003594	1	Q68FCT	v1
3595	MCRC0003595	1	G3J76U	v1
3596	MCRC0003596	1	INBNWN	v1
3597	MCRC0003597	1	KI4UBG	v1
3598	MCRC0003598	1	22LCG8	v1
3599	MCRC0003599	1	ITVGJQ	v1
3600	MCRC0003600	1	BEFQTB	v1
3601	MCRC0003601	1	C13YLV	v1
3602	MCRC0003602	1	J3NT30	v1
3603	MCRC0003603	1	13JSBU	v1
3604	MCRC0003604	1	30FBTG	v1
3605	MCRC0003605	1	782C5S	v1
3606	MCRC0003606	1	VXDUQ6	v1
3607	MCRC0003607	1	PG19LH	v1
3608	MCRC0003608	1	ZGN7E9	v1
3609	MCRC0003609	1	WUJCG9	v1
3610	MCRC0003610	1	CGM9R9	v1
3611	MCRC0003611	1	ARBCB4	v1
3612	MCRC0003612	1	FX8VMV	v1
3613	MCRC0003613	1	NLJCRC	v1
3614	MCRC0003614	1	MEVRKG	v1
3615	MCRC0003615	1	GECS2Z	v1
3616	MCRC0003616	1	0TN5J0	v1
3617	MCRC0003617	1	0SAAGP	v1
3618	MCRC0003618	1	B8QRYQ	v1
3619	MCRC0003619	1	5RA2NS	v1
3620	MCRC0003620	1	WB6ITG	v1
3621	MCRC0003621	1	JMFZMV	v1
3622	MCRC0003622	1	0Y7PLY	v1
3623	MCRC0003623	1	DUFNZP	v1
3624	MCRC0003624	1	GFNUUE	v1
3625	MCRC0003625	1	ZVJ2ZB	v1
3626	MCRC0003626	1	NY3W3B	v1
3627	MCRC0003627	1	RL1G7N	v1
3628	MCRC0003628	1	9GTW6U	v1
3629	MCRC0003629	1	RDIHK5	v1
3630	MCRC0003630	1	KFZAYT	v1
3631	MCRC0003631	1	H1E8YS	v1
3632	MCRC0003632	1	Z9UERH	v1
3633	MCRC0003633	1	DSDDKN	v1
3634	MCRC0003634	1	E43B8V	v1
3635	MCRC0003635	1	K8CFUN	v1
3636	MCRC0003636	1	7IXH1P	v1
3637	MCRC0003637	1	WEIJJF	v1
3638	MCRC0003638	1	TXVEID	v1
3639	MCRC0003639	1	9UX9FE	v1
3640	MCRC0003640	1	597TSL	v1
3641	MCRC0003641	1	B649YN	v1
3642	MCRC0003642	1	M473YG	v1
3643	MCRC0003643	1	1JTD4U	v1
3644	MCRC0003644	1	KEH5BG	v1
3645	MCRC0003645	1	HXQ1VQ	v1
3646	MCRC0003646	1	S8UPTV	v1
3647	MCRC0003647	1	VDY2P8	v1
3648	MCRC0003648	1	PAGGR6	v1
3649	MCRC0003649	1	ZBUPH6	v1
3650	MCRC0003650	1	CIABIL	v1
3651	MCRC0003651	1	D115GU	v1
3652	MCRC0003652	1	UHWMKH	v1
3653	MCRC0003653	1	J2H5AF	v1
3654	MCRC0003654	1	VJJN2L	v1
3655	MCRC0003655	1	R5LQT0	v1
3656	MCRC0003656	1	J88NWR	v1
3657	MCRC0003657	1	ZL5L2Z	v1
3658	MCRC0003658	1	0MN0V2	v1
3659	MCRC0003659	1	JPA5WE	v1
3660	MCRC0003660	1	V002TB	v1
3661	MCRC0003661	1	M1YVAM	v1
3662	MCRC0003662	1	4M985N	v1
3663	MCRC0003663	1	EBJ6XK	v1
3664	MCRC0003664	1	CBWDI5	v1
3665	MCRC0003665	1	NCBCS8	v1
3666	MCRC0003666	1	C8EWRU	v1
3667	MCRC0003667	1	GGUU73	v1
3668	MCRC0003668	1	IK4XH2	v1
3669	MCRC0003669	1	JTDTX3	v1
3670	MCRC0003670	1	6YHYLK	v1
3671	MCRC0003671	1	CD69AS	v1
3672	MCRC0003672	1	E65PJ6	v1
3673	MCRC0003673	1	SVHSQ3	v1
3674	MCRC0003674	1	6EL9JW	v1
3675	MCRC0003675	1	RDUAB3	v1
3676	MCRC0003676	1	Z57404	v1
3677	MCRC0003677	1	EDQNAG	v1
3678	MCRC0003678	1	S0RM54	v1
3679	MCRC0003679	1	5BNRB9	v1
3680	MCRC0003680	1	RVHHMC	v1
3681	MCRC0003681	1	F64MNX	v1
3682	MCRC0003682	1	BDYBIG	v1
3683	MCRC0003683	1	BQ9CR6	v1
3684	MCRC0003684	1	VWWQBJ	v1
3685	MCRC0003685	1	QZMA8T	v1
3686	MCRC0003686	1	CSBYWQ	v1
3687	MCRC0003687	1	CVVJSB	v1
3688	MCRC0003688	1	IJSWRL	v1
3689	MCRC0003689	1	P9E39P	v1
3690	MCRC0003690	1	E0965C	v1
3691	MCRC0003691	1	925XJU	v1
3692	MCRC0003692	1	C26V3E	v1
3693	MCRC0003693	1	7QLGCQ	v1
3694	MCRC0003694	1	IJRWD0	v1
3695	MCRC0003695	1	CE2XND	v1
3696	MCRC0003696	1	VGVQAW	v1
3697	MCRC0003697	1	GRXNLW	v1
3698	MCRC0003698	1	84XARI	v1
3699	MCRC0003699	1	B8G4IP	v1
3700	MCRC0003700	1	P7XB8C	v1
3701	MCRC0003701	1	I9BN1F	v1
3702	MCRC0003702	1	X6TLBI	v1
3703	MCRC0003703	1	R9NUTP	v1
3704	MCRC0003704	1	DJGXDM	v1
3705	MCRC0003705	1	ALBEUD	v1
3706	MCRC0003706	1	J72YYH	v1
3707	MCRC0003707	1	Y8AZSR	v1
3708	MCRC0003708	1	KMX6GQ	v1
3709	MCRC0003709	1	2Q753H	v1
3710	MCRC0003710	1	GJCLNF	v1
3711	MCRC0003711	1	ZWRZKP	v1
3712	MCRC0003712	1	F0Y0M3	v1
3713	MCRC0003713	1	AYTPPH	v1
3714	MCRC0003714	1	QSRBS7	v1
3715	MCRC0003715	1	WEZTFX	v1
3716	MCRC0003716	1	0L6YXP	v1
3717	MCRC0003717	1	JKLBD6	v1
3718	MCRC0003718	1	S0USZ2	v1
3719	MCRC0003719	1	RUZZSB	v1
3720	MCRC0003720	1	CPXIPS	v1
3721	MCRC0003721	1	GQQJ7C	v1
3722	MCRC0003722	1	4G8XGS	v1
3723	MCRC0003723	1	Z9FR9Q	v1
3724	MCRC0003724	1	M9C5V6	v1
3725	MCRC0003725	1	UQCWNV	v1
3726	MCRC0003726	1	CD1K0Z	v1
3727	MCRC0003727	1	3VFVP6	v1
3728	MCRC0003728	1	G32T4Q	v1
3729	MCRC0003729	1	0LF8K8	v1
3730	MCRC0003730	1	VXQCCY	v1
3731	MCRC0003731	1	IVCRZP	v1
3732	MCRC0003732	1	G1FNCW	v1
3733	MCRC0003733	1	6KW8ZZ	v1
3734	MCRC0003734	1	4KR91P	v1
3735	MCRC0003735	1	NFQECX	v1
3736	MCRC0003736	1	QZMCFB	v1
3737	MCRC0003737	1	D50P3Z	v1
3738	MCRC0003738	1	85WFI5	v1
3739	MCRC0003739	1	KQP1KX	v1
3740	MCRC0003740	1	LT0T81	v1
3741	MCRC0003741	1	100ZXU	v1
3742	MCRC0003742	1	W9WAA6	v1
3743	MCRC0003743	1	DL9A3X	v1
3744	MCRC0003744	1	IJXABX	v1
3745	MCRC0003745	1	TH3ZN2	v1
3746	MCRC0003746	1	DL7DME	v1
3747	MCRC0003747	1	ZGICL6	v1
3748	MCRC0003748	1	9WJZ3G	v1
3749	MCRC0003749	1	EJHW1V	v1
3750	MCRC0003750	1	08FQKG	v1
3751	MCRC0003751	1	5QWLFH	v1
3752	MCRC0003752	1	MG0YDY	v1
3753	MCRC0003753	1	BV5U4Y	v1
3754	MCRC0003754	1	D0TSS6	v1
3755	MCRC0003755	1	JL9CEC	v1
3756	MCRC0003756	1	DEKEEJ	v1
3757	MCRC0003757	1	A6E6J7	v1
3758	MCRC0003758	1	RBV5SN	v1
3759	MCRC0003759	1	A8TAUT	v1
3760	MCRC0003760	1	G5EDX0	v1
3761	MCRC0003761	1	N3MIVI	v1
3762	MCRC0003762	1	M8GP57	v1
3763	MCRC0003763	1	FI0I65	v1
3764	MCRC0003764	1	8U8E5Q	v1
3765	MCRC0003765	1	UBRDTV	v1
3766	MCRC0003766	1	V5GZDL	v1
3767	MCRC0003767	1	K7J2QP	v1
3768	MCRC0003768	1	QLPXC3	v1
3769	MCRC0003769	1	JTC3HG	v1
3770	MCRC0003770	1	6V0C7S	v1
3771	MCRC0003771	1	6IXVPY	v1
3772	MCRC0003772	1	G9KEDY	v1
3773	MCRC0003773	1	X4F5SQ	v1
3774	MCRC0003774	1	YRM2WN	v1
3775	MCRC0003775	1	V4XQXB	v1
3776	MCRC0003776	1	XMMEA5	v1
3777	MCRC0003777	1	NRE2E9	v1
3778	MCRC0003778	1	VL2XW8	v1
3779	MCRC0003779	1	E4EE46	v1
3780	MCRC0003780	1	W2U8H6	v1
3781	MCRC0003781	1	V3TDWE	v1
3782	MCRC0003782	1	FX7VEQ	v1
3783	MCRC0003783	1	J31ACX	v1
3784	MCRC0003784	1	M7M5V8	v1
3785	MCRC0003785	1	AKZX96	v1
3786	MCRC0003786	1	IW4EVX	v1
3787	MCRC0003787	1	ERM1XA	v1
3788	MCRC0003788	1	Y78GB4	v1
3789	MCRC0003789	1	1FSHYW	v1
3790	MCRC0003790	1	IMARDP	v1
3791	MCRC0003791	1	2ADM69	v1
3792	MCRC0003792	1	3QBB3W	v1
3793	MCRC0003793	1	L7C5B7	v1
3794	MCRC0003794	1	FUEF2I	v1
3795	MCRC0003795	1	J79PKE	v1
3796	MCRC0003796	1	1BVKNM	v1
3797	MCRC0003797	1	GZTNK1	v1
3798	MCRC0003798	1	MX1NXQ	v1
3799	MCRC0003799	1	2GWDRE	v1
3800	MCRC0003800	1	VC5GHC	v1
3801	MCRC0003801	1	KGKKJU	v1
3802	MCRC0003802	1	WNL04C	v1
3803	MCRC0003803	1	1IFXB9	v1
3804	MCRC0003804	1	4DDEHE	v1
3805	MCRC0003805	1	HPDNLY	v1
3806	MCRC0003806	1	3F54N6	v1
3807	MCRC0003807	1	BZCQWG	v1
3808	MCRC0003808	1	WZT52N	v1
3809	MCRC0003809	1	YRK572	v1
3810	MCRC0003810	1	4WU7FR	v1
3811	MCRC0003811	1	X7W8PG	v1
3812	MCRC0003812	1	8M0K5T	v1
3813	MCRC0003813	1	WPCM3S	v1
3814	MCRC0003814	1	4SQV5W	v1
3815	MCRC0003815	1	3EUZ2H	v1
3816	MCRC0003816	1	PE22X6	v1
3817	MCRC0003817	1	SLM6LX	v1
3818	MCRC0003818	1	CL3AHU	v1
3819	MCRC0003819	1	ZHGR9J	v1
3820	MCRC0003820	1	JI25S4	v1
3821	MCRC0003821	1	BJ3548	v1
3822	MCRC0003822	1	ZBRMPI	v1
3823	MCRC0003823	1	MWLX7H	v1
3824	MCRC0003824	1	2BDWKA	v1
3825	MCRC0003825	1	MVV13Z	v1
3826	MCRC0003826	1	5NMFCC	v1
3827	MCRC0003827	1	B7SJC6	v1
3828	MCRC0003828	1	0PZ5T2	v1
3829	MCRC0003829	1	4CIRPQ	v1
3830	MCRC0003830	1	X6R59N	v1
3831	MCRC0003831	1	RGLCST	v1
3832	MCRC0003832	1	IJ2BXZ	v1
3833	MCRC0003833	1	2ZSBMA	v1
3834	MCRC0003834	1	KD2EXE	v1
3835	MCRC0003835	1	7RHA1A	v1
3836	MCRC0003836	1	W4QF0W	v1
3837	MCRC0003837	1	PQM0RK	v1
3838	MCRC0003838	1	A3WW2A	v1
3839	MCRC0003839	1	1G6ZBF	v1
3840	MCRC0003840	1	CIBNWR	v1
3841	MCRC0003841	1	AEP0W1	v1
3842	MCRC0003842	1	XNRIUD	v1
3843	MCRC0003843	1	TXMMYF	v1
3844	MCRC0003844	1	H6EJEE	v1
3845	MCRC0003845	1	RDHJHD	v1
3846	MCRC0003846	1	QIUXRY	v1
3847	MCRC0003847	1	5FB2GC	v1
3848	MCRC0003848	1	2K2WXN	v1
3849	MCRC0003849	1	5CL3X8	v1
3850	MCRC0003850	1	QS6MNY	v1
3851	MCRC0003851	1	082AS6	v1
3852	MCRC0003852	1	25HF9A	v1
3853	MCRC0003853	1	F0Z6YU	v1
3854	MCRC0003854	1	GE5UB0	v1
3855	MCRC0003855	1	DLTZHW	v1
3856	MCRC0003856	1	DG5BLB	v1
3857	MCRC0003857	1	YFU8Z0	v1
3858	MCRC0003858	1	6HXIV0	v1
3859	MCRC0003859	1	64ELD1	v1
3860	MCRC0003860	1	NKZV6N	v1
3861	MCRC0003861	1	TNHAM9	v1
3862	MCRC0003862	1	RA975G	v1
3863	MCRC0003863	1	DKUUJ1	v1
3864	MCRC0003864	1	2FVNT6	v1
3865	MCRC0003865	1	RXXXY9	v1
3866	MCRC0003866	1	QCGCJ5	v1
3867	MCRC0003867	1	0CRGS2	v1
3868	MCRC0003868	1	VHCJU9	v1
3869	MCRC0003869	1	JC6PUC	v1
3870	MCRC0003870	1	ZHXJV6	v1
3871	MCRC0003871	1	4AB0ZH	v1
3872	MCRC0003872	1	V30QS9	v1
3873	MCRC0003873	1	KFBA7Q	v1
3874	MCRC0003874	1	A8MVLB	v1
3875	MCRC0003875	1	W6N0AI	v1
3876	MCRC0003876	1	JI79H2	v1
3877	MCRC0003877	1	E93HUF	v1
3878	MCRC0003878	1	WLVIFW	v1
3879	MCRC0003879	1	BXKI3G	v1
3880	MCRC0003880	1	YSTWY0	v1
3881	MCRC0003881	1	VKHXS6	v1
3882	MCRC0003882	1	0HCR0Z	v1
3883	MCRC0003883	1	I0VLL2	v1
3884	MCRC0003884	1	CV7QJF	v1
3885	MCRC0003885	1	BL9MD0	v1
3886	MCRC0003886	1	ISUM8F	v1
3887	MCRC0003887	1	R7EK8I	v1
3888	MCRC0003888	1	HMKT3I	v1
3889	MCRC0003889	1	DBRU7Q	v1
3890	MCRC0003890	1	UDLF4C	v1
3891	MCRC0003891	1	NJAHTW	v1
3892	MCRC0003892	1	9ZC3PI	v1
3893	MCRC0003893	1	E7W88Q	v1
3894	MCRC0003894	1	MZ4MYY	v1
3895	MCRC0003895	1	9CIMPZ	v1
3896	MCRC0003896	1	11DP5J	v1
3897	MCRC0003897	1	41NTJ5	v1
3898	MCRC0003898	1	ZL6VX6	v1
3899	MCRC0003899	1	HKAY6R	v1
3900	MCRC0003900	1	B76EAS	v1
3901	MCRC0003901	1	1GIPQ9	v1
3902	MCRC0003902	1	K6KPBB	v1
3903	MCRC0003903	1	NDPH2M	v1
3904	MCRC0003904	1	EFCM5M	v1
3905	MCRC0003905	1	4R4G12	v1
3906	MCRC0003906	1	S8NMIG	v1
3907	MCRC0003907	1	EDB6NR	v1
3908	MCRC0003908	1	4UVH53	v1
3909	MCRC0003909	1	RY34XN	v1
3910	MCRC0003910	1	I9UAPU	v1
3911	MCRC0003911	1	SLDQND	v1
3912	MCRC0003912	1	705WF4	v1
3913	MCRC0003913	1	V046DE	v1
3914	MCRC0003914	1	KW4YJP	v1
3915	MCRC0003915	1	JQF51Y	v1
3916	MCRC0003916	1	LFRFCY	v1
3917	MCRC0003917	1	H2N3E9	v1
3918	MCRC0003918	1	A8US4Y	v1
3919	MCRC0003919	1	KDKX4E	v1
3920	MCRC0003920	1	WH5SNR	v1
3921	MCRC0003921	1	PQ2371	v1
3922	MCRC0003922	1	P108KY	v1
3923	MCRC0003923	1	H4BVRT	v1
3924	MCRC0003924	1	CPMAVY	v1
3925	MCRC0003925	1	3JZTBI	v1
3926	MCRC0003926	1	ZBGT6J	v1
3927	MCRC0003927	1	9BTR3G	v1
3928	MCRC0003928	1	LR2XFW	v1
3929	MCRC0003929	1	B2B5SA	v1
3930	MCRC0003930	1	9T0AC1	v1
3931	MCRC0003931	1	UWRXGE	v1
3932	MCRC0003932	1	0CE3US	v1
3933	MCRC0003933	1	J01S4L	v1
3934	MCRC0003934	1	EL0IJN	v1
3935	MCRC0003935	1	3XKCXA	v1
3936	MCRC0003936	1	17AEVG	v1
3937	MCRC0003937	1	BW3Y11	v1
3938	MCRC0003938	1	XWC8S9	v1
3939	MCRC0003939	1	D4IVYD	v1
3940	MCRC0003940	1	5AGE0U	v1
3941	MCRC0003941	1	R5Z513	v1
3942	MCRC0003942	1	KNR136	v1
3943	MCRC0003943	1	EBV71W	v1
3944	MCRC0003944	1	EFP5A7	v1
3945	MCRC0003945	1	V91LB9	v1
3946	MCRC0003946	1	MFFYDJ	v1
3947	MCRC0003947	1	MZ17AW	v1
3948	MCRC0003948	1	2Z9AQJ	v1
3949	MCRC0003949	1	QWSKYL	v1
3950	MCRC0003950	1	RIA2EV	v1
3951	MCRC0003951	1	08U4Y6	v1
3952	MCRC0003952	1	6E0F6A	v1
3953	MCRC0003953	1	HP1YY3	v1
3954	MCRC0003954	1	PZ2G9L	v1
3955	MCRC0003955	1	YHKEZ8	v1
3956	MCRC0003956	1	BGKPJE	v1
3957	MCRC0003957	1	DW4UP4	v1
3958	MCRC0003958	1	CSSF9H	v1
3959	MCRC0003959	1	7YIXCE	v1
3960	MCRC0003960	1	WZAH0V	v1
3961	MCRC0003961	1	A28743	v1
3962	MCRC0003962	1	HWJQ2A	v1
3963	MCRC0003963	1	8E7C1R	v1
3964	MCRC0003964	1	2MH6IL	v1
3965	MCRC0003965	1	53R4AW	v1
3966	MCRC0003966	1	V9PNY5	v1
3967	MCRC0003967	1	3Y07LZ	v1
3968	MCRC0003968	1	H6XHWT	v1
3969	MCRC0003969	1	74RHK9	v1
3970	MCRC0003970	1	EFJM6S	v1
3971	MCRC0003971	1	GZXL3E	v1
3972	MCRC0003972	1	IN1J5P	v1
3973	MCRC0003973	1	4BG16R	v1
3974	MCRC0003974	1	8YQ0KB	v1
3975	MCRC0003975	1	M1CBIG	v1
3976	MCRC0003976	1	P0P7CK	v1
3977	MCRC0003977	1	1KGZWU	v1
3978	MCRC0003978	1	QBBSWP	v1
3979	MCRC0003979	1	H8GZE4	v1
3980	MCRC0003980	1	M8MBRK	v1
3981	MCRC0003981	1	X9PNHF	v1
3982	MCRC0003982	1	42DXP5	v1
3983	MCRC0003983	1	6F1KEQ	v1
3984	MCRC0003984	1	MFG5CC	v1
3985	MCRC0003985	1	15EYVD	v1
3986	MCRC0003986	1	FC31N6	v1
3987	MCRC0003987	1	Q3F52R	v1
3988	MCRC0003988	1	5KD6ZQ	v1
3989	MCRC0003989	1	ZJSJPU	v1
3990	MCRC0003990	1	D8L6W2	v1
3991	MCRC0003991	1	MP4PI2	v1
3992	MCRC0003992	1	USYTP7	v1
3993	MCRC0003993	1	G5M1Y3	v1
3994	MCRC0003994	1	KT2W7F	v1
3995	MCRC0003995	1	D9WBZM	v1
3996	MCRC0003996	1	NDQHUH	v1
3997	MCRC0003997	1	2LHCRB	v1
3998	MCRC0003998	1	10ZAXI	v1
3999	MCRC0003999	1	SW4JJD	v1
4000	MCRC0004000	1	LK9D40	v1
4002	MCRC2000001	2	HT7411	v1
4003	MCRC2000002	2	IX7HTP	v1
4004	MCRC2000003	2	NZ5VCH	v1
4005	MCRC2000004	2	S47U5N	v1
4006	MCRC2000005	2	NTNQNW	v1
4007	MCRC2000006	2	MA7WA4	v1
4008	MCRC2000007	2	9IZI26	v1
4009	MCRC2000008	2	KYR0Z1	v1
4010	MCRC2000009	2	0EAY2K	v1
4011	MCRC2000010	2	YGYM38	v1
4012	MCRC2000011	2	VAHEN3	v1
4013	MCRC2000012	2	RG9PHI	v1
4014	MCRC2000013	2	6ZQCD7	v1
4015	MCRC2000014	2	T6EPRY	v1
4016	MCRC2000015	2	BW4VWZ	v1
4017	MCRC2000016	2	1GSC18	v1
4018	MCRC2000017	2	HRD35G	v1
4019	MCRC2000018	2	9DQEBZ	v1
4020	MCRC2000019	2	GWHQB1	v1
4021	MCRC2000020	2	IEP8PL	v1
4022	MCRC2000021	2	ZP9AS5	v1
4023	MCRC2000022	2	BYVUDD	v1
4024	MCRC2000023	2	DR328R	v1
4025	MCRC2000024	2	I4120Z	v1
4026	MCRC2000025	2	8QK7F5	v1
4027	MCRC2000026	2	KUCVVH	v1
4028	MCRC2000027	2	K5TC67	v1
4029	MCRC2000028	2	SNH09D	v1
4030	MCRC2000029	2	5QD2TK	v1
4031	MCRC2000030	2	34DT8W	v1
4032	MCRC2000031	2	ZU9HCK	v1
4033	MCRC2000032	2	C4FB28	v1
4034	MCRC2000033	2	I468P7	v1
4035	MCRC2000034	2	B70SF1	v1
4036	MCRC2000035	2	9ZHCVE	v1
4037	MCRC2000036	2	ZW3N2R	v1
4038	MCRC2000037	2	QR1FPZ	v1
4039	MCRC2000038	2	3ZFHJ9	v1
4040	MCRC2000039	2	6BMH5Q	v1
4041	MCRC2000040	2	WNFBFV	v1
4042	MCRC2000041	2	NGCLH4	v1
4043	MCRC2000042	2	TC32QV	v1
4044	MCRC2000043	2	TWG3PV	v1
4045	MCRC2000044	2	3C0NMZ	v1
4046	MCRC2000045	2	7P1ZWY	v1
4047	MCRC2000046	2	ARUFWG	v1
4048	MCRC2000047	2	26DV5J	v1
4049	MCRC2000048	2	NJ89YL	v1
4050	MCRC2000049	2	35QKW3	v1
4051	MCRC2000050	2	0DU2KU	v1
4052	MCRC2000051	2	ICBZ8L	v1
4053	MCRC2000052	2	NJNLZP	v1
4054	MCRC2000053	2	E4U2ZC	v1
4055	MCRC2000054	2	AK4X8P	v1
4056	MCRC2000055	2	ZVWF0Y	v1
4057	MCRC2000056	2	0UZXI5	v1
4058	MCRC2000057	2	1VCUGE	v1
4059	MCRC2000058	2	MA6QDA	v1
4060	MCRC2000059	2	UUYWQ0	v1
4061	MCRC2000060	2	5UCIJ8	v1
4062	MCRC2000061	2	JL90TI	v1
4063	MCRC2000062	2	3ELZEC	v1
4064	MCRC2000063	2	6PTQMC	v1
4065	MCRC2000064	2	GM7DBM	v1
4066	MCRC2000065	2	DLWMJA	v1
4067	MCRC2000066	2	R677U8	v1
4068	MCRC2000067	2	MYVHG4	v1
4069	MCRC2000068	2	HT10N7	v1
4070	MCRC2000069	2	136QAK	v1
4071	MCRC2000070	2	9AUH5T	v1
4072	MCRC2000071	2	GPNTVN	v1
4073	MCRC2000072	2	2DI913	v1
4074	MCRC2000073	2	P7JIPR	v1
4075	MCRC2000074	2	04TH2S	v1
4076	MCRC2000075	2	HER92K	v1
4077	MCRC2000076	2	RI6H4A	v1
4078	MCRC2000077	2	NLV175	v1
4079	MCRC2000078	2	MISNYV	v1
4080	MCRC2000079	2	BIR4UQ	v1
4081	MCRC2000080	2	XVETUA	v1
4082	MCRC2000081	2	5R0C7Y	v1
4083	MCRC2000082	2	CLM3LE	v1
4084	MCRC2000083	2	9JTZVA	v1
4085	MCRC2000084	2	A6YHZ3	v1
4086	MCRC2000085	2	6Y7G64	v1
4087	MCRC2000086	2	SDFCIM	v1
4088	MCRC2000087	2	IRYGGT	v1
4089	MCRC2000088	2	VDXUZN	v1
4090	MCRC2000089	2	29V3P6	v1
4091	MCRC2000090	2	0R8S2N	v1
4092	MCRC2000091	2	ZS3792	v1
4093	MCRC2000092	2	A917CK	v1
4094	MCRC2000093	2	8EIUEJ	v1
4095	MCRC2000094	2	WHVR34	v1
4096	MCRC2000095	2	X8U5UT	v1
4097	MCRC2000096	2	SURSEB	v1
4098	MCRC2000097	2	EU0LI4	v1
4099	MCRC2000098	2	CLV3WK	v1
4100	MCRC2000099	2	ZLJ9SH	v1
4101	MCRC2000100	2	E94EFM	v1
4102	MCRC2000101	2	1RX0CU	v1
4103	MCRC2000102	2	6PE01U	v1
4104	MCRC2000103	2	K00YF1	v1
4105	MCRC2000104	2	CFCXWF	v1
4106	MCRC2000105	2	UGPDNH	v1
4107	MCRC2000106	2	9RHGF2	v1
4108	MCRC2000107	2	S8PU23	v1
4109	MCRC2000108	2	3GA2AU	v1
4110	MCRC2000109	2	H36ZT9	v1
4111	MCRC2000110	2	FXM1YV	v1
4112	MCRC2000111	2	2LBVXM	v1
4113	MCRC2000112	2	K9ER68	v1
4114	MCRC2000113	2	SVJ8NA	v1
4115	MCRC2000114	2	LXGXN1	v1
4116	MCRC2000115	2	0EXA70	v1
4117	MCRC2000116	2	AHEIA1	v1
4118	MCRC2000117	2	5K2MUJ	v1
4119	MCRC2000118	2	LY0WB3	v1
4120	MCRC2000119	2	7VASHN	v1
4121	MCRC2000120	2	TRBNPL	v1
4122	MCRC2000121	2	PDUPDG	v1
4123	MCRC2000122	2	EK2JTN	v1
4124	MCRC2000123	2	3MANUI	v1
4125	MCRC2000124	2	41FWYI	v1
4126	MCRC2000125	2	5SC3AZ	v1
4127	MCRC2000126	2	9NS1EV	v1
4128	MCRC2000127	2	N62689	v1
4129	MCRC2000128	2	E4Y51B	v1
4130	MCRC2000129	2	WYS5GQ	v1
4131	MCRC2000130	2	58CX3U	v1
4132	MCRC2000131	2	P7CS4R	v1
4133	MCRC2000132	2	HBJ2QD	v1
4134	MCRC2000133	2	3P26BP	v1
4135	MCRC2000134	2	F8IC8B	v1
4136	MCRC2000135	2	WUZHLZ	v1
4137	MCRC2000136	2	679XD5	v1
4138	MCRC2000137	2	F7EF5U	v1
4139	MCRC2000138	2	3ZJDJX	v1
4140	MCRC2000139	2	RVR2ET	v1
4141	MCRC2000140	2	JBKDXJ	v1
4142	MCRC2000141	2	D4VDHY	v1
4143	MCRC2000142	2	IJCCSJ	v1
4144	MCRC2000143	2	RBW4YX	v1
4145	MCRC2000144	2	3LQXGA	v1
4146	MCRC2000145	2	INFPM4	v1
4147	MCRC2000146	2	C5AG3Y	v1
4148	MCRC2000147	2	AQ082W	v1
4149	MCRC2000148	2	HLWT00	v1
4150	MCRC2000149	2	9KSEAT	v1
4151	MCRC2000150	2	7M0DGY	v1
4152	MCRC2000151	2	3VXL7X	v1
4153	MCRC2000152	2	C8EAIN	v1
4154	MCRC2000153	2	ZS6Y7T	v1
4155	MCRC2000154	2	HK8WNI	v1
4156	MCRC2000155	2	TREXPD	v1
4157	MCRC2000156	2	UU2GZC	v1
4158	MCRC2000157	2	BBYTSB	v1
4159	MCRC2000158	2	ZFWLLK	v1
4160	MCRC2000159	2	E37ML7	v1
4161	MCRC2000160	2	XUL10J	v1
4162	MCRC2000161	2	C8NG01	v1
4163	MCRC2000162	2	LFGRTV	v1
4164	MCRC2000163	2	LHQRCX	v1
4165	MCRC2000164	2	3M6G0S	v1
4166	MCRC2000165	2	YERVDS	v1
4167	MCRC2000166	2	VFP7KT	v1
4168	MCRC2000167	2	89DC35	v1
4169	MCRC2000168	2	GY7MMF	v1
4170	MCRC2000169	2	LVQP6Q	v1
4171	MCRC2000170	2	PUARHQ	v1
4172	MCRC2000171	2	A1NDZB	v1
4173	MCRC2000172	2	UW2HP6	v1
4174	MCRC2000173	2	RWM6KH	v1
4175	MCRC2000174	2	UR47UL	v1
4176	MCRC2000175	2	DFRTYV	v1
4177	MCRC2000176	2	84FXUP	v1
4178	MCRC2000177	2	GGMN3K	v1
4179	MCRC2000178	2	Q26RSS	v1
4180	MCRC2000179	2	HQXZ94	v1
4181	MCRC2000180	2	CGFJ8U	v1
4182	MCRC2000181	2	14GZYH	v1
4183	MCRC2000182	2	ZYTBD9	v1
4184	MCRC2000183	2	BNWUJ0	v1
4185	MCRC2000184	2	7D7Y84	v1
4186	MCRC2000185	2	X2X24I	v1
4187	MCRC2000186	2	GI7AI7	v1
4188	MCRC2000187	2	T76RPT	v1
4189	MCRC2000188	2	Q1TG5N	v1
4190	MCRC2000189	2	AVTT28	v1
4191	MCRC2000190	2	X79SEQ	v1
4192	MCRC2000191	2	0BAFZP	v1
4193	MCRC2000192	2	WP3V4B	v1
4194	MCRC2000193	2	NMRPW2	v1
4195	MCRC2000194	2	K66F46	v1
4196	MCRC2000195	2	9433P8	v1
4197	MCRC2000196	2	DE1TRA	v1
4198	MCRC2000197	2	ZPPY63	v1
4199	MCRC2000198	2	FZ1QQW	v1
4200	MCRC2000199	2	PI7R16	v1
4201	MCRC2000200	2	RCIBEG	v1
4202	MCRC2000201	2	6DMR9K	v1
4203	MCRC2000202	2	RGJ8EM	v1
4204	MCRC2000203	2	NV0ZAC	v1
4205	MCRC2000204	2	BKVI7Y	v1
4206	MCRC2000205	2	XIGRMT	v1
4207	MCRC2000206	2	N25RA2	v1
4208	MCRC2000207	2	HNY7RM	v1
4209	MCRC2000208	2	8AMFUL	v1
4210	MCRC2000209	2	T17G0Q	v1
4211	MCRC2000210	2	63QWMU	v1
4212	MCRC2000211	2	K75JLQ	v1
4213	MCRC2000212	2	IYX88B	v1
4214	MCRC2000213	2	A0YUZK	v1
4215	MCRC2000214	2	UVZEWT	v1
4216	MCRC2000215	2	YINXRN	v1
4217	MCRC2000216	2	6X3IQD	v1
4218	MCRC2000217	2	AK80NE	v1
4219	MCRC2000218	2	H84UT8	v1
4220	MCRC2000219	2	A1YA9T	v1
4221	MCRC2000220	2	9RJ5QR	v1
4222	MCRC2000221	2	57WZRB	v1
4223	MCRC2000222	2	FX73LW	v1
4224	MCRC2000223	2	5KHVSJ	v1
4225	MCRC2000224	2	Z6NBU0	v1
4226	MCRC2000225	2	9N3PRB	v1
4227	MCRC2000226	2	S3Y4XZ	v1
4228	MCRC2000227	2	4FRIQ7	v1
4229	MCRC2000228	2	NTRA5U	v1
4230	MCRC2000229	2	4CLNFD	v1
4231	MCRC2000230	2	Z75LSA	v1
4232	MCRC2000231	2	PI3BXB	v1
4233	MCRC2000232	2	9RF267	v1
4234	MCRC2000233	2	5DJI4A	v1
4235	MCRC2000234	2	8A17H7	v1
4236	MCRC2000235	2	P320PB	v1
4237	MCRC2000236	2	1ZHF09	v1
4238	MCRC2000237	2	T608MG	v1
4239	MCRC2000238	2	JDTJVG	v1
4240	MCRC2000239	2	X3F1VA	v1
4241	MCRC2000240	2	7JRXV3	v1
4242	MCRC2000241	2	I0C79X	v1
4243	MCRC2000242	2	X7054D	v1
4244	MCRC2000243	2	A7SKKI	v1
4245	MCRC2000244	2	HFKCX3	v1
4246	MCRC2000245	2	XJCNLF	v1
4247	MCRC2000246	2	0B2N98	v1
4248	MCRC2000247	2	ARRGZX	v1
4249	MCRC2000248	2	EMI5AX	v1
4250	MCRC2000249	2	NQIQGI	v1
4251	MCRC2000250	2	S8I6XE	v1
4252	MCRC2000251	2	ZK4PH1	v1
4253	MCRC2000252	2	1TLT8P	v1
4254	MCRC2000253	2	3HSACY	v1
4255	MCRC2000254	2	WN3WVB	v1
4256	MCRC2000255	2	Z48S6Z	v1
4257	MCRC2000256	2	MZYVTI	v1
4258	MCRC2000257	2	5N9T9L	v1
4259	MCRC2000258	2	GNLA72	v1
4260	MCRC2000259	2	WGBE2Y	v1
4261	MCRC2000260	2	5Z19D1	v1
4262	MCRC2000261	2	PEJV70	v1
4263	MCRC2000262	2	MD1B8U	v1
4264	MCRC2000263	2	D411W8	v1
4265	MCRC2000264	2	FX3TJT	v1
4266	MCRC2000265	2	R5IFU8	v1
4267	MCRC2000266	2	1GDUIS	v1
4268	MCRC2000267	2	A81PT9	v1
4269	MCRC2000268	2	Q5CZDZ	v1
4270	MCRC2000269	2	VF2H7B	v1
4271	MCRC2000270	2	D8VN2D	v1
4272	MCRC2000271	2	RSJ3L8	v1
4273	MCRC2000272	2	9TBXT9	v1
4274	MCRC2000273	2	5E9GLZ	v1
4275	MCRC2000274	2	VEP4RX	v1
4276	MCRC2000275	2	DFMUNB	v1
4277	MCRC2000276	2	0NEU0Y	v1
4278	MCRC2000277	2	JIKPZF	v1
4279	MCRC2000278	2	MKLFDN	v1
4280	MCRC2000279	2	JQMDY8	v1
4281	MCRC2000280	2	E0BW3G	v1
4282	MCRC2000281	2	R7TW71	v1
4283	MCRC2000282	2	6R5A2M	v1
4284	MCRC2000283	2	CG6BQT	v1
4285	MCRC2000284	2	2R1UAV	v1
4286	MCRC2000285	2	VSFL56	v1
4287	MCRC2000286	2	MW7PNV	v1
4288	MCRC2000287	2	G5TLQN	v1
4289	MCRC2000288	2	PG6NL5	v1
4290	MCRC2000289	2	2H6V23	v1
4291	MCRC2000290	2	KYP1U3	v1
4292	MCRC2000291	2	TI9NDZ	v1
4293	MCRC2000292	2	NK16SY	v1
4294	MCRC2000293	2	X0B25H	v1
4295	MCRC2000294	2	AJ3719	v1
4296	MCRC2000295	2	CXV315	v1
4297	MCRC2000296	2	LM22YJ	v1
4298	MCRC2000297	2	ZQ8JY3	v1
4299	MCRC2000298	2	LPTRQL	v1
4300	MCRC2000299	2	WIRY5L	v1
4301	MCRC2000300	2	HJ8KZG	v1
4302	MCRC2000301	2	Q0EMVY	v1
4303	MCRC2000302	2	BV7SZ9	v1
4304	MCRC2000303	2	XUNGWZ	v1
4305	MCRC2000304	2	KXNYAV	v1
4306	MCRC2000305	2	45CC0K	v1
4307	MCRC2000306	2	3MT818	v1
4308	MCRC2000307	2	6480MZ	v1
4309	MCRC2000308	2	R3TXG9	v1
4310	MCRC2000309	2	4YKQAZ	v1
4311	MCRC2000310	2	UIM00U	v1
4312	MCRC2000311	2	IH2WP7	v1
4313	MCRC2000312	2	HYRLFP	v1
4314	MCRC2000313	2	6PR4UJ	v1
4315	MCRC2000314	2	RSET2V	v1
4316	MCRC2000315	2	H86KDE	v1
4317	MCRC2000316	2	0QSQKS	v1
4318	MCRC2000317	2	HM84ZK	v1
4319	MCRC2000318	2	Y7DCUK	v1
4320	MCRC2000319	2	89C2PI	v1
4321	MCRC2000320	2	E8HQM4	v1
4322	MCRC2000321	2	AD63KT	v1
4323	MCRC2000322	2	ZVL6J4	v1
4324	MCRC2000323	2	P0XQ41	v1
4325	MCRC2000324	2	P4PHNA	v1
4326	MCRC2000325	2	9TS97T	v1
4327	MCRC2000326	2	0C9MID	v1
4328	MCRC2000327	2	KQ7NBW	v1
4329	MCRC2000328	2	5NFWJS	v1
4330	MCRC2000329	2	WS26RQ	v1
4331	MCRC2000330	2	NANA4V	v1
4332	MCRC2000331	2	EEK2PM	v1
4333	MCRC2000332	2	L0ZYD7	v1
4334	MCRC2000333	2	MDMZZV	v1
4335	MCRC2000334	2	12HHFS	v1
4336	MCRC2000335	2	VIY738	v1
4337	MCRC2000336	2	HH3Q6V	v1
4338	MCRC2000337	2	SUYSVM	v1
4339	MCRC2000338	2	ZZAGTK	v1
4340	MCRC2000339	2	FUXUBT	v1
4341	MCRC2000340	2	P7LUH4	v1
4342	MCRC2000341	2	0P8XVR	v1
4343	MCRC2000342	2	VCB82S	v1
4344	MCRC2000343	2	EIHY7M	v1
4345	MCRC2000344	2	SBDZCE	v1
4346	MCRC2000345	2	NEAK1F	v1
4347	MCRC2000346	2	P50JQ1	v1
4348	MCRC2000347	2	XR7UGP	v1
4349	MCRC2000348	2	LIQRLL	v1
4350	MCRC2000349	2	3SMTC9	v1
4351	MCRC2000350	2	IQWFX1	v1
4352	MCRC2000351	2	LYFQB1	v1
4353	MCRC2000352	2	8LVHAE	v1
4354	MCRC2000353	2	Y75BXF	v1
4355	MCRC2000354	2	7HZB56	v1
4356	MCRC2000355	2	CF9NHT	v1
4357	MCRC2000356	2	WK7AUK	v1
4358	MCRC2000357	2	CFFVG8	v1
4359	MCRC2000358	2	3EF44I	v1
4360	MCRC2000359	2	XWYMKF	v1
4361	MCRC2000360	2	PWCAP0	v1
4362	MCRC2000361	2	BPLFDY	v1
4363	MCRC2000362	2	IN8CBM	v1
4364	MCRC2000363	2	M8VPPL	v1
4365	MCRC2000364	2	UZ53GI	v1
4366	MCRC2000365	2	864INK	v1
4367	MCRC2000366	2	LXFSVB	v1
4368	MCRC2000367	2	80BLQB	v1
4369	MCRC2000368	2	A1QCKU	v1
4370	MCRC2000369	2	1DE9XU	v1
4371	MCRC2000370	2	TLE4EQ	v1
4372	MCRC2000371	2	7AQIBX	v1
4373	MCRC2000372	2	MM7X1H	v1
4374	MCRC2000373	2	D3317L	v1
4375	MCRC2000374	2	1P7KFR	v1
4376	MCRC2000375	2	9B1LF1	v1
4377	MCRC2000376	2	MDWMW5	v1
4378	MCRC2000377	2	29V4CH	v1
4379	MCRC2000378	2	DJHKV8	v1
4380	MCRC2000379	2	8IVBWT	v1
4381	MCRC2000380	2	ZAF04Z	v1
4382	MCRC2000381	2	WIVDKQ	v1
4383	MCRC2000382	2	Z85477	v1
4384	MCRC2000383	2	H2REG1	v1
4385	MCRC2000384	2	69C94G	v1
4386	MCRC2000385	2	I51YNE	v1
4387	MCRC2000386	2	GN2RG3	v1
4388	MCRC2000387	2	PCPIZF	v1
4389	MCRC2000388	2	A38SQE	v1
4390	MCRC2000389	2	4YPHBW	v1
4391	MCRC2000390	2	7PQF4E	v1
4392	MCRC2000391	2	CZBB37	v1
4393	MCRC2000392	2	TI7Z58	v1
4394	MCRC2000393	2	97E8HF	v1
4395	MCRC2000394	2	QXXQY9	v1
4396	MCRC2000395	2	KTH4L3	v1
4397	MCRC2000396	2	XU0WIG	v1
4398	MCRC2000397	2	JJ72L7	v1
4399	MCRC2000398	2	MS2CK7	v1
4400	MCRC2000399	2	93Q67R	v1
4401	MCRC2000400	2	5F0E4Y	v1
4402	MCRC2000401	2	4WQSW5	v1
4403	MCRC2000402	2	0UZTAV	v1
4404	MCRC2000403	2	8LKPCV	v1
4405	MCRC2000404	2	NCUDMY	v1
4406	MCRC2000405	2	AA0G5K	v1
4407	MCRC2000406	2	88U6A7	v1
4408	MCRC2000407	2	7TKVWM	v1
4409	MCRC2000408	2	X6ELPV	v1
4410	MCRC2000409	2	HX7S6P	v1
4411	MCRC2000410	2	NWP67L	v1
4412	MCRC2000411	2	QF55V8	v1
4413	MCRC2000412	2	GNXV1D	v1
4414	MCRC2000413	2	BMD75Q	v1
4415	MCRC2000414	2	WTK5M0	v1
4416	MCRC2000415	2	UIJE14	v1
4417	MCRC2000416	2	0SRM72	v1
4418	MCRC2000417	2	4JFHP7	v1
4419	MCRC2000418	2	WL4JXE	v1
4420	MCRC2000419	2	XV2IIY	v1
4421	MCRC2000420	2	BKBQPS	v1
4422	MCRC2000421	2	2KICXS	v1
4423	MCRC2000422	2	AE5Y5S	v1
4424	MCRC2000423	2	ALGX04	v1
4425	MCRC2000424	2	TBBS7G	v1
4426	MCRC2000425	2	XJ5BG9	v1
4427	MCRC2000426	2	A4CYY3	v1
4428	MCRC2000427	2	102NZY	v1
4429	MCRC2000428	2	MSAYFY	v1
4430	MCRC2000429	2	JWFLT4	v1
4431	MCRC2000430	2	AGCMEZ	v1
4432	MCRC2000431	2	8I7RD7	v1
4433	MCRC2000432	2	QJ27WU	v1
4434	MCRC2000433	2	EJHBQQ	v1
4435	MCRC2000434	2	ZUFR5M	v1
4436	MCRC2000435	2	HB2JA4	v1
4437	MCRC2000436	2	GBBKZI	v1
4438	MCRC2000437	2	AR8X0K	v1
4439	MCRC2000438	2	D1LF7K	v1
4440	MCRC2000439	2	Y27DSN	v1
4441	MCRC2000440	2	EVWRKJ	v1
4442	MCRC2000441	2	3BPTG6	v1
4443	MCRC2000442	2	7GYNNN	v1
4444	MCRC2000443	2	MJ30T2	v1
4445	MCRC2000444	2	3A8DW2	v1
4446	MCRC2000445	2	AQCX2F	v1
4447	MCRC2000446	2	N4AL8E	v1
4448	MCRC2000447	2	ZTAABF	v1
4449	MCRC2000448	2	XFQES1	v1
4450	MCRC2000449	2	16GLUG	v1
4451	MCRC2000450	2	820A6V	v1
4452	MCRC2000451	2	S7ZNXJ	v1
4453	MCRC2000452	2	LRYNCL	v1
4454	MCRC2000453	2	XPQ2YS	v1
4455	MCRC2000454	2	GQ9JGX	v1
4456	MCRC2000455	2	ECS3L3	v1
4457	MCRC2000456	2	2G42L5	v1
4458	MCRC2000457	2	0Z5K3T	v1
4459	MCRC2000458	2	8FU02F	v1
4460	MCRC2000459	2	8CEDPV	v1
4461	MCRC2000460	2	WHA8H9	v1
4462	MCRC2000461	2	5N6M77	v1
4463	MCRC2000462	2	DYX956	v1
4464	MCRC2000463	2	UCQQ4V	v1
4465	MCRC2000464	2	Y9B6JE	v1
4466	MCRC2000465	2	KNNEJA	v1
4467	MCRC2000466	2	APR7PV	v1
4468	MCRC2000467	2	RPMG62	v1
4469	MCRC2000468	2	UCR7L7	v1
4470	MCRC2000469	2	FCPLN5	v1
4471	MCRC2000470	2	WY1RS6	v1
4472	MCRC2000471	2	ZCZIS9	v1
4473	MCRC2000472	2	1T0DZR	v1
4474	MCRC2000473	2	J088JN	v1
4475	MCRC2000474	2	6CQ0QI	v1
4476	MCRC2000475	2	GEU8KD	v1
4477	MCRC2000476	2	DXQ049	v1
4478	MCRC2000477	2	J40TNC	v1
4479	MCRC2000478	2	8H1PNC	v1
4480	MCRC2000479	2	CTVWHD	v1
4481	MCRC2000480	2	1PBGXA	v1
4482	MCRC2000481	2	MXRPJM	v1
4483	MCRC2000482	2	S5R1FH	v1
4484	MCRC2000483	2	MAC8YL	v1
4485	MCRC2000484	2	4Y3ZBA	v1
4486	MCRC2000485	2	LMLUFX	v1
4487	MCRC2000486	2	MAZYIV	v1
4488	MCRC2000487	2	GWACEH	v1
4489	MCRC2000488	2	DYW046	v1
4490	MCRC2000489	2	3N5M14	v1
4491	MCRC2000490	2	Q00990	v1
4492	MCRC2000491	2	IM3140	v1
4493	MCRC2000492	2	MG3S6K	v1
4494	MCRC2000493	2	BUWG0V	v1
4495	MCRC2000494	2	CMH97J	v1
4496	MCRC2000495	2	GRLBPW	v1
4497	MCRC2000496	2	HQ9ZY5	v1
4498	MCRC2000497	2	ZN69NC	v1
4499	MCRC2000498	2	T0Y1XJ	v1
4500	MCRC2000499	2	P6D0LM	v1
4501	MCRC2000500	2	WMMKCF	v1
4502	MCRC2000501	2	YJM7U0	v1
4503	MCRC2000502	2	G6KFY6	v1
4504	MCRC2000503	2	8QZL8J	v1
4505	MCRC2000504	2	EU36NX	v1
4506	MCRC2000505	2	QAYKGK	v1
4507	MCRC2000506	2	2RL626	v1
4508	MCRC2000507	2	45LJ37	v1
4509	MCRC2000508	2	92DRNY	v1
4510	MCRC2000509	2	FGSX58	v1
4511	MCRC2000510	2	CBU33X	v1
4512	MCRC2000511	2	8D2P9H	v1
4513	MCRC2000512	2	A4UGEK	v1
4514	MCRC2000513	2	6KSBNW	v1
4515	MCRC2000514	2	IY2ZKC	v1
4516	MCRC2000515	2	RQ6IWW	v1
4517	MCRC2000516	2	R74R4E	v1
4518	MCRC2000517	2	CYEW7L	v1
4519	MCRC2000518	2	5KFUWA	v1
4520	MCRC2000519	2	UIAIT2	v1
4521	MCRC2000520	2	PR1U0I	v1
4522	MCRC2000521	2	6EEEVU	v1
4523	MCRC2000522	2	AUM6QJ	v1
4524	MCRC2000523	2	9A07JV	v1
4525	MCRC2000524	2	G3K9QT	v1
4526	MCRC2000525	2	X98JCY	v1
4527	MCRC2000526	2	IHVV1L	v1
4528	MCRC2000527	2	F2GQ6F	v1
4529	MCRC2000528	2	6YEZ5F	v1
4530	MCRC2000529	2	4BNYKS	v1
4531	MCRC2000530	2	YRQG6D	v1
4532	MCRC2000531	2	4W447I	v1
4533	MCRC2000532	2	K24Z7B	v1
4534	MCRC2000533	2	9HBE4K	v1
4535	MCRC2000534	2	XLLYXF	v1
4536	MCRC2000535	2	G1LB1F	v1
4537	MCRC2000536	2	A1Q4BV	v1
4538	MCRC2000537	2	TV5IC2	v1
4539	MCRC2000538	2	PKSEBV	v1
4540	MCRC2000539	2	WDTZ88	v1
4541	MCRC2000540	2	1QX5E8	v1
4542	MCRC2000541	2	AFI6N8	v1
4543	MCRC2000542	2	QD0M9N	v1
4544	MCRC2000543	2	RBPC03	v1
4545	MCRC2000544	2	DZ46SI	v1
4546	MCRC2000545	2	E69VVH	v1
4547	MCRC2000546	2	XRA57B	v1
4548	MCRC2000547	2	94KKE8	v1
4549	MCRC2000548	2	TF8L8D	v1
4550	MCRC2000549	2	4MYK77	v1
4551	MCRC2000550	2	6P8ZIE	v1
4552	MCRC2000551	2	UDUS2M	v1
4553	MCRC2000552	2	8IYZ6P	v1
4554	MCRC2000553	2	Y996DF	v1
4555	MCRC2000554	2	63IE8P	v1
4556	MCRC2000555	2	T9GUDN	v1
4557	MCRC2000556	2	BFXPMK	v1
4558	MCRC2000557	2	PJKYB9	v1
4559	MCRC2000558	2	Z5TXNG	v1
4560	MCRC2000559	2	0A8MQK	v1
4561	MCRC2000560	2	HJBIVI	v1
4562	MCRC2000561	2	HW5AH5	v1
4563	MCRC2000562	2	YRR4CM	v1
4564	MCRC2000563	2	B6AWJ3	v1
4565	MCRC2000564	2	SJFAJU	v1
4566	MCRC2000565	2	SUB7G8	v1
4567	MCRC2000566	2	26WFNG	v1
4568	MCRC2000567	2	YAB2UK	v1
4569	MCRC2000568	2	1Y3M9U	v1
4570	MCRC2000569	2	JC4IJE	v1
4571	MCRC2000570	2	EUWB3J	v1
4572	MCRC2000571	2	7XIP88	v1
4573	MCRC2000572	2	B6KV1X	v1
4574	MCRC2000573	2	IDETAW	v1
4575	MCRC2000574	2	ZLLFX1	v1
4576	MCRC2000575	2	20XQLC	v1
4577	MCRC2000576	2	07DRIJ	v1
4578	MCRC2000577	2	ALY0A6	v1
4579	MCRC2000578	2	N0Y5A1	v1
4580	MCRC2000579	2	I2X87B	v1
4581	MCRC2000580	2	TJFBLH	v1
4582	MCRC2000581	2	DP0KFN	v1
4583	MCRC2000582	2	79GIE6	v1
4584	MCRC2000583	2	YAB4EH	v1
4585	MCRC2000584	2	S6B0BN	v1
4586	MCRC2000585	2	R6TQXZ	v1
4587	MCRC2000586	2	8VTPBF	v1
4588	MCRC2000587	2	L6EP47	v1
4589	MCRC2000588	2	XX0ZVP	v1
4590	MCRC2000589	2	WYBPC0	v1
4591	MCRC2000590	2	QZT1B7	v1
4592	MCRC2000591	2	MKDGV3	v1
4593	MCRC2000592	2	R1YEAE	v1
4594	MCRC2000593	2	GLIMXF	v1
4595	MCRC2000594	2	8KR71P	v1
4596	MCRC2000595	2	XEVK5R	v1
4597	MCRC2000596	2	S8MGYR	v1
4598	MCRC2000597	2	VMSK3R	v1
4599	MCRC2000598	2	ZJBD87	v1
4600	MCRC2000599	2	WHIY5X	v1
4601	MCRC2000600	2	365V2S	v1
4602	MCRC2000601	2	6FD5MJ	v1
4603	MCRC2000602	2	HEEN0D	v1
4604	MCRC2000603	2	GWJS9A	v1
4605	MCRC2000604	2	EP45LV	v1
4606	MCRC2000605	2	JAX157	v1
4607	MCRC2000606	2	AKQ6BW	v1
4608	MCRC2000607	2	LH7YT2	v1
4609	MCRC2000608	2	ZZ9MH0	v1
4610	MCRC2000609	2	NGARZE	v1
4611	MCRC2000610	2	VXUQ22	v1
4612	MCRC2000611	2	2VJYV8	v1
4613	MCRC2000612	2	T0U80M	v1
4614	MCRC2000613	2	1G2SV9	v1
4615	MCRC2000614	2	2X60QR	v1
4616	MCRC2000615	2	MNA9H9	v1
4617	MCRC2000616	2	7V0NJF	v1
4618	MCRC2000617	2	XM6FYF	v1
4619	MCRC2000618	2	40C58I	v1
4620	MCRC2000619	2	B8IDLE	v1
4621	MCRC2000620	2	UBTI3G	v1
4622	MCRC2000621	2	ZWU53X	v1
4623	MCRC2000622	2	QQ87YI	v1
4624	MCRC2000623	2	SF9WJY	v1
4625	MCRC2000624	2	AZX8DB	v1
4626	MCRC2000625	2	FU7HEK	v1
4627	MCRC2000626	2	VRHX3N	v1
4628	MCRC2000627	2	LVAZS3	v1
4629	MCRC2000628	2	A6LCDF	v1
4630	MCRC2000629	2	PY16ZA	v1
4631	MCRC2000630	2	0BDQE5	v1
4632	MCRC2000631	2	FYUHNN	v1
4633	MCRC2000632	2	NAM8EC	v1
4634	MCRC2000633	2	8RIY2W	v1
4635	MCRC2000634	2	PHG5BB	v1
4636	MCRC2000635	2	G185PS	v1
4637	MCRC2000636	2	A59WLH	v1
4638	MCRC2000637	2	WBL5WR	v1
4639	MCRC2000638	2	NNU546	v1
4640	MCRC2000639	2	PBI8NR	v1
4641	MCRC2000640	2	WYEC81	v1
4642	MCRC2000641	2	NDSXH9	v1
4643	MCRC2000642	2	NVL548	v1
4644	MCRC2000643	2	TE79G1	v1
4645	MCRC2000644	2	B2JJ0K	v1
4646	MCRC2000645	2	NNU9XF	v1
4647	MCRC2000646	2	6LNP79	v1
4648	MCRC2000647	2	CEYYEV	v1
4649	MCRC2000648	2	HTFS3M	v1
4650	MCRC2000649	2	T2T8H6	v1
4651	MCRC2000650	2	8E541K	v1
4652	MCRC2000651	2	9AUG6U	v1
4653	MCRC2000652	2	U05PLH	v1
4654	MCRC2000653	2	1EYGL3	v1
4655	MCRC2000654	2	4DM4PU	v1
4656	MCRC2000655	2	UQQ9CJ	v1
4657	MCRC2000656	2	M081F8	v1
4658	MCRC2000657	2	ASHVJC	v1
4659	MCRC2000658	2	0IHVSV	v1
4660	MCRC2000659	2	HKH7YK	v1
4661	MCRC2000660	2	YE3BXJ	v1
4662	MCRC2000661	2	BMPD0L	v1
4663	MCRC2000662	2	BNCZB2	v1
4664	MCRC2000663	2	WVLVBG	v1
4665	MCRC2000664	2	4CTZSV	v1
4666	MCRC2000665	2	2HLJ16	v1
4667	MCRC2000666	2	4N0U7R	v1
4668	MCRC2000667	2	0AT96X	v1
4669	MCRC2000668	2	8SBKT3	v1
4670	MCRC2000669	2	ENRQ2Q	v1
4671	MCRC2000670	2	7KZ7HT	v1
4672	MCRC2000671	2	6J3C3M	v1
4673	MCRC2000672	2	KQG3XT	v1
4674	MCRC2000673	2	GKZB5G	v1
4675	MCRC2000674	2	1B4XW8	v1
4676	MCRC2000675	2	2NBPBV	v1
4677	MCRC2000676	2	9D1JUZ	v1
4678	MCRC2000677	2	5YX0Y4	v1
4679	MCRC2000678	2	HF9QZU	v1
4680	MCRC2000679	2	S54LGK	v1
4681	MCRC2000680	2	TPNTI5	v1
4682	MCRC2000681	2	HHG0SE	v1
4683	MCRC2000682	2	MN9SJ6	v1
4684	MCRC2000683	2	QUQTCK	v1
4685	MCRC2000684	2	SFCD7K	v1
4686	MCRC2000685	2	90831S	v1
4687	MCRC2000686	2	4QL7IL	v1
4688	MCRC2000687	2	5JP8C1	v1
4689	MCRC2000688	2	JHWLAX	v1
4690	MCRC2000689	2	VX7LA0	v1
4691	MCRC2000690	2	J3L0IA	v1
4692	MCRC2000691	2	CHIUQW	v1
4693	MCRC2000692	2	7D5A1I	v1
4694	MCRC2000693	2	GMQ2CW	v1
4695	MCRC2000694	2	8JLUA1	v1
4696	MCRC2000695	2	3HVYUF	v1
4697	MCRC2000696	2	WJ1W95	v1
4698	MCRC2000697	2	GKCDSU	v1
4699	MCRC2000698	2	3AIFN5	v1
4700	MCRC2000699	2	2NDZSC	v1
4701	MCRC2000700	2	2LBLGA	v1
4702	MCRC2000701	2	YD23Q6	v1
4703	MCRC2000702	2	0XAJLH	v1
4704	MCRC2000703	2	CQH0LR	v1
4705	MCRC2000704	2	Y4C21H	v1
4706	MCRC2000705	2	MPAMKT	v1
4707	MCRC2000706	2	VN6YJC	v1
4708	MCRC2000707	2	R2YCPA	v1
4709	MCRC2000708	2	9KWLSP	v1
4710	MCRC2000709	2	95DK5N	v1
4711	MCRC2000710	2	9NW5TN	v1
4712	MCRC2000711	2	HRWKWC	v1
4713	MCRC2000712	2	0SRT44	v1
4714	MCRC2000713	2	TU7QVC	v1
4715	MCRC2000714	2	ZVQ39J	v1
4716	MCRC2000715	2	J2C5WG	v1
4717	MCRC2000716	2	BP1ET0	v1
4718	MCRC2000717	2	AVQ7FQ	v1
4719	MCRC2000718	2	ATB5SB	v1
4720	MCRC2000719	2	IWDA60	v1
4721	MCRC2000720	2	R0U6MY	v1
4722	MCRC2000721	2	TRXF9E	v1
4723	MCRC2000722	2	N4HG20	v1
4724	MCRC2000723	2	HNTEMQ	v1
4725	MCRC2000724	2	RLQQ60	v1
4726	MCRC2000725	2	QJT2MN	v1
4727	MCRC2000726	2	XJSTUB	v1
4728	MCRC2000727	2	NQE0X6	v1
4729	MCRC2000728	2	VRWFKH	v1
4730	MCRC2000729	2	VVLTZ2	v1
4731	MCRC2000730	2	CS3LEX	v1
4732	MCRC2000731	2	X7GDS5	v1
4733	MCRC2000732	2	SCEWA9	v1
4734	MCRC2000733	2	L8Z9B2	v1
4735	MCRC2000734	2	R02L0W	v1
4736	MCRC2000735	2	T785H4	v1
4737	MCRC2000736	2	Y07JEM	v1
4738	MCRC2000737	2	N7EFUZ	v1
4739	MCRC2000738	2	LGV529	v1
4740	MCRC2000739	2	D1DDGA	v1
4741	MCRC2000740	2	144XF5	v1
4742	MCRC2000741	2	Z9HQLA	v1
4743	MCRC2000742	2	Y2ZFJP	v1
4744	MCRC2000743	2	TPMPBG	v1
4745	MCRC2000744	2	CKURHX	v1
4746	MCRC2000745	2	9HXIKQ	v1
4747	MCRC2000746	2	9XNB78	v1
4748	MCRC2000747	2	SN70ZZ	v1
4749	MCRC2000748	2	RL242R	v1
4750	MCRC2000749	2	C6J8HI	v1
4751	MCRC2000750	2	GB12RI	v1
4752	MCRC2000751	2	2XZDPE	v1
4753	MCRC2000752	2	ZSZX2C	v1
4754	MCRC2000753	2	KDJXET	v1
4755	MCRC2000754	2	IXQQHH	v1
4756	MCRC2000755	2	CIL62E	v1
4757	MCRC2000756	2	FXILV0	v1
4758	MCRC2000757	2	BTAAHG	v1
4759	MCRC2000758	2	2YJELB	v1
4760	MCRC2000759	2	AZ81SF	v1
4761	MCRC2000760	2	9QLNM2	v1
4762	MCRC2000761	2	FLIKSV	v1
4763	MCRC2000762	2	D71N18	v1
4764	MCRC2000763	2	989EJQ	v1
4765	MCRC2000764	2	6KNKX8	v1
4766	MCRC2000765	2	MF8VFF	v1
4767	MCRC2000766	2	6JFBRS	v1
4768	MCRC2000767	2	WZPTLT	v1
4769	MCRC2000768	2	NBDUA3	v1
4770	MCRC2000769	2	AWFE0L	v1
4771	MCRC2000770	2	WMKHPE	v1
4772	MCRC2000771	2	6VNHT4	v1
4773	MCRC2000772	2	60UDNP	v1
4774	MCRC2000773	2	IXAUWP	v1
4775	MCRC2000774	2	NADA99	v1
4776	MCRC2000775	2	2ZV8ZT	v1
4777	MCRC2000776	2	KEQ6JC	v1
4778	MCRC2000777	2	9H468V	v1
4779	MCRC2000778	2	QYLDLI	v1
4780	MCRC2000779	2	FZ9PIN	v1
4781	MCRC2000780	2	BKHQM7	v1
4782	MCRC2000781	2	ET0AZE	v1
4783	MCRC2000782	2	ZT6D4G	v1
4784	MCRC2000783	2	QF8L1Y	v1
4785	MCRC2000784	2	LLGKBA	v1
4786	MCRC2000785	2	KGD7V4	v1
4787	MCRC2000786	2	1VWWHY	v1
4788	MCRC2000787	2	V9AHK3	v1
4789	MCRC2000788	2	LQXPEX	v1
4790	MCRC2000789	2	DX3BNK	v1
4791	MCRC2000790	2	UEP5RH	v1
4792	MCRC2000791	2	EJBRH7	v1
4793	MCRC2000792	2	AINLTT	v1
4794	MCRC2000793	2	23E6XB	v1
4795	MCRC2000794	2	3KUK8U	v1
4796	MCRC2000795	2	51FRYJ	v1
4797	MCRC2000796	2	NN6W6J	v1
4798	MCRC2000797	2	BM1J3M	v1
4799	MCRC2000798	2	6WBZBC	v1
4800	MCRC2000799	2	W4PZZA	v1
4801	MCRC2000800	2	H37YWF	v1
4802	MCRC2000801	2	YUUL3N	v1
4803	MCRC2000802	2	SAAFN1	v1
4804	MCRC2000803	2	10SRV4	v1
4805	MCRC2000804	2	YRJY79	v1
4806	MCRC2000805	2	9LF7HJ	v1
4807	MCRC2000806	2	RVK8D2	v1
4808	MCRC2000807	2	4V4FT3	v1
4809	MCRC2000808	2	78VLW5	v1
4810	MCRC2000809	2	64ZKL0	v1
4811	MCRC2000810	2	AA3HWR	v1
4812	MCRC2000811	2	DUEPBQ	v1
4813	MCRC2000812	2	R6SMK2	v1
4814	MCRC2000813	2	3ADU69	v1
4815	MCRC2000814	2	QP8DS3	v1
4816	MCRC2000815	2	XNR20I	v1
4817	MCRC2000816	2	DWW6Y7	v1
4818	MCRC2000817	2	M2QJ0U	v1
4819	MCRC2000818	2	RCBCEF	v1
4820	MCRC2000819	2	NHU9SF	v1
4821	MCRC2000820	2	ZVGVTJ	v1
4822	MCRC2000821	2	SIXXKF	v1
4823	MCRC2000822	2	SELE79	v1
4824	MCRC2000823	2	CKSGM7	v1
4825	MCRC2000824	2	0QKLLP	v1
4826	MCRC2000825	2	7I2XB3	v1
4827	MCRC2000826	2	BMJEH6	v1
4828	MCRC2000827	2	IGGJ4E	v1
4829	MCRC2000828	2	11ILJ3	v1
4830	MCRC2000829	2	VP6LMI	v1
4831	MCRC2000830	2	UU587Q	v1
4832	MCRC2000831	2	TW222S	v1
4833	MCRC2000832	2	RKW4L4	v1
4834	MCRC2000833	2	1HYMMA	v1
4835	MCRC2000834	2	03ZYBX	v1
4836	MCRC2000835	2	RSHCAC	v1
4837	MCRC2000836	2	JBV52Y	v1
4838	MCRC2000837	2	BIRHYB	v1
4839	MCRC2000838	2	7ZTHLH	v1
4840	MCRC2000839	2	44475N	v1
4841	MCRC2000840	2	2M3Q5B	v1
4842	MCRC2000841	2	PUXM1F	v1
4843	MCRC2000842	2	JJAH09	v1
4844	MCRC2000843	2	CJA5PH	v1
4845	MCRC2000844	2	CITX87	v1
4846	MCRC2000845	2	MX73CW	v1
4847	MCRC2000846	2	AHG629	v1
4848	MCRC2000847	2	WCMG16	v1
4849	MCRC2000848	2	S41KH1	v1
4850	MCRC2000849	2	JKSVPI	v1
4851	MCRC2000850	2	P8YAR3	v1
4852	MCRC2000851	2	TNXZ2Y	v1
4853	MCRC2000852	2	SR3CJQ	v1
4854	MCRC2000853	2	CBTZJ8	v1
4855	MCRC2000854	2	1Q3U12	v1
4856	MCRC2000855	2	34Z6NQ	v1
4857	MCRC2000856	2	YHEZUC	v1
4858	MCRC2000857	2	D2P8X6	v1
4859	MCRC2000858	2	X8SRJB	v1
4860	MCRC2000859	2	1ZT5IM	v1
4861	MCRC2000860	2	DQI7RF	v1
4862	MCRC2000861	2	KL6REM	v1
4863	MCRC2000862	2	X5SIBF	v1
4864	MCRC2000863	2	V66FKA	v1
4865	MCRC2000864	2	ZA10SV	v1
4866	MCRC2000865	2	7JA8EU	v1
4867	MCRC2000866	2	YIWTHY	v1
4868	MCRC2000867	2	S90I4Z	v1
4869	MCRC2000868	2	AFIDNP	v1
4870	MCRC2000869	2	V14KXA	v1
4871	MCRC2000870	2	R0HES1	v1
4872	MCRC2000871	2	L6TNPM	v1
4873	MCRC2000872	2	90VSX3	v1
4874	MCRC2000873	2	1VB5EM	v1
4875	MCRC2000874	2	063LCC	v1
4876	MCRC2000875	2	ZUAR24	v1
4877	MCRC2000876	2	18FQB4	v1
4878	MCRC2000877	2	PBKQVI	v1
4879	MCRC2000878	2	0F8FPK	v1
4880	MCRC2000879	2	7257FA	v1
4881	MCRC2000880	2	TGFCZV	v1
4882	MCRC2000881	2	XU6SLX	v1
4883	MCRC2000882	2	AKHTDB	v1
4884	MCRC2000883	2	J3MU32	v1
4885	MCRC2000884	2	VV2CF0	v1
4886	MCRC2000885	2	W315DZ	v1
4887	MCRC2000886	2	HUSPA4	v1
4888	MCRC2000887	2	SVHZU0	v1
4889	MCRC2000888	2	6NYRKA	v1
4890	MCRC2000889	2	R8FXZR	v1
4891	MCRC2000890	2	UDX0I2	v1
4892	MCRC2000891	2	EYHSBQ	v1
4893	MCRC2000892	2	6TIPC3	v1
4894	MCRC2000893	2	9GBDXI	v1
4895	MCRC2000894	2	JPA459	v1
4896	MCRC2000895	2	JKDG8G	v1
4897	MCRC2000896	2	Y6DTIT	v1
4898	MCRC2000897	2	MIKL0A	v1
4899	MCRC2000898	2	FMYE90	v1
4900	MCRC2000899	2	ITFP4T	v1
4901	MCRC2000900	2	GK9RIB	v1
4902	MCRC2000901	2	GV5VUI	v1
4903	MCRC2000902	2	7XMJM7	v1
4904	MCRC2000903	2	ZKCINE	v1
4905	MCRC2000904	2	EMQLSF	v1
4906	MCRC2000905	2	L4M4HB	v1
4907	MCRC2000906	2	V3X321	v1
4908	MCRC2000907	2	4QAPMY	v1
4909	MCRC2000908	2	E8JBIF	v1
4910	MCRC2000909	2	W6RDAR	v1
4911	MCRC2000910	2	3EAY2D	v1
4912	MCRC2000911	2	X1XZ32	v1
4913	MCRC2000912	2	3X7FWZ	v1
4914	MCRC2000913	2	89VY5J	v1
4915	MCRC2000914	2	KY3T4M	v1
4916	MCRC2000915	2	CKAPXN	v1
4917	MCRC2000916	2	IKRJ62	v1
4918	MCRC2000917	2	9836MY	v1
4919	MCRC2000918	2	8JEUDJ	v1
4920	MCRC2000919	2	CATHJY	v1
4921	MCRC2000920	2	0JQF67	v1
4922	MCRC2000921	2	98F1IF	v1
4923	MCRC2000922	2	FNWAV6	v1
4924	MCRC2000923	2	U0FBC6	v1
4925	MCRC2000924	2	GYRALM	v1
4926	MCRC2000925	2	FF6YTX	v1
4927	MCRC2000926	2	24X2LZ	v1
4928	MCRC2000927	2	P6EMUK	v1
4929	MCRC2000928	2	FV40M4	v1
4930	MCRC2000929	2	5BD1K1	v1
4931	MCRC2000930	2	DRG3S3	v1
4932	MCRC2000931	2	7PRKLC	v1
4933	MCRC2000932	2	PGPCZ6	v1
4934	MCRC2000933	2	RRY3E4	v1
4935	MCRC2000934	2	B3K1BC	v1
4936	MCRC2000935	2	7PHI73	v1
4937	MCRC2000936	2	WKQMVD	v1
4938	MCRC2000937	2	AJX11H	v1
4939	MCRC2000938	2	C3A2QE	v1
4940	MCRC2000939	2	2EEY25	v1
4941	MCRC2000940	2	76ZR9G	v1
4942	MCRC2000941	2	K8ECJD	v1
4943	MCRC2000942	2	UDG8Z8	v1
4944	MCRC2000943	2	10W0T4	v1
4945	MCRC2000944	2	DA4WIT	v1
4946	MCRC2000945	2	30FT1Y	v1
4947	MCRC2000946	2	Y72GZU	v1
4948	MCRC2000947	2	BJ9WZD	v1
4949	MCRC2000948	2	K9XR92	v1
4950	MCRC2000949	2	HP5V6M	v1
4951	MCRC2000950	2	1B7K98	v1
4952	MCRC2000951	2	33RG9F	v1
4953	MCRC2000952	2	01WBF4	v1
4954	MCRC2000953	2	XRM88D	v1
4955	MCRC2000954	2	XBHDPM	v1
4956	MCRC2000955	2	5W506N	v1
4957	MCRC2000956	2	YLDT9X	v1
4958	MCRC2000957	2	7IULB3	v1
4959	MCRC2000958	2	CDV4PD	v1
4960	MCRC2000959	2	SLJ48B	v1
4961	MCRC2000960	2	8RI6P6	v1
4962	MCRC2000961	2	EHII2Z	v1
4963	MCRC2000962	2	7LFSYK	v1
4964	MCRC2000963	2	W8UGXZ	v1
4965	MCRC2000964	2	GA0RCF	v1
4966	MCRC2000965	2	CZX6WM	v1
4967	MCRC2000966	2	PDLKX2	v1
4968	MCRC2000967	2	TCLTC7	v1
4969	MCRC2000968	2	RP42A0	v1
4970	MCRC2000969	2	52HPBH	v1
4971	MCRC2000970	2	6Y65N4	v1
4972	MCRC2000971	2	599UN2	v1
4973	MCRC2000972	2	6RPR4B	v1
4974	MCRC2000973	2	2GT1Q4	v1
4975	MCRC2000974	2	N5MK6W	v1
4976	MCRC2000975	2	GKQTLY	v1
4977	MCRC2000976	2	I3TWNN	v1
4978	MCRC2000977	2	HE1DNH	v1
4979	MCRC2000978	2	PI5H2U	v1
4980	MCRC2000979	2	Q2SRMA	v1
4981	MCRC2000980	2	EW0QJP	v1
4982	MCRC2000981	2	37FJLV	v1
4983	MCRC2000982	2	1WZ37S	v1
4984	MCRC2000983	2	L6XR8P	v1
4985	MCRC2000984	2	VZSGRD	v1
4986	MCRC2000985	2	ITTJR3	v1
4987	MCRC2000986	2	6ZUC6S	v1
4988	MCRC2000987	2	WBH3S4	v1
4989	MCRC2000988	2	GLFMH3	v1
4990	MCRC2000989	2	RT06H3	v1
4991	MCRC2000990	2	2L2G1A	v1
4992	MCRC2000991	2	9VZP29	v1
4993	MCRC2000992	2	GDZ2F5	v1
4994	MCRC2000993	2	2E9J2X	v1
4995	MCRC2000994	2	27G1QM	v1
4996	MCRC2000995	2	E8YJ2T	v1
4997	MCRC2000996	2	XG0UZ3	v1
4998	MCRC2000997	2	8DPV7J	v1
4999	MCRC2000998	2	LFYXUL	v1
5000	MCRC2000999	2	5Y4Z2N	v1
5001	MCRC2001000	2	Q1RFAX	v1
5002	MCRC2001001	2	1U8QEW	v1
5003	MCRC2001002	2	VEQKFH	v1
5004	MCRC2001003	2	3MKP8V	v1
5005	MCRC2001004	2	CGRA40	v1
5006	MCRC2001005	2	9VFXVW	v1
5007	MCRC2001006	2	7IUW19	v1
5008	MCRC2001007	2	6T5D1V	v1
5009	MCRC2001008	2	U2YCYB	v1
5010	MCRC2001009	2	R5GS5S	v1
5011	MCRC2001010	2	Z103TJ	v1
5012	MCRC2001011	2	N2M9NH	v1
5013	MCRC2001012	2	NWS118	v1
5014	MCRC2001013	2	X1GKPL	v1
5015	MCRC2001014	2	FN0WZH	v1
5016	MCRC2001015	2	CZQ79L	v1
5017	MCRC2001016	2	FAAA5Q	v1
5018	MCRC2001017	2	QWQN3Z	v1
5019	MCRC2001018	2	IUJ2CY	v1
5020	MCRC2001019	2	84KH8H	v1
5021	MCRC2001020	2	BCMFXV	v1
5022	MCRC2001021	2	881FZ5	v1
5023	MCRC2001022	2	JT78SX	v1
5024	MCRC2001023	2	AMVQYD	v1
5025	MCRC2001024	2	0NF50C	v1
5026	MCRC2001025	2	RBZTV9	v1
5027	MCRC2001026	2	0Q8UC1	v1
5028	MCRC2001027	2	FW5MCM	v1
5029	MCRC2001028	2	R1P3V6	v1
5030	MCRC2001029	2	Z1QKLU	v1
5031	MCRC2001030	2	L9LXZS	v1
5032	MCRC2001031	2	3IQHNN	v1
5033	MCRC2001032	2	G8TMEK	v1
5034	MCRC2001033	2	F2SYSG	v1
5035	MCRC2001034	2	331X0E	v1
5036	MCRC2001035	2	WR9X9Y	v1
5037	MCRC2001036	2	EEYHUV	v1
5038	MCRC2001037	2	M13URX	v1
5039	MCRC2001038	2	KQPXZB	v1
5040	MCRC2001039	2	B1V9B3	v1
5041	MCRC2001040	2	ZGW354	v1
5042	MCRC2001041	2	3Z5RYQ	v1
5043	MCRC2001042	2	9WWI5P	v1
5044	MCRC2001043	2	DR48F0	v1
5045	MCRC2001044	2	AC40CD	v1
5046	MCRC2001045	2	N2WU0S	v1
5047	MCRC2001046	2	HA2M2C	v1
5048	MCRC2001047	2	NABXNX	v1
5049	MCRC2001048	2	R52XM6	v1
5050	MCRC2001049	2	B98IJD	v1
5051	MCRC2001050	2	TDCHSK	v1
5052	MCRC2001051	2	TUKJAD	v1
5053	MCRC2001052	2	U84XWC	v1
5054	MCRC2001053	2	ZR0HHW	v1
5055	MCRC2001054	2	N2I7P2	v1
5056	MCRC2001055	2	I3EQBS	v1
5057	MCRC2001056	2	U6GDUU	v1
5058	MCRC2001057	2	53Y5A8	v1
5059	MCRC2001058	2	SFHCIN	v1
5060	MCRC2001059	2	DUAFUE	v1
5061	MCRC2001060	2	FG2577	v1
5062	MCRC2001061	2	RNEMF0	v1
5063	MCRC2001062	2	1ZQTYV	v1
5064	MCRC2001063	2	Y1TKG4	v1
5065	MCRC2001064	2	637F12	v1
5066	MCRC2001065	2	77KCWX	v1
5067	MCRC2001066	2	S3CD57	v1
5068	MCRC2001067	2	GJL67D	v1
5069	MCRC2001068	2	RJT3L5	v1
5070	MCRC2001069	2	LF30GT	v1
5071	MCRC2001070	2	CD7F9T	v1
5072	MCRC2001071	2	255PHC	v1
5073	MCRC2001072	2	VD9HHC	v1
5074	MCRC2001073	2	W26TIV	v1
5075	MCRC2001074	2	ISZDQM	v1
5076	MCRC2001075	2	4ULTKM	v1
5077	MCRC2001076	2	EI6TIY	v1
5078	MCRC2001077	2	T84LAX	v1
5079	MCRC2001078	2	E4252Z	v1
5080	MCRC2001079	2	FHAK5D	v1
5081	MCRC2001080	2	2RG2AQ	v1
5082	MCRC2001081	2	0HMJZP	v1
5083	MCRC2001082	2	PVVQS2	v1
5084	MCRC2001083	2	A81LN7	v1
5085	MCRC2001084	2	0TRTLB	v1
5086	MCRC2001085	2	DA6QZW	v1
5087	MCRC2001086	2	YKLZUR	v1
5088	MCRC2001087	2	YAV1ED	v1
5089	MCRC2001088	2	ZL9Z3X	v1
5090	MCRC2001089	2	WV8IQ4	v1
5091	MCRC2001090	2	L3PP10	v1
5092	MCRC2001091	2	DVVMXY	v1
5093	MCRC2001092	2	JDXTHF	v1
5094	MCRC2001093	2	2KQV7R	v1
5095	MCRC2001094	2	IZMGW0	v1
5096	MCRC2001095	2	LZUAVX	v1
5097	MCRC2001096	2	JDI96V	v1
5098	MCRC2001097	2	MPUQWX	v1
5099	MCRC2001098	2	IA7IJ4	v1
5100	MCRC2001099	2	LI2UXC	v1
5101	MCRC2001100	2	LYFB2V	v1
5102	MCRC2001101	2	GMNJWZ	v1
5103	MCRC2001102	2	VQILFV	v1
5104	MCRC2001103	2	F11QHG	v1
5105	MCRC2001104	2	KIRNVU	v1
5106	MCRC2001105	2	VQZEAS	v1
5107	MCRC2001106	2	UMLN8X	v1
5108	MCRC2001107	2	2BDCW1	v1
5109	MCRC2001108	2	1XGLEB	v1
5110	MCRC2001109	2	0KXI5Y	v1
5111	MCRC2001110	2	NTUV5H	v1
5112	MCRC2001111	2	A68ZQR	v1
5113	MCRC2001112	2	VH8TQ7	v1
5114	MCRC2001113	2	D7WA8S	v1
5115	MCRC2001114	2	6361I2	v1
5116	MCRC2001115	2	19TRCA	v1
5117	MCRC2001116	2	77NYE4	v1
5118	MCRC2001117	2	GV7JAV	v1
5119	MCRC2001118	2	6ZEDWQ	v1
5120	MCRC2001119	2	75EV5L	v1
5121	MCRC2001120	2	3ZN1WQ	v1
5122	MCRC2001121	2	MKZ2L7	v1
5123	MCRC2001122	2	JC3GNY	v1
5124	MCRC2001123	2	6NMIZ9	v1
5125	MCRC2001124	2	MKF4CG	v1
5126	MCRC2001125	2	FDBT18	v1
5127	MCRC2001126	2	34DMJL	v1
5128	MCRC2001127	2	4WYHMM	v1
5129	MCRC2001128	2	TMHGMV	v1
5130	MCRC2001129	2	90Z4CR	v1
5131	MCRC2001130	2	DUYS1Z	v1
5132	MCRC2001131	2	ZK9R1P	v1
5133	MCRC2001132	2	NCR87U	v1
5134	MCRC2001133	2	BZB92G	v1
5135	MCRC2001134	2	6C9L1G	v1
5136	MCRC2001135	2	9DFLYU	v1
5137	MCRC2001136	2	533BMT	v1
5138	MCRC2001137	2	K2FNMN	v1
5139	MCRC2001138	2	T96CY1	v1
5140	MCRC2001139	2	R0CIFS	v1
5141	MCRC2001140	2	1CJTF1	v1
5142	MCRC2001141	2	86DGJ8	v1
5143	MCRC2001142	2	4KG3RR	v1
5144	MCRC2001143	2	94XTWV	v1
5145	MCRC2001144	2	5H6K5Q	v1
5146	MCRC2001145	2	805C3H	v1
5147	MCRC2001146	2	30LII8	v1
5148	MCRC2001147	2	A7N8RH	v1
5149	MCRC2001148	2	WABWGL	v1
5150	MCRC2001149	2	3K90L5	v1
5151	MCRC2001150	2	ZNYGCB	v1
5152	MCRC2001151	2	U21QIA	v1
5153	MCRC2001152	2	TB0U4S	v1
5154	MCRC2001153	2	TAP7MN	v1
5155	MCRC2001154	2	4DKEHI	v1
5156	MCRC2001155	2	3CU0RS	v1
5157	MCRC2001156	2	QVX6AX	v1
5158	MCRC2001157	2	I590BA	v1
5159	MCRC2001158	2	HF66W7	v1
5160	MCRC2001159	2	HCAPI3	v1
5161	MCRC2001160	2	CEW1CF	v1
5162	MCRC2001161	2	4FHW13	v1
5163	MCRC2001162	2	A39EI2	v1
5164	MCRC2001163	2	8WI3M7	v1
5165	MCRC2001164	2	ZYIRM0	v1
5166	MCRC2001165	2	XJIEJQ	v1
5167	MCRC2001166	2	E3T46U	v1
5168	MCRC2001167	2	RRH1C8	v1
5169	MCRC2001168	2	329YX4	v1
5170	MCRC2001169	2	1WHBAN	v1
5171	MCRC2001170	2	2Y6WXW	v1
5172	MCRC2001171	2	99SZPP	v1
5173	MCRC2001172	2	TNKEXN	v1
5174	MCRC2001173	2	3960AG	v1
5175	MCRC2001174	2	L3V650	v1
5176	MCRC2001175	2	51PHHI	v1
5177	MCRC2001176	2	EMAHYC	v1
5178	MCRC2001177	2	EH85DJ	v1
5179	MCRC2001178	2	4PZT8X	v1
5180	MCRC2001179	2	L0DDLV	v1
5181	MCRC2001180	2	RWLBZ4	v1
5182	MCRC2001181	2	RUY3I4	v1
5183	MCRC2001182	2	WHGNG5	v1
5184	MCRC2001183	2	NPBTXE	v1
5185	MCRC2001184	2	MXSWWR	v1
5186	MCRC2001185	2	J90W33	v1
5187	MCRC2001186	2	4RU1C9	v1
5188	MCRC2001187	2	XS5P0H	v1
5189	MCRC2001188	2	SDFZW3	v1
5190	MCRC2001189	2	BH3XFR	v1
5191	MCRC2001190	2	6X3BSK	v1
5192	MCRC2001191	2	VXSU6L	v1
5193	MCRC2001192	2	8C4K1V	v1
5194	MCRC2001193	2	SWYN2K	v1
5195	MCRC2001194	2	PI5Y9H	v1
5196	MCRC2001195	2	ANKKZ6	v1
5197	MCRC2001196	2	9IQP4X	v1
5198	MCRC2001197	2	I7FDG0	v1
5199	MCRC2001198	2	RJ766R	v1
5200	MCRC2001199	2	805GI3	v1
5201	MCRC2001200	2	5TNQ9S	v1
5202	MCRC2001201	2	QH37XP	v1
5203	MCRC2001202	2	YUI7TI	v1
5204	MCRC2001203	2	8018H5	v1
5205	MCRC2001204	2	1RGIQB	v1
5206	MCRC2001205	2	2W4HXG	v1
5207	MCRC2001206	2	BLV8M6	v1
5208	MCRC2001207	2	B8063A	v1
5209	MCRC2001208	2	ZU1FWG	v1
5210	MCRC2001209	2	KV6KPC	v1
5211	MCRC2001210	2	NZH8VZ	v1
5212	MCRC2001211	2	T0JYUR	v1
5213	MCRC2001212	2	HXN82L	v1
5214	MCRC2001213	2	6BDUNN	v1
5215	MCRC2001214	2	F7XJZ9	v1
5216	MCRC2001215	2	RU59R0	v1
5217	MCRC2001216	2	FXHYR1	v1
5218	MCRC2001217	2	F1CVU8	v1
5219	MCRC2001218	2	VAAWS8	v1
5220	MCRC2001219	2	VVM3W0	v1
5221	MCRC2001220	2	NJCWVQ	v1
5222	MCRC2001221	2	2ZQ56Y	v1
5223	MCRC2001222	2	7IRVGW	v1
5224	MCRC2001223	2	RBK1DT	v1
5225	MCRC2001224	2	FQ7W8I	v1
5226	MCRC2001225	2	PNJNLS	v1
5227	MCRC2001226	2	TGQGIV	v1
5228	MCRC2001227	2	MYRXDN	v1
5229	MCRC2001228	2	IFVTUG	v1
5230	MCRC2001229	2	94VMQW	v1
5231	MCRC2001230	2	MVY14I	v1
5232	MCRC2001231	2	MYXIQ0	v1
5233	MCRC2001232	2	KRNSJK	v1
5234	MCRC2001233	2	MMQLS5	v1
5235	MCRC2001234	2	8FBG58	v1
5236	MCRC2001235	2	LN63HN	v1
5237	MCRC2001236	2	JPPTM8	v1
5238	MCRC2001237	2	WLUTYP	v1
5239	MCRC2001238	2	KUKT7L	v1
5240	MCRC2001239	2	32H8VA	v1
5241	MCRC2001240	2	5Y0YL4	v1
5242	MCRC2001241	2	T90SXC	v1
5243	MCRC2001242	2	6MN7FH	v1
5244	MCRC2001243	2	5N4W7R	v1
5245	MCRC2001244	2	3PSPF7	v1
5246	MCRC2001245	2	88Q43K	v1
5247	MCRC2001246	2	TH8RG7	v1
5248	MCRC2001247	2	WF5797	v1
5249	MCRC2001248	2	WT7LGI	v1
5250	MCRC2001249	2	E405T0	v1
5251	MCRC2001250	2	UMI66S	v1
5252	MCRC2001251	2	BQ4ULC	v1
5253	MCRC2001252	2	ZG22YZ	v1
5254	MCRC2001253	2	NIF31I	v1
5255	MCRC2001254	2	0NEJ1D	v1
5256	MCRC2001255	2	0VX6F3	v1
5257	MCRC2001256	2	0VGVGT	v1
5258	MCRC2001257	2	H9T2AF	v1
5259	MCRC2001258	2	ALP1S2	v1
5260	MCRC2001259	2	VEFFY1	v1
5261	MCRC2001260	2	1EJWDU	v1
5262	MCRC2001261	2	XI9DVV	v1
5263	MCRC2001262	2	0T89L4	v1
5264	MCRC2001263	2	3ENIZF	v1
5265	MCRC2001264	2	SN45MA	v1
5266	MCRC2001265	2	HIBJLM	v1
5267	MCRC2001266	2	SZXHCC	v1
5268	MCRC2001267	2	08R4FC	v1
5269	MCRC2001268	2	RH49WP	v1
5270	MCRC2001269	2	Q8WSVZ	v1
5271	MCRC2001270	2	K690Z8	v1
5272	MCRC2001271	2	MP9B3W	v1
5273	MCRC2001272	2	IUWH2A	v1
5274	MCRC2001273	2	4PASWB	v1
5275	MCRC2001274	2	J764TT	v1
5276	MCRC2001275	2	WP5U3I	v1
5277	MCRC2001276	2	YTPE4C	v1
5278	MCRC2001277	2	4D5C64	v1
5279	MCRC2001278	2	AL1EIB	v1
5280	MCRC2001279	2	ZBIBD6	v1
5281	MCRC2001280	2	80XVH9	v1
5282	MCRC2001281	2	AUFAP0	v1
5283	MCRC2001282	2	C87YCZ	v1
5284	MCRC2001283	2	YLG7NM	v1
5285	MCRC2001284	2	IDDQ8G	v1
5286	MCRC2001285	2	93QWX3	v1
5287	MCRC2001286	2	8LR6J3	v1
5288	MCRC2001287	2	NZQJ61	v1
5289	MCRC2001288	2	SYIQSR	v1
5290	MCRC2001289	2	EVNW3A	v1
5291	MCRC2001290	2	6FI4DM	v1
5292	MCRC2001291	2	342WZ8	v1
5293	MCRC2001292	2	KTWNRP	v1
5294	MCRC2001293	2	4GZFZN	v1
5295	MCRC2001294	2	CDFQ80	v1
5296	MCRC2001295	2	BFTVYU	v1
5297	MCRC2001296	2	BZA6YX	v1
5298	MCRC2001297	2	E3PWYU	v1
5299	MCRC2001298	2	IP205A	v1
5300	MCRC2001299	2	YLFV9Q	v1
5301	MCRC2001300	2	L38VIM	v1
5302	MCRC2001301	2	L6Z4HU	v1
5303	MCRC2001302	2	DGCVAE	v1
5304	MCRC2001303	2	HCBAAE	v1
5305	MCRC2001304	2	63LLZ4	v1
5306	MCRC2001305	2	MU80F4	v1
5307	MCRC2001306	2	Q5R99D	v1
5308	MCRC2001307	2	8INSL4	v1
5309	MCRC2001308	2	7IC3II	v1
5310	MCRC2001309	2	6F8VCB	v1
5311	MCRC2001310	2	KPIYV1	v1
5312	MCRC2001311	2	XGARV5	v1
5313	MCRC2001312	2	YH491F	v1
5314	MCRC2001313	2	KHJ6E1	v1
5315	MCRC2001314	2	U8RJ7R	v1
5316	MCRC2001315	2	CRJIMN	v1
5317	MCRC2001316	2	H18AH9	v1
5318	MCRC2001317	2	CALY88	v1
5319	MCRC2001318	2	2HA1EX	v1
5320	MCRC2001319	2	CWGAZ3	v1
5321	MCRC2001320	2	3W4ULY	v1
5322	MCRC2001321	2	N90PUG	v1
5323	MCRC2001322	2	I66BDB	v1
5324	MCRC2001323	2	YB8TS6	v1
5325	MCRC2001324	2	9YCT8I	v1
5326	MCRC2001325	2	VCK3GB	v1
5327	MCRC2001326	2	WTU1BZ	v1
5328	MCRC2001327	2	WYEQ91	v1
5329	MCRC2001328	2	HFKH49	v1
5330	MCRC2001329	2	I2A5AL	v1
5331	MCRC2001330	2	46UAIZ	v1
5332	MCRC2001331	2	TSP3WG	v1
5333	MCRC2001332	2	3T6FS4	v1
5334	MCRC2001333	2	TYP9YY	v1
5335	MCRC2001334	2	WB3V54	v1
5336	MCRC2001335	2	MWLRJF	v1
5337	MCRC2001336	2	60RKBV	v1
5338	MCRC2001337	2	PBEZLB	v1
5339	MCRC2001338	2	EWTEZX	v1
5340	MCRC2001339	2	QMRG34	v1
5341	MCRC2001340	2	4MVDE5	v1
5342	MCRC2001341	2	LYG18T	v1
5343	MCRC2001342	2	PQF8SJ	v1
5344	MCRC2001343	2	8VU5NK	v1
5345	MCRC2001344	2	VF300X	v1
5346	MCRC2001345	2	00FFRH	v1
5347	MCRC2001346	2	C6ES5P	v1
5348	MCRC2001347	2	030YCG	v1
5349	MCRC2001348	2	GA0948	v1
5350	MCRC2001349	2	NHBP3L	v1
5351	MCRC2001350	2	UCEY30	v1
5352	MCRC2001351	2	VMVV49	v1
5353	MCRC2001352	2	4B3RRP	v1
5354	MCRC2001353	2	A4DVB2	v1
5355	MCRC2001354	2	A3SPAV	v1
5356	MCRC2001355	2	ZAFL86	v1
5357	MCRC2001356	2	EWBTTC	v1
5358	MCRC2001357	2	G9CYNZ	v1
5359	MCRC2001358	2	VMGXGM	v1
5360	MCRC2001359	2	PMTH2Z	v1
5361	MCRC2001360	2	24SH9Z	v1
5362	MCRC2001361	2	VALBTW	v1
5363	MCRC2001362	2	6EDZJ2	v1
5364	MCRC2001363	2	DHFPQE	v1
5365	MCRC2001364	2	UQRLJL	v1
5366	MCRC2001365	2	6D7J35	v1
5367	MCRC2001366	2	5WFSRQ	v1
5368	MCRC2001367	2	0T16XI	v1
5369	MCRC2001368	2	S1JX00	v1
5370	MCRC2001369	2	S4SPPE	v1
5371	MCRC2001370	2	64ABRE	v1
5372	MCRC2001371	2	SKH47T	v1
5373	MCRC2001372	2	NNWMXA	v1
5374	MCRC2001373	2	NVPBN3	v1
5375	MCRC2001374	2	R1W2T8	v1
5376	MCRC2001375	2	FQ27C6	v1
5377	MCRC2001376	2	8R3SAE	v1
5378	MCRC2001377	2	BV7BPH	v1
5379	MCRC2001378	2	BZU16J	v1
5380	MCRC2001379	2	3WN2JE	v1
5381	MCRC2001380	2	3W65P8	v1
5382	MCRC2001381	2	VNNSPA	v1
5383	MCRC2001382	2	8E3TB8	v1
5384	MCRC2001383	2	4ZZAMB	v1
5385	MCRC2001384	2	7UBRX9	v1
5386	MCRC2001385	2	HU2NYG	v1
5387	MCRC2001386	2	UXPTSA	v1
5388	MCRC2001387	2	ZTYD16	v1
5389	MCRC2001388	2	Y150XH	v1
5390	MCRC2001389	2	XSTWCJ	v1
5391	MCRC2001390	2	JNIRB3	v1
5392	MCRC2001391	2	Y5ZNBN	v1
5393	MCRC2001392	2	NM8EGJ	v1
5394	MCRC2001393	2	M4WC1Y	v1
5395	MCRC2001394	2	12BXB2	v1
5396	MCRC2001395	2	FKMMUJ	v1
5397	MCRC2001396	2	R3PWJ5	v1
5398	MCRC2001397	2	GVI9FW	v1
5399	MCRC2001398	2	G6AS78	v1
5400	MCRC2001399	2	NS2UZG	v1
5401	MCRC2001400	2	YKNGB2	v1
5402	MCRC2001401	2	E6V8RT	v1
5403	MCRC2001402	2	MZ2X2B	v1
5404	MCRC2001403	2	WXCW1G	v1
5405	MCRC2001404	2	XMGC0J	v1
5406	MCRC2001405	2	CECT78	v1
5407	MCRC2001406	2	GJE8RP	v1
5408	MCRC2001407	2	WKWDNC	v1
5409	MCRC2001408	2	00ID23	v1
5410	MCRC2001409	2	I52B2Q	v1
5411	MCRC2001410	2	L2KI1F	v1
5412	MCRC2001411	2	F2SV5K	v1
5413	MCRC2001412	2	F4MYHJ	v1
5414	MCRC2001413	2	5STNEY	v1
5415	MCRC2001414	2	MU6LP2	v1
5416	MCRC2001415	2	ET0K7R	v1
5417	MCRC2001416	2	NBUWA7	v1
5418	MCRC2001417	2	MTI20V	v1
5419	MCRC2001418	2	JVL48E	v1
5420	MCRC2001419	2	N66M86	v1
5421	MCRC2001420	2	5H0CJN	v1
5422	MCRC2001421	2	L3QSB0	v1
5423	MCRC2001422	2	JTN328	v1
5424	MCRC2001423	2	FIH96F	v1
5425	MCRC2001424	2	GTDTZZ	v1
5426	MCRC2001425	2	GWFJVI	v1
5427	MCRC2001426	2	3I9FWF	v1
5428	MCRC2001427	2	MTZL49	v1
5429	MCRC2001428	2	KI4QSF	v1
5430	MCRC2001429	2	YAP7SW	v1
5431	MCRC2001430	2	5TCQ52	v1
5432	MCRC2001431	2	GMEBZN	v1
5433	MCRC2001432	2	RAUUMF	v1
5434	MCRC2001433	2	G2U3IJ	v1
5435	MCRC2001434	2	QFTK4S	v1
5436	MCRC2001435	2	VJDES1	v1
5437	MCRC2001436	2	1GWCJK	v1
5438	MCRC2001437	2	6LJX9B	v1
5439	MCRC2001438	2	9GQKSF	v1
5440	MCRC2001439	2	ML5VI6	v1
5441	MCRC2001440	2	F001AP	v1
5442	MCRC2001441	2	NAI8QI	v1
5443	MCRC2001442	2	4UMAXR	v1
5444	MCRC2001443	2	2KUKUM	v1
5445	MCRC2001444	2	1U6VJD	v1
5446	MCRC2001445	2	AWLPKK	v1
5447	MCRC2001446	2	ZG7ZCM	v1
5448	MCRC2001447	2	SE8TJ9	v1
5449	MCRC2001448	2	RFQAH5	v1
5450	MCRC2001449	2	W487GJ	v1
5451	MCRC2001450	2	EKZ4CK	v1
5452	MCRC2001451	2	5SEHWL	v1
5453	MCRC2001452	2	NYZBK9	v1
5454	MCRC2001453	2	G8SPIQ	v1
5455	MCRC2001454	2	WNVQ86	v1
5456	MCRC2001455	2	I4EU4J	v1
5457	MCRC2001456	2	5A3RAF	v1
5458	MCRC2001457	2	WA2XQ3	v1
5459	MCRC2001458	2	NUWMFQ	v1
5460	MCRC2001459	2	NPGRUE	v1
5461	MCRC2001460	2	FRETSK	v1
5462	MCRC2001461	2	L9Q00I	v1
5463	MCRC2001462	2	SBYWWA	v1
5464	MCRC2001463	2	EF5TSB	v1
5465	MCRC2001464	2	SM5616	v1
5466	MCRC2001465	2	Y3QLMR	v1
5467	MCRC2001466	2	BP5TA0	v1
5468	MCRC2001467	2	S6S9P5	v1
5469	MCRC2001468	2	UHAQW2	v1
5470	MCRC2001469	2	0DAE4A	v1
5471	MCRC2001470	2	HWNW3Z	v1
5472	MCRC2001471	2	HPW2VW	v1
5473	MCRC2001472	2	IQCQFF	v1
5474	MCRC2001473	2	4TXY08	v1
5475	MCRC2001474	2	D2579P	v1
5476	MCRC2001475	2	BLG2AT	v1
5477	MCRC2001476	2	X6XFDI	v1
5478	MCRC2001477	2	UVHD02	v1
5479	MCRC2001478	2	WX74M3	v1
5480	MCRC2001479	2	3A5A16	v1
5481	MCRC2001480	2	ZGBUT7	v1
5482	MCRC2001481	2	APNIF6	v1
5483	MCRC2001482	2	FWGWLX	v1
5484	MCRC2001483	2	VVUUUE	v1
5485	MCRC2001484	2	YT5PNV	v1
5486	MCRC2001485	2	ISVIG3	v1
5487	MCRC2001486	2	A9AE75	v1
5488	MCRC2001487	2	5MD356	v1
5489	MCRC2001488	2	NSMFE6	v1
5490	MCRC2001489	2	9AI20B	v1
5491	MCRC2001490	2	JUZW8E	v1
5492	MCRC2001491	2	M54Y80	v1
5493	MCRC2001492	2	CPXCSV	v1
5494	MCRC2001493	2	SP9YV1	v1
5495	MCRC2001494	2	40MM7F	v1
5496	MCRC2001495	2	6I0W4N	v1
5497	MCRC2001496	2	R7BV0H	v1
5498	MCRC2001497	2	WJW9YK	v1
5499	MCRC2001498	2	0LH6LG	v1
5500	MCRC2001499	2	V7AKMZ	v1
5501	MCRC2001500	2	USBDA8	v1
5502	MCRC2001501	2	5Z7J67	v1
5503	MCRC2001502	2	0Q8VC3	v1
5504	MCRC2001503	2	9YB2X7	v1
5505	MCRC2001504	2	WVCXC0	v1
5506	MCRC2001505	2	4PZLZY	v1
5507	MCRC2001506	2	PV0Z4M	v1
5508	MCRC2001507	2	FGKKUL	v1
5509	MCRC2001508	2	YYJVSV	v1
5510	MCRC2001509	2	MUTCF3	v1
5511	MCRC2001510	2	E5LIC2	v1
5512	MCRC2001511	2	YRKLK9	v1
5513	MCRC2001512	2	QV8IR9	v1
5514	MCRC2001513	2	JYVM54	v1
5515	MCRC2001514	2	2GSCQS	v1
5516	MCRC2001515	2	73W3FL	v1
5517	MCRC2001516	2	06ZCBZ	v1
5518	MCRC2001517	2	TL288J	v1
5519	MCRC2001518	2	9AM0XT	v1
5520	MCRC2001519	2	SIYXVF	v1
5521	MCRC2001520	2	YGGAM6	v1
5522	MCRC2001521	2	JIW6JJ	v1
5523	MCRC2001522	2	0U2R11	v1
5524	MCRC2001523	2	KWBCME	v1
5525	MCRC2001524	2	K0CK1B	v1
5526	MCRC2001525	2	JRZLSW	v1
5527	MCRC2001526	2	U7YMSP	v1
5528	MCRC2001527	2	RH66F2	v1
5529	MCRC2001528	2	2ULH5D	v1
5530	MCRC2001529	2	S373P4	v1
5531	MCRC2001530	2	Z76QEI	v1
5532	MCRC2001531	2	7J0EFV	v1
5533	MCRC2001532	2	1RAEKK	v1
5534	MCRC2001533	2	J6MTB7	v1
5535	MCRC2001534	2	SJDHXY	v1
5536	MCRC2001535	2	CZSTFP	v1
5537	MCRC2001536	2	T0PM5I	v1
5538	MCRC2001537	2	2PXLUL	v1
5539	MCRC2001538	2	HCQWFZ	v1
5540	MCRC2001539	2	GLTJJI	v1
5541	MCRC2001540	2	9KT1TE	v1
5542	MCRC2001541	2	Q2TAJ0	v1
5543	MCRC2001542	2	RT9V6Q	v1
5544	MCRC2001543	2	7WNLWH	v1
5545	MCRC2001544	2	4JPVUN	v1
5546	MCRC2001545	2	BZ22JP	v1
5547	MCRC2001546	2	LXI31G	v1
5548	MCRC2001547	2	XG7UNG	v1
5549	MCRC2001548	2	GJJ5C1	v1
5550	MCRC2001549	2	K47NKP	v1
5551	MCRC2001550	2	HMIKJZ	v1
5552	MCRC2001551	2	2M34H2	v1
5553	MCRC2001552	2	EL9TLG	v1
5554	MCRC2001553	2	N7PRN7	v1
5555	MCRC2001554	2	CQDK3U	v1
5556	MCRC2001555	2	F9QAH8	v1
5557	MCRC2001556	2	CQZ603	v1
5558	MCRC2001557	2	8FXWJT	v1
5559	MCRC2001558	2	K2J58U	v1
5560	MCRC2001559	2	5W6LFY	v1
5561	MCRC2001560	2	7TGX12	v1
5562	MCRC2001561	2	69TTCX	v1
5563	MCRC2001562	2	9FWDCU	v1
5564	MCRC2001563	2	H32AEQ	v1
5565	MCRC2001564	2	9AM9SF	v1
5566	MCRC2001565	2	ZQ6IIY	v1
5567	MCRC2001566	2	ZR0YWM	v1
5568	MCRC2001567	2	19L5E6	v1
5569	MCRC2001568	2	29IQJS	v1
5570	MCRC2001569	2	VJ9ZWC	v1
5571	MCRC2001570	2	328TAW	v1
5572	MCRC2001571	2	WB2LWA	v1
5573	MCRC2001572	2	5HRD1Y	v1
5574	MCRC2001573	2	BSWSZ1	v1
5575	MCRC2001574	2	VATJUK	v1
5576	MCRC2001575	2	PU5AY6	v1
5577	MCRC2001576	2	4VE4PQ	v1
5578	MCRC2001577	2	4WVBE8	v1
5579	MCRC2001578	2	ECBJVB	v1
5580	MCRC2001579	2	MRNW3R	v1
5581	MCRC2001580	2	3C2IRD	v1
5582	MCRC2001581	2	8K8KPT	v1
5583	MCRC2001582	2	QDBV8J	v1
5584	MCRC2001583	2	VDRKP1	v1
5585	MCRC2001584	2	GI6N04	v1
5586	MCRC2001585	2	N0E3UI	v1
5587	MCRC2001586	2	7GVZQT	v1
5588	MCRC2001587	2	ZLJM2T	v1
5589	MCRC2001588	2	ZGG2IQ	v1
5590	MCRC2001589	2	Y394FQ	v1
5591	MCRC2001590	2	UZZQT9	v1
5592	MCRC2001591	2	X979YT	v1
5593	MCRC2001592	2	L07LVC	v1
5594	MCRC2001593	2	RLG4G7	v1
5595	MCRC2001594	2	WJY5IX	v1
5596	MCRC2001595	2	AXPQE1	v1
5597	MCRC2001596	2	5FQC2N	v1
5598	MCRC2001597	2	QGD3DG	v1
5599	MCRC2001598	2	AKURPP	v1
5600	MCRC2001599	2	MPYGIG	v1
5601	MCRC2001600	2	GC6B14	v1
5602	MCRC2001601	2	7VEF08	v1
5603	MCRC2001602	2	K0SWKL	v1
5604	MCRC2001603	2	MCIEVJ	v1
5605	MCRC2001604	2	WDZM3A	v1
5606	MCRC2001605	2	5AR0VG	v1
5607	MCRC2001606	2	YUQW16	v1
5608	MCRC2001607	2	9XMNV2	v1
5609	MCRC2001608	2	205EFV	v1
5610	MCRC2001609	2	V0N36B	v1
5611	MCRC2001610	2	6291M9	v1
5612	MCRC2001611	2	NCYN40	v1
5613	MCRC2001612	2	GYB8S0	v1
5614	MCRC2001613	2	7SWQ8P	v1
5615	MCRC2001614	2	831HI0	v1
5616	MCRC2001615	2	PTU1KT	v1
5617	MCRC2001616	2	1W7KDI	v1
5618	MCRC2001617	2	G1ES88	v1
5619	MCRC2001618	2	14TUJ9	v1
5620	MCRC2001619	2	9MBFP8	v1
5621	MCRC2001620	2	JWEWV5	v1
5622	MCRC2001621	2	3ZE8RQ	v1
5623	MCRC2001622	2	I9CZM1	v1
5624	MCRC2001623	2	2IL3I6	v1
5625	MCRC2001624	2	2N41DW	v1
5626	MCRC2001625	2	MBBU8S	v1
5627	MCRC2001626	2	M4H4MQ	v1
5628	MCRC2001627	2	IAXJXP	v1
5629	MCRC2001628	2	KAZRI4	v1
5630	MCRC2001629	2	01C82M	v1
5631	MCRC2001630	2	CTHAPN	v1
5632	MCRC2001631	2	52GJ9K	v1
5633	MCRC2001632	2	5EKVEU	v1
5634	MCRC2001633	2	YZWZIB	v1
5635	MCRC2001634	2	BFY91I	v1
5636	MCRC2001635	2	IDM5JT	v1
5637	MCRC2001636	2	4SYE81	v1
5638	MCRC2001637	2	36MFD3	v1
5639	MCRC2001638	2	PV3KKB	v1
5640	MCRC2001639	2	37VF1W	v1
5641	MCRC2001640	2	CDRSCE	v1
5642	MCRC2001641	2	U5CX4V	v1
5643	MCRC2001642	2	5K83AD	v1
5644	MCRC2001643	2	URBM9Y	v1
5645	MCRC2001644	2	BNH7KU	v1
5646	MCRC2001645	2	M3JTSF	v1
5647	MCRC2001646	2	YLRTB8	v1
5648	MCRC2001647	2	FF0EAM	v1
5649	MCRC2001648	2	Q9QMKN	v1
5650	MCRC2001649	2	KQDR0C	v1
5651	MCRC2001650	2	SAN1ZM	v1
5652	MCRC2001651	2	4VAY55	v1
5653	MCRC2001652	2	1JP51T	v1
5654	MCRC2001653	2	WH54YV	v1
5655	MCRC2001654	2	WKVTS0	v1
5656	MCRC2001655	2	NVX3G8	v1
5657	MCRC2001656	2	NFS8QA	v1
5658	MCRC2001657	2	0XL2UM	v1
5659	MCRC2001658	2	HNM4LI	v1
5660	MCRC2001659	2	KD2G2L	v1
5661	MCRC2001660	2	XREA8B	v1
5662	MCRC2001661	2	XZ1L73	v1
5663	MCRC2001662	2	JU8WC6	v1
5664	MCRC2001663	2	ML2RTQ	v1
5665	MCRC2001664	2	75S3E2	v1
5666	MCRC2001665	2	2G93H3	v1
5667	MCRC2001666	2	HAJNHU	v1
5668	MCRC2001667	2	8DKF9L	v1
5669	MCRC2001668	2	2H8ND4	v1
5670	MCRC2001669	2	0NG7TP	v1
5671	MCRC2001670	2	MMVN08	v1
5672	MCRC2001671	2	A8ZSHV	v1
5673	MCRC2001672	2	EFIBQZ	v1
5674	MCRC2001673	2	DSFHI6	v1
5675	MCRC2001674	2	66NP90	v1
5676	MCRC2001675	2	BD2YMD	v1
5677	MCRC2001676	2	T7NXZT	v1
5678	MCRC2001677	2	4I3KM2	v1
5679	MCRC2001678	2	N2WCCL	v1
5680	MCRC2001679	2	WY4LYA	v1
5681	MCRC2001680	2	3U40J2	v1
5682	MCRC2001681	2	518KV1	v1
5683	MCRC2001682	2	EV1WQ2	v1
5684	MCRC2001683	2	Z531G0	v1
5685	MCRC2001684	2	VXLRL9	v1
5686	MCRC2001685	2	1DA8AT	v1
5687	MCRC2001686	2	FNGMPN	v1
5688	MCRC2001687	2	Y4VAMP	v1
5689	MCRC2001688	2	62QMEE	v1
5690	MCRC2001689	2	5BI9VC	v1
5691	MCRC2001690	2	RKQL8F	v1
5692	MCRC2001691	2	GMMF9Y	v1
5693	MCRC2001692	2	MHGKAV	v1
5694	MCRC2001693	2	4BPQ0V	v1
5695	MCRC2001694	2	1H2ZBJ	v1
5696	MCRC2001695	2	8NEACL	v1
5697	MCRC2001696	2	AQ7PK9	v1
5698	MCRC2001697	2	3SWJK4	v1
5699	MCRC2001698	2	2CZ5H2	v1
5700	MCRC2001699	2	WUQ14G	v1
5701	MCRC2001700	2	CFPW5P	v1
5702	MCRC2001701	2	008KNW	v1
5703	MCRC2001702	2	57V9HH	v1
5704	MCRC2001703	2	XN0TMF	v1
5705	MCRC2001704	2	38JVAM	v1
5706	MCRC2001705	2	53J0UV	v1
5707	MCRC2001706	2	TFHLN4	v1
5708	MCRC2001707	2	UZTPDU	v1
5709	MCRC2001708	2	I7WBNS	v1
5710	MCRC2001709	2	3CZ05N	v1
5711	MCRC2001710	2	5D6SZN	v1
5712	MCRC2001711	2	6KB21Z	v1
5713	MCRC2001712	2	VJRIJR	v1
5714	MCRC2001713	2	2LD30I	v1
5715	MCRC2001714	2	KGCBH1	v1
5716	MCRC2001715	2	UL4UH1	v1
5717	MCRC2001716	2	17BC41	v1
5718	MCRC2001717	2	80F53C	v1
5719	MCRC2001718	2	4UY3GE	v1
5720	MCRC2001719	2	YGYFCC	v1
5721	MCRC2001720	2	83AU13	v1
5722	MCRC2001721	2	UT08A7	v1
5723	MCRC2001722	2	004V1G	v1
5724	MCRC2001723	2	K1Z318	v1
5725	MCRC2001724	2	PC8P40	v1
5726	MCRC2001725	2	4TY3I5	v1
5727	MCRC2001726	2	0PLYZ4	v1
5728	MCRC2001727	2	2BE8FE	v1
5729	MCRC2001728	2	TUXQ55	v1
5730	MCRC2001729	2	0F8SA5	v1
5731	MCRC2001730	2	415HB4	v1
5732	MCRC2001731	2	XRLZ3P	v1
5733	MCRC2001732	2	P7JEBW	v1
5734	MCRC2001733	2	L93C8R	v1
5735	MCRC2001734	2	IFEJ5E	v1
5736	MCRC2001735	2	2I8AC9	v1
5737	MCRC2001736	2	7K2ZKP	v1
5738	MCRC2001737	2	V30R1Y	v1
5739	MCRC2001738	2	AB5R7Z	v1
5740	MCRC2001739	2	NFTWEG	v1
5741	MCRC2001740	2	J2Z6TZ	v1
5742	MCRC2001741	2	JNH6AL	v1
5743	MCRC2001742	2	K3HVSY	v1
5744	MCRC2001743	2	6ITJ3W	v1
5745	MCRC2001744	2	WLWFMF	v1
5746	MCRC2001745	2	G6LB56	v1
5747	MCRC2001746	2	E3ENGU	v1
5748	MCRC2001747	2	L461GP	v1
5749	MCRC2001748	2	JWRBRV	v1
5750	MCRC2001749	2	T72H90	v1
5751	MCRC2001750	2	DKBZNE	v1
5752	MCRC2001751	2	ML87ES	v1
5753	MCRC2001752	2	PGUUK9	v1
5754	MCRC2001753	2	XNV7HP	v1
5755	MCRC2001754	2	IWEFA7	v1
5756	MCRC2001755	2	MYG6B1	v1
5757	MCRC2001756	2	FFZLN0	v1
5758	MCRC2001757	2	9N0MZ1	v1
5759	MCRC2001758	2	9D3277	v1
5760	MCRC2001759	2	D3PDLE	v1
5761	MCRC2001760	2	PWUT6D	v1
5762	MCRC2001761	2	H2YQNG	v1
5763	MCRC2001762	2	E0VR23	v1
5764	MCRC2001763	2	KNXMIX	v1
5765	MCRC2001764	2	70S5D0	v1
5766	MCRC2001765	2	SXUUCX	v1
5767	MCRC2001766	2	QKEASP	v1
5768	MCRC2001767	2	M4SX77	v1
5769	MCRC2001768	2	C2UGR0	v1
5770	MCRC2001769	2	TP3V2Q	v1
5771	MCRC2001770	2	JMXVD5	v1
5772	MCRC2001771	2	28042E	v1
5773	MCRC2001772	2	5WKWYD	v1
5774	MCRC2001773	2	YM4LNC	v1
5775	MCRC2001774	2	IMCIAF	v1
5776	MCRC2001775	2	URCS6E	v1
5777	MCRC2001776	2	5ZVYUF	v1
5778	MCRC2001777	2	BM7URP	v1
5779	MCRC2001778	2	CCN553	v1
5780	MCRC2001779	2	KGV7VZ	v1
5781	MCRC2001780	2	N5CYN9	v1
5782	MCRC2001781	2	9BWSKA	v1
5783	MCRC2001782	2	V5VAPS	v1
5784	MCRC2001783	2	Q7DA7L	v1
5785	MCRC2001784	2	S4624P	v1
5786	MCRC2001785	2	BGQSWB	v1
5787	MCRC2001786	2	K161C1	v1
5788	MCRC2001787	2	7XAY2K	v1
5789	MCRC2001788	2	6G36VP	v1
5790	MCRC2001789	2	8NMDFD	v1
5791	MCRC2001790	2	ZB74CQ	v1
5792	MCRC2001791	2	XT1Q3V	v1
5793	MCRC2001792	2	R4REWD	v1
5794	MCRC2001793	2	RJPJEP	v1
5795	MCRC2001794	2	9B2PFR	v1
5796	MCRC2001795	2	UCSZCW	v1
5797	MCRC2001796	2	HLZKA8	v1
5798	MCRC2001797	2	H2Y6CP	v1
5799	MCRC2001798	2	7NE1WC	v1
5800	MCRC2001799	2	UP2U8R	v1
5801	MCRC2001800	2	5EL6R8	v1
5802	MCRC2001801	2	NNCD8K	v1
5803	MCRC2001802	2	ZG8S4S	v1
5804	MCRC2001803	2	J8X13W	v1
5805	MCRC2001804	2	FTAUAI	v1
5806	MCRC2001805	2	YL39ZZ	v1
5807	MCRC2001806	2	DW5ZP4	v1
5808	MCRC2001807	2	B39HAF	v1
5809	MCRC2001808	2	JHJ8H9	v1
5810	MCRC2001809	2	6SUAI4	v1
5811	MCRC2001810	2	12E552	v1
5812	MCRC2001811	2	7B8QI1	v1
5813	MCRC2001812	2	0DDTNH	v1
5814	MCRC2001813	2	7ZJLI1	v1
5815	MCRC2001814	2	G63M1I	v1
5816	MCRC2001815	2	X7ZWM9	v1
5817	MCRC2001816	2	R8J14Q	v1
5818	MCRC2001817	2	D4ASMH	v1
5819	MCRC2001818	2	872P1W	v1
5820	MCRC2001819	2	CT0H9X	v1
5821	MCRC2001820	2	9S470U	v1
5822	MCRC2001821	2	D10FBK	v1
5823	MCRC2001822	2	RE83G8	v1
5824	MCRC2001823	2	H9GYRR	v1
5825	MCRC2001824	2	3L7B16	v1
5826	MCRC2001825	2	SQMINN	v1
5827	MCRC2001826	2	YD82ES	v1
5828	MCRC2001827	2	UKDTCI	v1
5829	MCRC2001828	2	DGLFJ8	v1
5830	MCRC2001829	2	C583GD	v1
5831	MCRC2001830	2	IRTI7N	v1
5832	MCRC2001831	2	PPGUNB	v1
5833	MCRC2001832	2	MSJELH	v1
5834	MCRC2001833	2	7KGFZZ	v1
5835	MCRC2001834	2	CDK9U8	v1
5836	MCRC2001835	2	GXJIKK	v1
5837	MCRC2001836	2	VDY26D	v1
5838	MCRC2001837	2	YSVTVS	v1
5839	MCRC2001838	2	G96AI4	v1
5840	MCRC2001839	2	BRHZK7	v1
5841	MCRC2001840	2	V1MV5Z	v1
5842	MCRC2001841	2	DLHLZ9	v1
5843	MCRC2001842	2	7EQZY5	v1
5844	MCRC2001843	2	1EZW1Q	v1
5845	MCRC2001844	2	X1C3FU	v1
5846	MCRC2001845	2	LRDQBE	v1
5847	MCRC2001846	2	D7KWTT	v1
5848	MCRC2001847	2	WWFAH2	v1
5849	MCRC2001848	2	YSAK9W	v1
5850	MCRC2001849	2	KND80J	v1
5851	MCRC2001850	2	79A3BM	v1
5852	MCRC2001851	2	U9D790	v1
5853	MCRC2001852	2	TMQVHG	v1
5854	MCRC2001853	2	IJM6ED	v1
5855	MCRC2001854	2	SSWKYY	v1
5856	MCRC2001855	2	H9NL8X	v1
5857	MCRC2001856	2	LPLJJE	v1
5858	MCRC2001857	2	1XKVX1	v1
5859	MCRC2001858	2	ZHS1KL	v1
5860	MCRC2001859	2	SJMCGF	v1
5861	MCRC2001860	2	GM04F0	v1
5862	MCRC2001861	2	NFVYAI	v1
5863	MCRC2001862	2	TR7XJQ	v1
5864	MCRC2001863	2	6NTNB2	v1
5865	MCRC2001864	2	0HUF3S	v1
5866	MCRC2001865	2	9P3N72	v1
5867	MCRC2001866	2	LG3J25	v1
5868	MCRC2001867	2	JDYQ1J	v1
5869	MCRC2001868	2	IAUN7Q	v1
5870	MCRC2001869	2	QY7P04	v1
5871	MCRC2001870	2	AVFJ98	v1
5872	MCRC2001871	2	0VTES4	v1
5873	MCRC2001872	2	40GWLK	v1
5874	MCRC2001873	2	40AWG0	v1
5875	MCRC2001874	2	S7BNYY	v1
5876	MCRC2001875	2	0N9Q7D	v1
5877	MCRC2001876	2	LXD8A7	v1
5878	MCRC2001877	2	USNPT5	v1
5879	MCRC2001878	2	IDS35Q	v1
5880	MCRC2001879	2	H4LMCN	v1
5881	MCRC2001880	2	KIMVSI	v1
5882	MCRC2001881	2	FLI2L9	v1
5883	MCRC2001882	2	VMRI5X	v1
5884	MCRC2001883	2	IAC2JA	v1
5885	MCRC2001884	2	X480FB	v1
5886	MCRC2001885	2	KFTSNP	v1
5887	MCRC2001886	2	N7B414	v1
5888	MCRC2001887	2	YFX79R	v1
5889	MCRC2001888	2	P2VICY	v1
5890	MCRC2001889	2	KK0XNS	v1
5891	MCRC2001890	2	86M9KZ	v1
5892	MCRC2001891	2	GBDN2X	v1
5893	MCRC2001892	2	ACH3HM	v1
5894	MCRC2001893	2	M7YFNM	v1
5895	MCRC2001894	2	630BWX	v1
5896	MCRC2001895	2	32B42H	v1
5897	MCRC2001896	2	KS1UTY	v1
5898	MCRC2001897	2	NYKSCL	v1
5899	MCRC2001898	2	E8Q7EE	v1
5900	MCRC2001899	2	SIVKKJ	v1
5901	MCRC2001900	2	BC8ABA	v1
5902	MCRC2001901	2	PPVCXM	v1
5903	MCRC2001902	2	SG5T8J	v1
5904	MCRC2001903	2	4M7B98	v1
5905	MCRC2001904	2	M9RKYU	v1
5906	MCRC2001905	2	YGGI6S	v1
5907	MCRC2001906	2	V801DS	v1
5908	MCRC2001907	2	VVTIZM	v1
5909	MCRC2001908	2	6XFD63	v1
5910	MCRC2001909	2	7A35RD	v1
5911	MCRC2001910	2	LZJKAL	v1
5912	MCRC2001911	2	U9IR32	v1
5913	MCRC2001912	2	SEU0F6	v1
5914	MCRC2001913	2	U630K8	v1
5915	MCRC2001914	2	GCETEP	v1
5916	MCRC2001915	2	C102QC	v1
5917	MCRC2001916	2	TG79C4	v1
5918	MCRC2001917	2	JLE2EN	v1
5919	MCRC2001918	2	XM2H50	v1
5920	MCRC2001919	2	D7FTYH	v1
5921	MCRC2001920	2	213E4A	v1
5922	MCRC2001921	2	QEI6AH	v1
5923	MCRC2001922	2	Y8P939	v1
5924	MCRC2001923	2	W1FH5Y	v1
5925	MCRC2001924	2	E2869D	v1
5926	MCRC2001925	2	0ESAVS	v1
5927	MCRC2001926	2	W8TX4Z	v1
5928	MCRC2001927	2	2B5APL	v1
5929	MCRC2001928	2	7NXP6P	v1
5930	MCRC2001929	2	DKIHXK	v1
5931	MCRC2001930	2	09GSY3	v1
5932	MCRC2001931	2	1RYBE5	v1
5933	MCRC2001932	2	4EVNRM	v1
5934	MCRC2001933	2	DMUJNN	v1
5935	MCRC2001934	2	KH4G5Z	v1
5936	MCRC2001935	2	WJJ56Q	v1
5937	MCRC2001936	2	15MB75	v1
5938	MCRC2001937	2	HRXME2	v1
5939	MCRC2001938	2	1A9S9J	v1
5940	MCRC2001939	2	USMIEJ	v1
5941	MCRC2001940	2	ZRZ5EZ	v1
5942	MCRC2001941	2	RZBNMJ	v1
5943	MCRC2001942	2	13PCZ1	v1
5944	MCRC2001943	2	R8JF01	v1
5945	MCRC2001944	2	KFJAWZ	v1
5946	MCRC2001945	2	U7VADS	v1
5947	MCRC2001946	2	MP4U6B	v1
5948	MCRC2001947	2	D3PF2Z	v1
5949	MCRC2001948	2	3VXN9W	v1
5950	MCRC2001949	2	IG9AL8	v1
5951	MCRC2001950	2	AS2SWU	v1
5952	MCRC2001951	2	BW0WL0	v1
5953	MCRC2001952	2	XZ9XJ1	v1
5954	MCRC2001953	2	1ICGPE	v1
5955	MCRC2001954	2	C9LGQC	v1
5956	MCRC2001955	2	059WN1	v1
5957	MCRC2001956	2	W1GH4K	v1
5958	MCRC2001957	2	N5DRRK	v1
5959	MCRC2001958	2	NPEEYY	v1
5960	MCRC2001959	2	Y3AAXX	v1
5961	MCRC2001960	2	P0TV5K	v1
5962	MCRC2001961	2	G2XFLT	v1
5963	MCRC2001962	2	NNSX60	v1
5964	MCRC2001963	2	7IAL0U	v1
5965	MCRC2001964	2	B1IVNS	v1
5966	MCRC2001965	2	G6HHL0	v1
5967	MCRC2001966	2	8JLFUH	v1
5968	MCRC2001967	2	Y57TJW	v1
5969	MCRC2001968	2	3WNG53	v1
5970	MCRC2001969	2	5V6T31	v1
5971	MCRC2001970	2	D6B2U5	v1
5972	MCRC2001971	2	L4AB3G	v1
5973	MCRC2001972	2	HCKHPX	v1
5974	MCRC2001973	2	WA5GUY	v1
5975	MCRC2001974	2	54BWTU	v1
5976	MCRC2001975	2	UDJKAW	v1
5977	MCRC2001976	2	XTN8PZ	v1
5978	MCRC2001977	2	EHNBMS	v1
5979	MCRC2001978	2	ZH4641	v1
5980	MCRC2001979	2	KLD474	v1
5981	MCRC2001980	2	2QE8F7	v1
5982	MCRC2001981	2	1AKU7C	v1
5983	MCRC2001982	2	TUK9SW	v1
5984	MCRC2001983	2	8Q7JH5	v1
5985	MCRC2001984	2	ZHU7IF	v1
5986	MCRC2001985	2	XG860J	v1
5987	MCRC2001986	2	A7A5PB	v1
5988	MCRC2001987	2	A6L8MX	v1
5989	MCRC2001988	2	XV4GHZ	v1
5990	MCRC2001989	2	ZMP4NZ	v1
5991	MCRC2001990	2	H4FA8P	v1
5992	MCRC2001991	2	CPCH0W	v1
5993	MCRC2001992	2	UVEZWG	v1
5994	MCRC2001993	2	HTHJ2R	v1
5995	MCRC2001994	2	AF3267	v1
5996	MCRC2001995	2	6UADY6	v1
5997	MCRC2001996	2	YQUSRE	v1
5998	MCRC2001997	2	XB13VU	v1
5999	MCRC2001998	2	EDBW1E	v1
6000	MCRC2001999	2	0N6867	v1
6001	MCRC2002000	2	S9AFXU	v1
6002	MCRC2002001	2	DWXFG4	v1
6003	MCRC2002002	2	YYDZA8	v1
6004	MCRC2002003	2	KZE3JD	v1
6005	MCRC2002004	2	IJ7GSN	v1
6006	MCRC2002005	2	CHJERP	v1
6007	MCRC2002006	2	BH1U38	v1
6008	MCRC2002007	2	16ZRAP	v1
6009	MCRC2002008	2	TLZ0UA	v1
6010	MCRC2002009	2	ZFXCNU	v1
6011	MCRC2002010	2	VRK95A	v1
6012	MCRC2002011	2	JZWZGP	v1
6013	MCRC2002012	2	8ER3LG	v1
6014	MCRC2002013	2	5Z2EUP	v1
6015	MCRC2002014	2	MG9ISP	v1
6016	MCRC2002015	2	LY1WRT	v1
6017	MCRC2002016	2	VXX8HZ	v1
6018	MCRC2002017	2	KX9R4D	v1
6019	MCRC2002018	2	N6YRHT	v1
6020	MCRC2002019	2	9QI7G6	v1
6021	MCRC2002020	2	P35K6W	v1
6022	MCRC2002021	2	UZA17K	v1
6023	MCRC2002022	2	PUHFSI	v1
6024	MCRC2002023	2	QMI6EG	v1
6025	MCRC2002024	2	EPDH0W	v1
6026	MCRC2002025	2	NUKC6W	v1
6027	MCRC2002026	2	TIRLJA	v1
6028	MCRC2002027	2	4RTFCZ	v1
6029	MCRC2002028	2	X0ZGU6	v1
6030	MCRC2002029	2	2X0AS0	v1
6031	MCRC2002030	2	9YRK1H	v1
6032	MCRC2002031	2	QI27F4	v1
6033	MCRC2002032	2	MJ7JJ6	v1
6034	MCRC2002033	2	SYRT11	v1
6035	MCRC2002034	2	0PAFIF	v1
6036	MCRC2002035	2	2VZN17	v1
6037	MCRC2002036	2	624ADV	v1
6038	MCRC2002037	2	TZE4UU	v1
6039	MCRC2002038	2	M96DAZ	v1
6040	MCRC2002039	2	V8CR1Y	v1
6041	MCRC2002040	2	CRTUN5	v1
6042	MCRC2002041	2	ZNC6WR	v1
6043	MCRC2002042	2	G61J2D	v1
6044	MCRC2002043	2	0QJ36S	v1
6045	MCRC2002044	2	SLTA65	v1
6046	MCRC2002045	2	8LC59R	v1
6047	MCRC2002046	2	KN1YME	v1
6048	MCRC2002047	2	91UUM5	v1
6049	MCRC2002048	2	RM0A2V	v1
6050	MCRC2002049	2	HC7WFF	v1
6051	MCRC2002050	2	HIKG5Y	v1
6052	MCRC2002051	2	84HV1K	v1
6053	MCRC2002052	2	FX2VZJ	v1
6054	MCRC2002053	2	JDNTFT	v1
6055	MCRC2002054	2	KF82E1	v1
6056	MCRC2002055	2	DGHFPL	v1
6057	MCRC2002056	2	R77JQP	v1
6058	MCRC2002057	2	DC0S1F	v1
6059	MCRC2002058	2	QVVXGB	v1
6060	MCRC2002059	2	MTX0T6	v1
6061	MCRC2002060	2	MAPIV6	v1
6062	MCRC2002061	2	B2VA8I	v1
6063	MCRC2002062	2	KAPVEV	v1
6064	MCRC2002063	2	6NEXCF	v1
6065	MCRC2002064	2	UUY3JK	v1
6066	MCRC2002065	2	NHRAMB	v1
6067	MCRC2002066	2	HJD406	v1
6068	MCRC2002067	2	6HWPL6	v1
6069	MCRC2002068	2	ZSMIVY	v1
6070	MCRC2002069	2	TY29T5	v1
6071	MCRC2002070	2	ZRQE5A	v1
6072	MCRC2002071	2	1M1HQM	v1
6073	MCRC2002072	2	UN9XJ2	v1
6074	MCRC2002073	2	UYUL70	v1
6075	MCRC2002074	2	0WVDMT	v1
6076	MCRC2002075	2	ACJ7T3	v1
6077	MCRC2002076	2	ER4Q9V	v1
6078	MCRC2002077	2	F5NKEN	v1
6079	MCRC2002078	2	F48GXA	v1
6080	MCRC2002079	2	KZT4SV	v1
6081	MCRC2002080	2	RMTWQT	v1
6082	MCRC2002081	2	7DWB5U	v1
6083	MCRC2002082	2	1Y7FC8	v1
6084	MCRC2002083	2	T02Z2F	v1
6085	MCRC2002084	2	X43IFJ	v1
6086	MCRC2002085	2	H9REBC	v1
6087	MCRC2002086	2	3RPGEA	v1
6088	MCRC2002087	2	BNFT4A	v1
6089	MCRC2002088	2	BRQSPV	v1
6090	MCRC2002089	2	GKRVAN	v1
6091	MCRC2002090	2	CZNKC1	v1
6092	MCRC2002091	2	BMNJ39	v1
6093	MCRC2002092	2	56AACN	v1
6094	MCRC2002093	2	3VY0VC	v1
6095	MCRC2002094	2	3E4CUZ	v1
6096	MCRC2002095	2	MH4VZV	v1
6097	MCRC2002096	2	FDPE0R	v1
6098	MCRC2002097	2	Q832TI	v1
6099	MCRC2002098	2	FFUKHM	v1
6100	MCRC2002099	2	KZ5CCD	v1
6101	MCRC2002100	2	NJH1Y3	v1
6102	MCRC2002101	2	FJJVP4	v1
6103	MCRC2002102	2	926JE4	v1
6104	MCRC2002103	2	TSFX9U	v1
6105	MCRC2002104	2	4VBY2J	v1
6106	MCRC2002105	2	AGAZUK	v1
6107	MCRC2002106	2	Z1GVT4	v1
6108	MCRC2002107	2	IUXR2G	v1
6109	MCRC2002108	2	RGH3FR	v1
6110	MCRC2002109	2	HY86BE	v1
6111	MCRC2002110	2	36D2QC	v1
6112	MCRC2002111	2	BEVSUJ	v1
6113	MCRC2002112	2	0VTURK	v1
6114	MCRC2002113	2	T7P7ZK	v1
6115	MCRC2002114	2	LWNEIR	v1
6116	MCRC2002115	2	GPCD2S	v1
6117	MCRC2002116	2	QSS3YG	v1
6118	MCRC2002117	2	EQCQGU	v1
6119	MCRC2002118	2	I2I3IB	v1
6120	MCRC2002119	2	SR201G	v1
6121	MCRC2002120	2	YH35TA	v1
6122	MCRC2002121	2	Z0EZBG	v1
6123	MCRC2002122	2	5QQD19	v1
6124	MCRC2002123	2	5CLTG0	v1
6125	MCRC2002124	2	AXL751	v1
6126	MCRC2002125	2	ECA77I	v1
6127	MCRC2002126	2	RM54M7	v1
6128	MCRC2002127	2	UT9JF2	v1
6129	MCRC2002128	2	ZM9169	v1
6130	MCRC2002129	2	VMGZB3	v1
6131	MCRC2002130	2	N14QAE	v1
6132	MCRC2002131	2	QWD5SJ	v1
6133	MCRC2002132	2	E23IJN	v1
6134	MCRC2002133	2	FDTX5F	v1
6135	MCRC2002134	2	JVHQ94	v1
6136	MCRC2002135	2	KS67VJ	v1
6137	MCRC2002136	2	JELAF4	v1
6138	MCRC2002137	2	22NQFX	v1
6139	MCRC2002138	2	ZTS8WF	v1
6140	MCRC2002139	2	X14ELY	v1
6141	MCRC2002140	2	M0GBSB	v1
6142	MCRC2002141	2	NPNS7J	v1
6143	MCRC2002142	2	BJF38Z	v1
6144	MCRC2002143	2	82XM00	v1
6145	MCRC2002144	2	JU1P7R	v1
6146	MCRC2002145	2	NLIXEM	v1
6147	MCRC2002146	2	56MLKF	v1
6148	MCRC2002147	2	2K1BRA	v1
6149	MCRC2002148	2	8M1N0F	v1
6150	MCRC2002149	2	Q0T86C	v1
6151	MCRC2002150	2	MJN50M	v1
6152	MCRC2002151	2	NLTEYD	v1
6153	MCRC2002152	2	T8GDN6	v1
6154	MCRC2002153	2	M7HZRQ	v1
6155	MCRC2002154	2	0IKV3Q	v1
6156	MCRC2002155	2	70DBFU	v1
6157	MCRC2002156	2	N2F2A1	v1
6158	MCRC2002157	2	FTT1PB	v1
6159	MCRC2002158	2	YIFLQN	v1
6160	MCRC2002159	2	LGMH5P	v1
6161	MCRC2002160	2	U63MFT	v1
6162	MCRC2002161	2	I0PXTI	v1
6163	MCRC2002162	2	692AVI	v1
6164	MCRC2002163	2	1N5HPJ	v1
6165	MCRC2002164	2	JF9RAX	v1
6166	MCRC2002165	2	PDB1HV	v1
6167	MCRC2002166	2	MYFJ8T	v1
6168	MCRC2002167	2	KZ15N4	v1
6169	MCRC2002168	2	HJ73WZ	v1
6170	MCRC2002169	2	UXTSQ5	v1
6171	MCRC2002170	2	919FCE	v1
6172	MCRC2002171	2	NI52WR	v1
6173	MCRC2002172	2	MIJ5SW	v1
6174	MCRC2002173	2	VT3STF	v1
6175	MCRC2002174	2	DLJK5W	v1
6176	MCRC2002175	2	33JF0Q	v1
6177	MCRC2002176	2	G7AG6E	v1
6178	MCRC2002177	2	RWSQAU	v1
6179	MCRC2002178	2	TNSCGS	v1
6180	MCRC2002179	2	K4I7ZD	v1
6181	MCRC2002180	2	FUSTNX	v1
6182	MCRC2002181	2	C6FZKG	v1
6183	MCRC2002182	2	7WWSJ8	v1
6184	MCRC2002183	2	PYTMQS	v1
6185	MCRC2002184	2	AR3PNZ	v1
6186	MCRC2002185	2	M5NSUQ	v1
6187	MCRC2002186	2	DQHGZ3	v1
6188	MCRC2002187	2	F2TR9M	v1
6189	MCRC2002188	2	FFM7U8	v1
6190	MCRC2002189	2	07H8L4	v1
6191	MCRC2002190	2	UWN44E	v1
6192	MCRC2002191	2	3UY2N0	v1
6193	MCRC2002192	2	J7LEG6	v1
6194	MCRC2002193	2	M609VI	v1
6195	MCRC2002194	2	29TPEU	v1
6196	MCRC2002195	2	RVA43J	v1
6197	MCRC2002196	2	JSY3AA	v1
6198	MCRC2002197	2	H4ZAZC	v1
6199	MCRC2002198	2	FXDRYN	v1
6200	MCRC2002199	2	F8QJI0	v1
6201	MCRC2002200	2	EUYMBM	v1
6202	MCRC2002201	2	J4Y05L	v1
6203	MCRC2002202	2	UA709Q	v1
6204	MCRC2002203	2	TKECQN	v1
6205	MCRC2002204	2	CHLSRC	v1
6206	MCRC2002205	2	TDF3R7	v1
6207	MCRC2002206	2	B5CEJ6	v1
6208	MCRC2002207	2	SJ802A	v1
6209	MCRC2002208	2	58VN4Z	v1
6210	MCRC2002209	2	8QFR1U	v1
6211	MCRC2002210	2	3CZTSB	v1
6212	MCRC2002211	2	D3F61N	v1
6213	MCRC2002212	2	AFSK6H	v1
6214	MCRC2002213	2	GX2A97	v1
6215	MCRC2002214	2	YEMIXQ	v1
6216	MCRC2002215	2	EY9S4N	v1
6217	MCRC2002216	2	P3U4B1	v1
6218	MCRC2002217	2	DNLY2C	v1
6219	MCRC2002218	2	DFF2BI	v1
6220	MCRC2002219	2	GW6V5Z	v1
6221	MCRC2002220	2	Y9PQ4G	v1
6222	MCRC2002221	2	X3VPQZ	v1
6223	MCRC2002222	2	KFFZY5	v1
6224	MCRC2002223	2	13YIVN	v1
6225	MCRC2002224	2	W3K2B6	v1
6226	MCRC2002225	2	HSN23B	v1
6227	MCRC2002226	2	5QGVFY	v1
6228	MCRC2002227	2	JT8IAV	v1
6229	MCRC2002228	2	XEE3QJ	v1
6230	MCRC2002229	2	6F684W	v1
6231	MCRC2002230	2	SPIT88	v1
6232	MCRC2002231	2	WBC3LZ	v1
6233	MCRC2002232	2	BISMJI	v1
6234	MCRC2002233	2	2VHH74	v1
6235	MCRC2002234	2	HTVKKE	v1
6236	MCRC2002235	2	0B4MUS	v1
6237	MCRC2002236	2	HYK0UG	v1
6238	MCRC2002237	2	DV9S5V	v1
6239	MCRC2002238	2	67L6UB	v1
6240	MCRC2002239	2	LSVW6Z	v1
6241	MCRC2002240	2	ZHFFFX	v1
6242	MCRC2002241	2	UPTQ2H	v1
6243	MCRC2002242	2	3DEISV	v1
6244	MCRC2002243	2	193ZNS	v1
6245	MCRC2002244	2	2KBY1Z	v1
6246	MCRC2002245	2	ZGNA23	v1
6247	MCRC2002246	2	V2VNNS	v1
6248	MCRC2002247	2	13N1MV	v1
6249	MCRC2002248	2	E4HYU2	v1
6250	MCRC2002249	2	ETYSRJ	v1
6251	MCRC2002250	2	YK6AWB	v1
6252	MCRC2002251	2	J2AEU0	v1
6253	MCRC2002252	2	9G2KEU	v1
6254	MCRC2002253	2	7LGR80	v1
6255	MCRC2002254	2	NLABY7	v1
6256	MCRC2002255	2	Z9QYHS	v1
6257	MCRC2002256	2	7GP77B	v1
6258	MCRC2002257	2	5Y33JU	v1
6259	MCRC2002258	2	TMYDJM	v1
6260	MCRC2002259	2	W4DWG1	v1
6261	MCRC2002260	2	25D5EW	v1
6262	MCRC2002261	2	7P7ZRB	v1
6263	MCRC2002262	2	3C8T36	v1
6264	MCRC2002263	2	MZW1ET	v1
6265	MCRC2002264	2	0ML51E	v1
6266	MCRC2002265	2	3HQVS8	v1
6267	MCRC2002266	2	CLE2YD	v1
6268	MCRC2002267	2	5DBD01	v1
6269	MCRC2002268	2	4UJ9MS	v1
6270	MCRC2002269	2	5SXP9A	v1
6271	MCRC2002270	2	LWNB9G	v1
6272	MCRC2002271	2	R2R2H9	v1
6273	MCRC2002272	2	KKT93P	v1
6274	MCRC2002273	2	DNT6YJ	v1
6275	MCRC2002274	2	8G01NB	v1
6276	MCRC2002275	2	J8HTCS	v1
6277	MCRC2002276	2	Z02N14	v1
6278	MCRC2002277	2	RNYH2L	v1
6279	MCRC2002278	2	U45RLT	v1
6280	MCRC2002279	2	Z20NM6	v1
6281	MCRC2002280	2	D6HYUW	v1
6282	MCRC2002281	2	9BV4UE	v1
6283	MCRC2002282	2	RALAMY	v1
6284	MCRC2002283	2	SUBLZM	v1
6285	MCRC2002284	2	HBVXXT	v1
6286	MCRC2002285	2	BTHM6J	v1
6287	MCRC2002286	2	3X3FCU	v1
6288	MCRC2002287	2	H38EAF	v1
6289	MCRC2002288	2	59AJG3	v1
6290	MCRC2002289	2	PZAN7F	v1
6291	MCRC2002290	2	SL4WCE	v1
6292	MCRC2002291	2	1HDFB6	v1
6293	MCRC2002292	2	06SBHU	v1
6294	MCRC2002293	2	Y0ZDFY	v1
6295	MCRC2002294	2	GM8VAI	v1
6296	MCRC2002295	2	YA3CC9	v1
6297	MCRC2002296	2	K474AT	v1
6298	MCRC2002297	2	LYTQ0Y	v1
6299	MCRC2002298	2	6HWX8U	v1
6300	MCRC2002299	2	SIFCHN	v1
6301	MCRC2002300	2	V8CA8M	v1
6302	MCRC2002301	2	2I2IDH	v1
6303	MCRC2002302	2	RFZN6W	v1
6304	MCRC2002303	2	W2ZBTJ	v1
6305	MCRC2002304	2	ZNGQGK	v1
6306	MCRC2002305	2	VA4DRR	v1
6307	MCRC2002306	2	7DNBC8	v1
6308	MCRC2002307	2	30EI7J	v1
6309	MCRC2002308	2	2DG9Q6	v1
6310	MCRC2002309	2	MEX71F	v1
6311	MCRC2002310	2	PMQNAW	v1
6312	MCRC2002311	2	B68FU4	v1
6313	MCRC2002312	2	TYYMWF	v1
6314	MCRC2002313	2	PTI0KD	v1
6315	MCRC2002314	2	8QB3RK	v1
6316	MCRC2002315	2	7LIG1B	v1
6317	MCRC2002316	2	Z6JWYE	v1
6318	MCRC2002317	2	28QZZ4	v1
6319	MCRC2002318	2	TJJUK4	v1
6320	MCRC2002319	2	0P32EB	v1
6321	MCRC2002320	2	XJC85D	v1
6322	MCRC2002321	2	132BT2	v1
6323	MCRC2002322	2	BK4JZX	v1
6324	MCRC2002323	2	UKF3X5	v1
6325	MCRC2002324	2	C662R0	v1
6326	MCRC2002325	2	WDXMP7	v1
6327	MCRC2002326	2	IQMCBM	v1
6328	MCRC2002327	2	SLRZWP	v1
6329	MCRC2002328	2	PURFQC	v1
6330	MCRC2002329	2	CAJJI2	v1
6331	MCRC2002330	2	BDE3W3	v1
6332	MCRC2002331	2	GJQQS6	v1
6333	MCRC2002332	2	KJ9KD5	v1
6334	MCRC2002333	2	77Q1VI	v1
6335	MCRC2002334	2	CGM95E	v1
6336	MCRC2002335	2	6LHJEN	v1
6337	MCRC2002336	2	CA5REK	v1
6338	MCRC2002337	2	2V2L62	v1
6339	MCRC2002338	2	ARV635	v1
6340	MCRC2002339	2	CISKAV	v1
6341	MCRC2002340	2	D7RPUQ	v1
6342	MCRC2002341	2	9NKQZ7	v1
6343	MCRC2002342	2	QNYD6Y	v1
6344	MCRC2002343	2	VDNMYJ	v1
6345	MCRC2002344	2	3GS8EM	v1
6346	MCRC2002345	2	J1GVHJ	v1
6347	MCRC2002346	2	CXAHGI	v1
6348	MCRC2002347	2	47ZNW9	v1
6349	MCRC2002348	2	DLP2UT	v1
6350	MCRC2002349	2	KXC8T4	v1
6351	MCRC2002350	2	VI5V2Y	v1
6352	MCRC2002351	2	22BECQ	v1
6353	MCRC2002352	2	SZB3T6	v1
6354	MCRC2002353	2	H6DDS7	v1
6355	MCRC2002354	2	ZVCSBL	v1
6356	MCRC2002355	2	EWIDZ4	v1
6357	MCRC2002356	2	WRZFDL	v1
6358	MCRC2002357	2	CP7LD0	v1
6359	MCRC2002358	2	RPPTBH	v1
6360	MCRC2002359	2	HK43FT	v1
6361	MCRC2002360	2	8C72ZT	v1
6362	MCRC2002361	2	VNS9TK	v1
6363	MCRC2002362	2	GFLNUU	v1
6364	MCRC2002363	2	ULVDW5	v1
6365	MCRC2002364	2	NR6EE6	v1
6366	MCRC2002365	2	PEIP5V	v1
6367	MCRC2002366	2	04YSV3	v1
6368	MCRC2002367	2	09ZNWS	v1
6369	MCRC2002368	2	69CTED	v1
6370	MCRC2002369	2	IBYBRJ	v1
6371	MCRC2002370	2	XV0L6C	v1
6372	MCRC2002371	2	3W7FGL	v1
6373	MCRC2002372	2	77A2C9	v1
6374	MCRC2002373	2	MEJN16	v1
6375	MCRC2002374	2	BBH3S6	v1
6376	MCRC2002375	2	B2B3UU	v1
6377	MCRC2002376	2	99NTXT	v1
6378	MCRC2002377	2	78PIBJ	v1
6379	MCRC2002378	2	LBRN1H	v1
6380	MCRC2002379	2	JDXGY9	v1
6381	MCRC2002380	2	IHW7K1	v1
6382	MCRC2002381	2	8D95W7	v1
6383	MCRC2002382	2	TY33WP	v1
6384	MCRC2002383	2	ZCF97Y	v1
6385	MCRC2002384	2	36M41N	v1
6386	MCRC2002385	2	9SABH6	v1
6387	MCRC2002386	2	VTF2VP	v1
6388	MCRC2002387	2	9XVZ46	v1
6389	MCRC2002388	2	HAGWB1	v1
6390	MCRC2002389	2	MN4TV8	v1
6391	MCRC2002390	2	SHYMGN	v1
6392	MCRC2002391	2	W0RS66	v1
6393	MCRC2002392	2	LUF9XF	v1
6394	MCRC2002393	2	Y4Z21F	v1
6395	MCRC2002394	2	TKWM2C	v1
6396	MCRC2002395	2	VJR1TU	v1
6397	MCRC2002396	2	TK0WN8	v1
6398	MCRC2002397	2	V2IA6C	v1
6399	MCRC2002398	2	ZPT2HZ	v1
6400	MCRC2002399	2	E5ZHF1	v1
6401	MCRC2002400	2	G7LVTA	v1
6402	MCRC2002401	2	Y5HKS5	v1
6403	MCRC2002402	2	PV183Q	v1
6404	MCRC2002403	2	LPZTPK	v1
6405	MCRC2002404	2	MEDSAJ	v1
6406	MCRC2002405	2	9XPVJ2	v1
6407	MCRC2002406	2	DC6SVQ	v1
6408	MCRC2002407	2	ZLK7QQ	v1
6409	MCRC2002408	2	DM71IY	v1
6410	MCRC2002409	2	M5PX3T	v1
6411	MCRC2002410	2	KDC1GQ	v1
6412	MCRC2002411	2	U092YT	v1
6413	MCRC2002412	2	4QPJNY	v1
6414	MCRC2002413	2	826DML	v1
6415	MCRC2002414	2	Y2T2SY	v1
6416	MCRC2002415	2	SXRFJU	v1
6417	MCRC2002416	2	RVWTRI	v1
6418	MCRC2002417	2	52CXKA	v1
6419	MCRC2002418	2	MRN7TQ	v1
6420	MCRC2002419	2	GBYAJR	v1
6421	MCRC2002420	2	P49RS0	v1
6422	MCRC2002421	2	1M3WJW	v1
6423	MCRC2002422	2	TAGLWI	v1
6424	MCRC2002423	2	7WLREY	v1
6425	MCRC2002424	2	ES502Q	v1
6426	MCRC2002425	2	YY2QE8	v1
6427	MCRC2002426	2	FKU52V	v1
6428	MCRC2002427	2	MM8BAB	v1
6429	MCRC2002428	2	MKT9UC	v1
6430	MCRC2002429	2	GAABRI	v1
6431	MCRC2002430	2	U0G790	v1
6432	MCRC2002431	2	8KPASJ	v1
6433	MCRC2002432	2	9IR6GB	v1
6434	MCRC2002433	2	BSJENB	v1
6435	MCRC2002434	2	IY4DSV	v1
6436	MCRC2002435	2	5ZWCZE	v1
6437	MCRC2002436	2	BTM945	v1
6438	MCRC2002437	2	LVZMQ0	v1
6439	MCRC2002438	2	PQBF2P	v1
6440	MCRC2002439	2	DBLS1U	v1
6441	MCRC2002440	2	J949T9	v1
6442	MCRC2002441	2	Z89E3E	v1
6443	MCRC2002442	2	YGG37R	v1
6444	MCRC2002443	2	5LKVAW	v1
6445	MCRC2002444	2	FKSKBI	v1
6446	MCRC2002445	2	A32VR4	v1
6447	MCRC2002446	2	L7D1I0	v1
6448	MCRC2002447	2	X6MPCP	v1
6449	MCRC2002448	2	0SENXE	v1
6450	MCRC2002449	2	KZHBNB	v1
6451	MCRC2002450	2	WGQE0R	v1
6452	MCRC2002451	2	B5ZS0P	v1
6453	MCRC2002452	2	GXX5KS	v1
6454	MCRC2002453	2	V5A029	v1
6455	MCRC2002454	2	5CS1GF	v1
6456	MCRC2002455	2	70AAFV	v1
6457	MCRC2002456	2	VINQJN	v1
6458	MCRC2002457	2	433HAE	v1
6459	MCRC2002458	2	PU5UTQ	v1
6460	MCRC2002459	2	4G64DS	v1
6461	MCRC2002460	2	MDMJAX	v1
6462	MCRC2002461	2	W9I04R	v1
6463	MCRC2002462	2	R9T1C2	v1
6464	MCRC2002463	2	T4PD01	v1
6465	MCRC2002464	2	5A6R9A	v1
6466	MCRC2002465	2	33YAMJ	v1
6467	MCRC2002466	2	818DJA	v1
6468	MCRC2002467	2	B7R1E1	v1
6469	MCRC2002468	2	GJRK6Y	v1
6470	MCRC2002469	2	I4Y8YY	v1
6471	MCRC2002470	2	0UUP0B	v1
6472	MCRC2002471	2	LG6X3X	v1
6473	MCRC2002472	2	ZQ8YRY	v1
6474	MCRC2002473	2	UUZZE7	v1
6475	MCRC2002474	2	TCJEZ8	v1
6476	MCRC2002475	2	FLED54	v1
6477	MCRC2002476	2	MX35X2	v1
6478	MCRC2002477	2	65PH3W	v1
6479	MCRC2002478	2	HHKX57	v1
6480	MCRC2002479	2	3B6EXK	v1
6481	MCRC2002480	2	LFZKG4	v1
6482	MCRC2002481	2	R87SYN	v1
6483	MCRC2002482	2	A6QZHG	v1
6484	MCRC2002483	2	XIZ4QZ	v1
6485	MCRC2002484	2	UVVNS5	v1
6486	MCRC2002485	2	HVBLU1	v1
6487	MCRC2002486	2	YK2T1R	v1
6488	MCRC2002487	2	8Q3AT8	v1
6489	MCRC2002488	2	KXCSR8	v1
6490	MCRC2002489	2	KR7ADF	v1
6491	MCRC2002490	2	YN5SD3	v1
6492	MCRC2002491	2	U2GJQW	v1
6493	MCRC2002492	2	ZLC8PN	v1
6494	MCRC2002493	2	Y5W7PG	v1
6495	MCRC2002494	2	PP6ST2	v1
6496	MCRC2002495	2	KAU3V0	v1
6497	MCRC2002496	2	46XMYP	v1
6498	MCRC2002497	2	2UNQ0E	v1
6499	MCRC2002498	2	H82LT0	v1
6500	MCRC2002499	2	Q1V18F	v1
6501	MCRC2002500	2	1ZTTF3	v1
6502	MCRC2002501	2	9YN32M	v1
6503	MCRC2002502	2	9IYYME	v1
6504	MCRC2002503	2	MHZRKT	v1
6505	MCRC2002504	2	DCXK7X	v1
6506	MCRC2002505	2	X0ZWTP	v1
6507	MCRC2002506	2	HNXK7F	v1
6508	MCRC2002507	2	4P23ZH	v1
6509	MCRC2002508	2	381F32	v1
6510	MCRC2002509	2	YNDLQW	v1
6511	MCRC2002510	2	2QVCAD	v1
6512	MCRC2002511	2	JSYSKR	v1
6513	MCRC2002512	2	JFPHSC	v1
6514	MCRC2002513	2	ZRHIH8	v1
6515	MCRC2002514	2	0PLSCC	v1
6516	MCRC2002515	2	9Q4CVV	v1
6517	MCRC2002516	2	KF9JQ7	v1
6518	MCRC2002517	2	HLHXC5	v1
6519	MCRC2002518	2	3DJ1D1	v1
6520	MCRC2002519	2	HIKNIN	v1
6521	MCRC2002520	2	ZPXN9F	v1
6522	MCRC2002521	2	87HFIA	v1
6523	MCRC2002522	2	H1DEJ5	v1
6524	MCRC2002523	2	EB76TN	v1
6525	MCRC2002524	2	K3B9N7	v1
6526	MCRC2002525	2	CZF3VE	v1
6527	MCRC2002526	2	9MKD6B	v1
6528	MCRC2002527	2	YKRZTJ	v1
6529	MCRC2002528	2	C8I341	v1
6530	MCRC2002529	2	QDZ0VW	v1
6531	MCRC2002530	2	WWSPS0	v1
6532	MCRC2002531	2	30SGXU	v1
6533	MCRC2002532	2	8SXKBK	v1
6534	MCRC2002533	2	M6C2GC	v1
6535	MCRC2002534	2	ERE530	v1
6536	MCRC2002535	2	8EQ2XW	v1
6537	MCRC2002536	2	R54YI1	v1
6538	MCRC2002537	2	HSXEGV	v1
6539	MCRC2002538	2	2VMCSI	v1
6540	MCRC2002539	2	A3FMRE	v1
6541	MCRC2002540	2	KY1SUW	v1
6542	MCRC2002541	2	KHQPEB	v1
6543	MCRC2002542	2	LQQTDT	v1
6544	MCRC2002543	2	YGWIFG	v1
6545	MCRC2002544	2	2XYSMK	v1
6546	MCRC2002545	2	DSX27M	v1
6547	MCRC2002546	2	2DS6AP	v1
6548	MCRC2002547	2	GCVV6T	v1
6549	MCRC2002548	2	NDIHP3	v1
6550	MCRC2002549	2	K6SCLN	v1
6551	MCRC2002550	2	Z3RJNA	v1
6552	MCRC2002551	2	2P7JAP	v1
6553	MCRC2002552	2	9UJUJT	v1
6554	MCRC2002553	2	IY4VH8	v1
6555	MCRC2002554	2	I263QW	v1
6556	MCRC2002555	2	TK114F	v1
6557	MCRC2002556	2	5USEF6	v1
6558	MCRC2002557	2	KM7E4X	v1
6559	MCRC2002558	2	DJNYRW	v1
6560	MCRC2002559	2	FEILSH	v1
6561	MCRC2002560	2	B14DCY	v1
6562	MCRC2002561	2	005T29	v1
6563	MCRC2002562	2	IFTET8	v1
6564	MCRC2002563	2	YYDD22	v1
6565	MCRC2002564	2	1BN11B	v1
6566	MCRC2002565	2	AN69L9	v1
6567	MCRC2002566	2	B6LSTF	v1
6568	MCRC2002567	2	SIJ09E	v1
6569	MCRC2002568	2	D2UYF0	v1
6570	MCRC2002569	2	AXHR64	v1
6571	MCRC2002570	2	SJFNDQ	v1
6572	MCRC2002571	2	LZN7VM	v1
6573	MCRC2002572	2	42TK5X	v1
6574	MCRC2002573	2	PCNUEL	v1
6575	MCRC2002574	2	X1B01E	v1
6576	MCRC2002575	2	LVG7Y7	v1
6577	MCRC2002576	2	4IQWAE	v1
6578	MCRC2002577	2	IHCSF5	v1
6579	MCRC2002578	2	V933VL	v1
6580	MCRC2002579	2	7L92L0	v1
6581	MCRC2002580	2	39M53I	v1
6582	MCRC2002581	2	0AX0KI	v1
6583	MCRC2002582	2	UWE8PX	v1
6584	MCRC2002583	2	DPS8SL	v1
6585	MCRC2002584	2	QUN723	v1
6586	MCRC2002585	2	VTDQLL	v1
6587	MCRC2002586	2	GY4SUM	v1
6588	MCRC2002587	2	QLEWZY	v1
6589	MCRC2002588	2	K0EHQN	v1
6590	MCRC2002589	2	RQIV34	v1
6591	MCRC2002590	2	J8SSP6	v1
6592	MCRC2002591	2	U732IC	v1
6593	MCRC2002592	2	1K6GHA	v1
6594	MCRC2002593	2	FFZ64U	v1
6595	MCRC2002594	2	UZ2NMI	v1
6596	MCRC2002595	2	SI5PIK	v1
6597	MCRC2002596	2	93H0P1	v1
6598	MCRC2002597	2	NR4EPC	v1
6599	MCRC2002598	2	GBVN5H	v1
6600	MCRC2002599	2	XW6EID	v1
6601	MCRC2002600	2	117LE2	v1
6602	MCRC2002601	2	20YB21	v1
6603	MCRC2002602	2	EZ423C	v1
6604	MCRC2002603	2	SMQCK2	v1
6605	MCRC2002604	2	W05CXX	v1
6606	MCRC2002605	2	56IF0B	v1
6607	MCRC2002606	2	B1GA6M	v1
6608	MCRC2002607	2	YZT0GY	v1
6609	MCRC2002608	2	89Q1EY	v1
6610	MCRC2002609	2	KA2SH9	v1
6611	MCRC2002610	2	QS8A42	v1
6612	MCRC2002611	2	FJ19JE	v1
6613	MCRC2002612	2	715WR2	v1
6614	MCRC2002613	2	E1NBQ3	v1
6615	MCRC2002614	2	QDHTQ4	v1
6616	MCRC2002615	2	FPBP2U	v1
6617	MCRC2002616	2	VVP9XK	v1
6618	MCRC2002617	2	5IXGXW	v1
6619	MCRC2002618	2	FKC3QQ	v1
6620	MCRC2002619	2	KJC6I1	v1
6621	MCRC2002620	2	1Y69S2	v1
6622	MCRC2002621	2	YL7YXC	v1
6623	MCRC2002622	2	751KZJ	v1
6624	MCRC2002623	2	PGULQM	v1
6625	MCRC2002624	2	HF8J2G	v1
6626	MCRC2002625	2	WHX9XF	v1
6627	MCRC2002626	2	QCQEFX	v1
6628	MCRC2002627	2	NAJM8I	v1
6629	MCRC2002628	2	G03N6K	v1
6630	MCRC2002629	2	K3K3X5	v1
6631	MCRC2002630	2	JNZ4AW	v1
6632	MCRC2002631	2	WJHJW6	v1
6633	MCRC2002632	2	NN4NX4	v1
6634	MCRC2002633	2	N4B228	v1
6635	MCRC2002634	2	UXUPMJ	v1
6636	MCRC2002635	2	KWRLZS	v1
6637	MCRC2002636	2	ZGC7EF	v1
6638	MCRC2002637	2	J5GVXR	v1
6639	MCRC2002638	2	28H4L6	v1
6640	MCRC2002639	2	SWD9T3	v1
6641	MCRC2002640	2	T22TXU	v1
6642	MCRC2002641	2	DLDBLR	v1
6643	MCRC2002642	2	JR8NUK	v1
6644	MCRC2002643	2	CUWZ3F	v1
6645	MCRC2002644	2	DETQ7G	v1
6646	MCRC2002645	2	6NI5DS	v1
6647	MCRC2002646	2	196RVS	v1
6648	MCRC2002647	2	6MDS0M	v1
6649	MCRC2002648	2	XWDS3N	v1
6650	MCRC2002649	2	VCZEP7	v1
6651	MCRC2002650	2	WG1PF9	v1
6652	MCRC2002651	2	FCU594	v1
6653	MCRC2002652	2	J6Q25T	v1
6654	MCRC2002653	2	3FVQNC	v1
6655	MCRC2002654	2	BVC9X6	v1
6656	MCRC2002655	2	PXRMQW	v1
6657	MCRC2002656	2	2NF5WN	v1
6658	MCRC2002657	2	JHXFI5	v1
6659	MCRC2002658	2	Z4GINZ	v1
6660	MCRC2002659	2	F0ZMHG	v1
6661	MCRC2002660	2	EAWHSU	v1
6662	MCRC2002661	2	V8I6JY	v1
6663	MCRC2002662	2	XCRLF0	v1
6664	MCRC2002663	2	SHJ6IS	v1
6665	MCRC2002664	2	4MCJHP	v1
6666	MCRC2002665	2	SYSYQU	v1
6667	MCRC2002666	2	3YXUWZ	v1
6668	MCRC2002667	2	L69YVR	v1
6669	MCRC2002668	2	NZ73LL	v1
6670	MCRC2002669	2	JIM3KC	v1
6671	MCRC2002670	2	TEV0WU	v1
6672	MCRC2002671	2	LCE5J8	v1
6673	MCRC2002672	2	UCTRMZ	v1
6674	MCRC2002673	2	YAM9U5	v1
6675	MCRC2002674	2	A3J0D8	v1
6676	MCRC2002675	2	GWHIJH	v1
6677	MCRC2002676	2	DV160Q	v1
6678	MCRC2002677	2	GRPH9A	v1
6679	MCRC2002678	2	T49P4V	v1
6680	MCRC2002679	2	VVG7PC	v1
6681	MCRC2002680	2	TP2H92	v1
6682	MCRC2002681	2	70TS9K	v1
6683	MCRC2002682	2	CNLXY1	v1
6684	MCRC2002683	2	YBSYQ8	v1
6685	MCRC2002684	2	A7X722	v1
6686	MCRC2002685	2	R2T5UP	v1
6687	MCRC2002686	2	BNKYGY	v1
6688	MCRC2002687	2	RLUV00	v1
6689	MCRC2002688	2	F5D7W4	v1
6690	MCRC2002689	2	PL4CV9	v1
6691	MCRC2002690	2	42KFQH	v1
6692	MCRC2002691	2	7CH5J6	v1
6693	MCRC2002692	2	HWCMAA	v1
6694	MCRC2002693	2	KYZVMQ	v1
6695	MCRC2002694	2	ZNMXRU	v1
6696	MCRC2002695	2	IXM5NW	v1
6697	MCRC2002696	2	GL7LJL	v1
6698	MCRC2002697	2	489ZWI	v1
6699	MCRC2002698	2	VVHAWZ	v1
6700	MCRC2002699	2	M2CYTV	v1
6701	MCRC2002700	2	11Q7G9	v1
6702	MCRC2002701	2	A6XEGT	v1
6703	MCRC2002702	2	RHQ05T	v1
6704	MCRC2002703	2	QYTGFN	v1
6705	MCRC2002704	2	X2WB4D	v1
6706	MCRC2002705	2	2IS1GB	v1
6707	MCRC2002706	2	0P5Q58	v1
6708	MCRC2002707	2	94X64K	v1
6709	MCRC2002708	2	Y13DTW	v1
6710	MCRC2002709	2	K00U47	v1
6711	MCRC2002710	2	J21S6E	v1
6712	MCRC2002711	2	N0WZXX	v1
6713	MCRC2002712	2	UPL1V2	v1
6714	MCRC2002713	2	XL421U	v1
6715	MCRC2002714	2	NR0UU8	v1
6716	MCRC2002715	2	X0MPQ7	v1
6717	MCRC2002716	2	HIW2I7	v1
6718	MCRC2002717	2	961K94	v1
6719	MCRC2002718	2	ACHEIH	v1
6720	MCRC2002719	2	MD967F	v1
6721	MCRC2002720	2	7H6V1I	v1
6722	MCRC2002721	2	KR02FK	v1
6723	MCRC2002722	2	FH82I6	v1
6724	MCRC2002723	2	IYASU4	v1
6725	MCRC2002724	2	ME9F9B	v1
6726	MCRC2002725	2	VW9MSM	v1
6727	MCRC2002726	2	CEPV57	v1
6728	MCRC2002727	2	PQ5EX9	v1
6729	MCRC2002728	2	53R2Z0	v1
6730	MCRC2002729	2	CUM0QT	v1
6731	MCRC2002730	2	CLMSD7	v1
6732	MCRC2002731	2	EAPF6N	v1
6733	MCRC2002732	2	12502T	v1
6734	MCRC2002733	2	8ZJ323	v1
6735	MCRC2002734	2	2ERZVE	v1
6736	MCRC2002735	2	894CIY	v1
6737	MCRC2002736	2	TPZC4C	v1
6738	MCRC2002737	2	4I6WC2	v1
6739	MCRC2002738	2	GU9WFW	v1
6740	MCRC2002739	2	JBGB47	v1
6741	MCRC2002740	2	67X7NZ	v1
6742	MCRC2002741	2	Z0QC3U	v1
6743	MCRC2002742	2	QFFEIW	v1
6744	MCRC2002743	2	08SXVX	v1
6745	MCRC2002744	2	RTDU6K	v1
6746	MCRC2002745	2	15H22E	v1
6747	MCRC2002746	2	XVRLFM	v1
6748	MCRC2002747	2	Y3MEV1	v1
6749	MCRC2002748	2	WEASMM	v1
6750	MCRC2002749	2	R86MSV	v1
6751	MCRC2002750	2	AVXYJH	v1
6752	MCRC2002751	2	8UK5ZL	v1
6753	MCRC2002752	2	4F73B9	v1
6754	MCRC2002753	2	0QI8Y7	v1
6755	MCRC2002754	2	CBR9QS	v1
6756	MCRC2002755	2	Z2X5S0	v1
6757	MCRC2002756	2	7V3KIR	v1
6758	MCRC2002757	2	0CIBAF	v1
6759	MCRC2002758	2	2TFIZD	v1
6760	MCRC2002759	2	47PA1A	v1
6761	MCRC2002760	2	0IH1JG	v1
6762	MCRC2002761	2	H8X3GV	v1
6763	MCRC2002762	2	TBFIKA	v1
6764	MCRC2002763	2	C48EQ8	v1
6765	MCRC2002764	2	L60RHZ	v1
6766	MCRC2002765	2	MZ1512	v1
6767	MCRC2002766	2	AWBEN4	v1
6768	MCRC2002767	2	9TQ8HU	v1
6769	MCRC2002768	2	G4Q53W	v1
6770	MCRC2002769	2	3K9IRI	v1
6771	MCRC2002770	2	146E3Y	v1
6772	MCRC2002771	2	KY4F49	v1
6773	MCRC2002772	2	YGTE3G	v1
6774	MCRC2002773	2	QRXDFK	v1
6775	MCRC2002774	2	UISDP5	v1
6776	MCRC2002775	2	D7M7K2	v1
6777	MCRC2002776	2	H5IFFB	v1
6778	MCRC2002777	2	AS66WL	v1
6779	MCRC2002778	2	4U8XWC	v1
6780	MCRC2002779	2	QXMAGJ	v1
6781	MCRC2002780	2	MV0029	v1
6782	MCRC2002781	2	NP00G5	v1
6783	MCRC2002782	2	1JTIFU	v1
6784	MCRC2002783	2	T2LID9	v1
6785	MCRC2002784	2	7Y2040	v1
6786	MCRC2002785	2	8SRJUG	v1
6787	MCRC2002786	2	CFXMV3	v1
6788	MCRC2002787	2	904IVW	v1
6789	MCRC2002788	2	8WABVA	v1
6790	MCRC2002789	2	S7XSJ3	v1
6791	MCRC2002790	2	FD1RNL	v1
6792	MCRC2002791	2	BRBGLT	v1
6793	MCRC2002792	2	ZGR64D	v1
6794	MCRC2002793	2	ZB7QNX	v1
6795	MCRC2002794	2	7XLUPZ	v1
6796	MCRC2002795	2	JH14L2	v1
6797	MCRC2002796	2	KGBEK8	v1
6798	MCRC2002797	2	6512ZZ	v1
6799	MCRC2002798	2	J2WV50	v1
6800	MCRC2002799	2	NH1NPH	v1
6801	MCRC2002800	2	62X2KJ	v1
6802	MCRC2002801	2	WW6ZY9	v1
6803	MCRC2002802	2	QSFGEF	v1
6804	MCRC2002803	2	4UC1D0	v1
6805	MCRC2002804	2	BWL7BU	v1
6806	MCRC2002805	2	JGMWZT	v1
6807	MCRC2002806	2	79K0JU	v1
6808	MCRC2002807	2	P4VDR3	v1
6809	MCRC2002808	2	ATJSVI	v1
6810	MCRC2002809	2	PSJ8JS	v1
6811	MCRC2002810	2	NDM8L7	v1
6812	MCRC2002811	2	EUJEMB	v1
6813	MCRC2002812	2	3B8VK4	v1
6814	MCRC2002813	2	1Y92JH	v1
6815	MCRC2002814	2	V09IP4	v1
6816	MCRC2002815	2	HPMF3X	v1
6817	MCRC2002816	2	4H23IY	v1
6818	MCRC2002817	2	FC8ZYA	v1
6819	MCRC2002818	2	PCJXCH	v1
6820	MCRC2002819	2	PNRRDH	v1
6821	MCRC2002820	2	TIEBZG	v1
6822	MCRC2002821	2	WVERPG	v1
6823	MCRC2002822	2	3CFN2A	v1
6824	MCRC2002823	2	NYI4MV	v1
6825	MCRC2002824	2	M7EPIA	v1
6826	MCRC2002825	2	6VIN0X	v1
6827	MCRC2002826	2	ISVUKQ	v1
6828	MCRC2002827	2	N9TA3U	v1
6829	MCRC2002828	2	G5P5KS	v1
6830	MCRC2002829	2	08MKBN	v1
6831	MCRC2002830	2	2SN4QM	v1
6832	MCRC2002831	2	1E753Z	v1
6833	MCRC2002832	2	DF6JG6	v1
6834	MCRC2002833	2	NP6WNV	v1
6835	MCRC2002834	2	4CEZ31	v1
6836	MCRC2002835	2	TPJ6NA	v1
6837	MCRC2002836	2	WAYDBT	v1
6838	MCRC2002837	2	AP3DRS	v1
6839	MCRC2002838	2	91ZNQB	v1
6840	MCRC2002839	2	4JWCA0	v1
6841	MCRC2002840	2	I5DR23	v1
6842	MCRC2002841	2	J56V21	v1
6843	MCRC2002842	2	5DXTTM	v1
6844	MCRC2002843	2	P1D08Q	v1
6845	MCRC2002844	2	0JN8JT	v1
6846	MCRC2002845	2	8J1807	v1
6847	MCRC2002846	2	UHPHNB	v1
6848	MCRC2002847	2	UI5G2B	v1
6849	MCRC2002848	2	JC12ZH	v1
6850	MCRC2002849	2	HBAHTW	v1
6851	MCRC2002850	2	40VI7F	v1
6852	MCRC2002851	2	ETX2G2	v1
6853	MCRC2002852	2	XMFHKA	v1
6854	MCRC2002853	2	0MQBI9	v1
6855	MCRC2002854	2	G1T3W4	v1
6856	MCRC2002855	2	FKKSUV	v1
6857	MCRC2002856	2	J08QEN	v1
6858	MCRC2002857	2	M9ALXU	v1
6859	MCRC2002858	2	KWS614	v1
6860	MCRC2002859	2	7HBU57	v1
6861	MCRC2002860	2	XEW3QJ	v1
6862	MCRC2002861	2	B0GE0N	v1
6863	MCRC2002862	2	A6HTE5	v1
6864	MCRC2002863	2	GULEE6	v1
6865	MCRC2002864	2	XKAWAK	v1
6866	MCRC2002865	2	NDI2ZW	v1
6867	MCRC2002866	2	FY6K7N	v1
6868	MCRC2002867	2	R2WC6S	v1
6869	MCRC2002868	2	4DS5XK	v1
6870	MCRC2002869	2	1X8KQC	v1
6871	MCRC2002870	2	PAGM75	v1
6872	MCRC2002871	2	S8JIBS	v1
6873	MCRC2002872	2	THAUY3	v1
6874	MCRC2002873	2	P1B6FW	v1
6875	MCRC2002874	2	C4WCB5	v1
6876	MCRC2002875	2	VIYBEF	v1
6877	MCRC2002876	2	GAE5S4	v1
6878	MCRC2002877	2	K9AZRV	v1
6879	MCRC2002878	2	57TLFC	v1
6880	MCRC2002879	2	QYRF71	v1
6881	MCRC2002880	2	5WKQZH	v1
6882	MCRC2002881	2	DELCBT	v1
6883	MCRC2002882	2	7Q0YI6	v1
6884	MCRC2002883	2	M5ADXG	v1
6885	MCRC2002884	2	0Z0MU4	v1
6886	MCRC2002885	2	LSBIL4	v1
6887	MCRC2002886	2	RWXXWN	v1
6888	MCRC2002887	2	K6P5NU	v1
6889	MCRC2002888	2	A4T4QH	v1
6890	MCRC2002889	2	TYZED6	v1
6891	MCRC2002890	2	Y9SPEB	v1
6892	MCRC2002891	2	LGNJ4L	v1
6893	MCRC2002892	2	FZ4VCK	v1
6894	MCRC2002893	2	8PB41V	v1
6895	MCRC2002894	2	IVXTKX	v1
6896	MCRC2002895	2	7HW3VW	v1
6897	MCRC2002896	2	GX9CCU	v1
6898	MCRC2002897	2	USKF8X	v1
6899	MCRC2002898	2	SWGB4Q	v1
6900	MCRC2002899	2	E2IKSC	v1
6901	MCRC2002900	2	MW1HRS	v1
6902	MCRC2002901	2	LKFL8S	v1
6903	MCRC2002902	2	UAY15Z	v1
6904	MCRC2002903	2	HVD7PN	v1
6905	MCRC2002904	2	0CKY5M	v1
6906	MCRC2002905	2	2T8ZE9	v1
6907	MCRC2002906	2	FSW0DC	v1
6908	MCRC2002907	2	NI7PDU	v1
6909	MCRC2002908	2	22XH7G	v1
6910	MCRC2002909	2	GA5RER	v1
6911	MCRC2002910	2	XTXFEY	v1
6912	MCRC2002911	2	AKX3D0	v1
6913	MCRC2002912	2	11WAZ2	v1
6914	MCRC2002913	2	X4YW32	v1
6915	MCRC2002914	2	NBV74R	v1
6916	MCRC2002915	2	2F096N	v1
6917	MCRC2002916	2	GSGYYR	v1
6918	MCRC2002917	2	SCGPXM	v1
6919	MCRC2002918	2	05WPXY	v1
6920	MCRC2002919	2	BAHZ8W	v1
6921	MCRC2002920	2	FJYTYF	v1
6922	MCRC2002921	2	IYA2ND	v1
6923	MCRC2002922	2	RNAKS6	v1
6924	MCRC2002923	2	R1L9K6	v1
6925	MCRC2002924	2	DEQC9E	v1
6926	MCRC2002925	2	ZPIZX6	v1
6927	MCRC2002926	2	3VU7YI	v1
6928	MCRC2002927	2	FCV7Y5	v1
6929	MCRC2002928	2	JYZWKB	v1
6930	MCRC2002929	2	4CKBCI	v1
6931	MCRC2002930	2	7RH1TR	v1
6932	MCRC2002931	2	PGL0FG	v1
6933	MCRC2002932	2	GIU6HA	v1
6934	MCRC2002933	2	NCPYU4	v1
6935	MCRC2002934	2	5VB5M1	v1
6936	MCRC2002935	2	KRZA5L	v1
6937	MCRC2002936	2	GR6GA9	v1
6938	MCRC2002937	2	QRVFBK	v1
6939	MCRC2002938	2	8STF2I	v1
6940	MCRC2002939	2	UQ2FT3	v1
6941	MCRC2002940	2	9WIX0C	v1
6942	MCRC2002941	2	2D1NXB	v1
6943	MCRC2002942	2	Y0PXPR	v1
6944	MCRC2002943	2	6RQEA7	v1
6945	MCRC2002944	2	3JKWA0	v1
6946	MCRC2002945	2	0TB9S6	v1
6947	MCRC2002946	2	BJL2F5	v1
6948	MCRC2002947	2	389D4K	v1
6949	MCRC2002948	2	MZ1BYE	v1
6950	MCRC2002949	2	DJ2SEW	v1
6951	MCRC2002950	2	ZKQ0VR	v1
6952	MCRC2002951	2	PF8P5Q	v1
6953	MCRC2002952	2	51J7HT	v1
6954	MCRC2002953	2	M9ADJ1	v1
6955	MCRC2002954	2	KK11I1	v1
6956	MCRC2002955	2	8PAZB9	v1
6957	MCRC2002956	2	D2K0M3	v1
6958	MCRC2002957	2	QGSM8P	v1
6959	MCRC2002958	2	RYUZ9Z	v1
6960	MCRC2002959	2	KCSXB4	v1
6961	MCRC2002960	2	YIKDQQ	v1
6962	MCRC2002961	2	LQTV2G	v1
6963	MCRC2002962	2	6VDIUA	v1
6964	MCRC2002963	2	8TGVSZ	v1
6965	MCRC2002964	2	FYA9KZ	v1
6966	MCRC2002965	2	DZSZTV	v1
6967	MCRC2002966	2	165VJ2	v1
6968	MCRC2002967	2	WARUZC	v1
6969	MCRC2002968	2	VETD7P	v1
6970	MCRC2002969	2	6R58KA	v1
6971	MCRC2002970	2	0DPFAZ	v1
6972	MCRC2002971	2	15XX10	v1
6973	MCRC2002972	2	UYZWCN	v1
6974	MCRC2002973	2	X0SVKT	v1
6975	MCRC2002974	2	1EMZC5	v1
6976	MCRC2002975	2	N9900A	v1
6977	MCRC2002976	2	THEILH	v1
6978	MCRC2002977	2	A8Z9CS	v1
6979	MCRC2002978	2	2MHCUI	v1
6980	MCRC2002979	2	ZSNTZ9	v1
6981	MCRC2002980	2	H00KRZ	v1
6982	MCRC2002981	2	FMVG2S	v1
6983	MCRC2002982	2	YKDZQL	v1
6984	MCRC2002983	2	LRD3UI	v1
6985	MCRC2002984	2	MD9J6U	v1
6986	MCRC2002985	2	XCDKYA	v1
6987	MCRC2002986	2	0RNF5R	v1
6988	MCRC2002987	2	8RDJBE	v1
6989	MCRC2002988	2	5V7MYU	v1
6990	MCRC2002989	2	G1Z5LY	v1
6991	MCRC2002990	2	36E2AK	v1
6992	MCRC2002991	2	4WP3CZ	v1
6993	MCRC2002992	2	F5HJ0Q	v1
6994	MCRC2002993	2	4156S1	v1
6995	MCRC2002994	2	NBI8UK	v1
6996	MCRC2002995	2	1NHRBL	v1
6997	MCRC2002996	2	86CBHB	v1
6998	MCRC2002997	2	FF1514	v1
6999	MCRC2002998	2	8D7LWN	v1
7000	MCRC2002999	2	HQT19U	v1
7001	MCRC2003000	2	NV2GCY	v1
\.


--
-- Data for Name: book_episode; Type: TABLE DATA; Schema: public; Owner: admin
--

COPY public.book_episode (id, book_id, name, author, artist, background_image_url, background_color_code, created_date, created_by, modified_date, modified_by) FROM stdin;
1	1	Vũ hội trong vườn	Kat Ha	Xù Mì	/images/book-1/episode-1/cover-name.jpg	0	2022-02-14 02:56:59.2	system	\N	\N
2	1	Giai điệu rừng xanh	Kat Ha	Xù Mì	/images/book-1/episode-2/cover-name.jpg	0	2022-02-16 10:37:44.026	system	\N	\N
3	1	Thanh âm đầm lầy	Kat Ha	Xù Mì	/images/book-1/episode-3/cover-name.jpg	0	2022-02-16 10:37:44.026	system	\N	\N
4	2	Voi học múa ba-lê	Kat Ha	Xù Mì	/images/book-2/episode-1/cover-name.jpg	0	2022-05-25 15:42:05.934433	system	\N	\N
\.


--
-- Data for Name: book_episode_video; Type: TABLE DATA; Schema: public; Owner: admin
--

COPY public.book_episode_video (id, book_episode_id, name, link, thumbnail, video_id, duration) FROM stdin;
1	1	Chuột nhắt - Kể chuyện âm nhạc "Vũ hội trong vườn"	https://www.youtube.com/watch?v=Jfx9CbCnUXg&list=PLTA8HvYnbiFFrK1amyyB4QOSDPA8C02Tn	/images/book-1/episode-1/video-1.jpeg	Jfx9CbCnUXg	120
3	1	Voi ơi - Kể chuyện âm nhạc "Vũ hội trong vườn"	https://www.youtube.com/watch?v=O9avGp5RVh8&list=PLTA8HvYnbiFFrK1amyyB4QOSDPA8C02Tn&index=3&ab_channel=P%C3%9APP%C3%8DPTV	/images/book-1/episode-1/video-3.jpeg	O9avGp5RVh8	58
6	2	Chim gõ kiến - Kể chuyện âm nhạc "Nhịp điệu rừng xanh"	https://www.youtube.com/watch?v=eR6bWqd9HhY&list=PLTA8HvYnbiFGpHMph-VwxHAjZLvmddFq2&index=1	/images/book-1/episode-2/video-1.jpeg	eR6bWqd9HhY	92
7	2	Chú sâu háu ăn - Kể chuyện âm nhạc "Nhịp điệu rừng xanh"	https://www.youtube.com/watch?v=0QECLwLsWcQ&list=PLTA8HvYnbiFGpHMph-VwxHAjZLvmddFq2&index=2&ab_channel=P%C3%9APP%C3%8DPTV	/images/book-1/episode-2/video-2.jpeg	0QECLwLsWcQ	74
9	2	Nhịp điệu rừng xanh - Kể chuyện âm nhạc "Nhịp điệu rừng xanh"	https://www.youtube.com/watch?v=Dox6zDfW3pY&list=PLTA8HvYnbiFGpHMph-VwxHAjZLvmddFq2&index=4&ab_channel=P%C3%9APP%C3%8DPTV	/images/book-1/episode-2/video-4.jpeg	Dox6zDfW3pY	111
10	2	Trò chơi hái táo - Kể chuyện âm nhạc "Nhịp điệu rừng xanh"	https://www.youtube.com/watch?v=GgCRe0RSrdc&list=PLTA8HvYnbiFGpHMph-VwxHAjZLvmddFq2&index=5&ab_channel=P%C3%9APP%C3%8DPTV	/images/book-1/episode-2/video-5.jpeg	GgCRe0RSrdc	65
11	2	Đi hái táo - Kể chuyện âm nhạc "Nhịp điệu rừng xanh"	https://www.youtube.com/watch?v=9wh2TIyMG1M&list=PLTA8HvYnbiFGpHMph-VwxHAjZLvmddFq2&index=6&ab_channel=P%C3%9APP%C3%8DPTV	/images/book-1/episode-2/video-6.jpeg	9wh2TIyMG1M	96
13	3	Năm chú ễnh ương - Kể chuyện âm nhạc "Thanh âm đầm lầy"	https://www.youtube.com/watch?v=XneIVNe2aEE&list=PLTA8HvYnbiFGybeY5XPV59F6dQ5ide4D1&index=2	/images/book-1/episode-3/video-2.jpeg	XneIVNe2aEE	85
14	3	Chèo bè - Kể chuyện âm nhạc "Thanh âm đầm lầy"	https://www.youtube.com/watch?v=nlkN90GusHY&list=PLTA8HvYnbiFGybeY5XPV59F6dQ5ide4D1&index=3&ab_channel=P%C3%9APP%C3%8DPTV	/images/book-1/episode-3/video-3.jpeg	nlkN90GusHY	94
15	3	Năm chú ếch xanh - Kể chuyện âm nhạc "Thanh âm đầm lầy"	https://www.youtube.com/watch?v=rLSWx4FW9Bg&list=PLTA8HvYnbiFGybeY5XPV59F6dQ5ide4D1&index=4&ab_channel=P%C3%9APP%C3%8DPTV	/images/book-1/episode-3/video-4.jpeg	rLSWx4FW9Bg	175
16	3	Hòa tấu 5 chú ếch xanh - Kể chuyện âm nhạc "Thanh âm đầm lầy"	https://www.youtube.com/watch?v=Q7IzInrP6QU&list=PLTA8HvYnbiFGybeY5XPV59F6dQ5ide4D1&index=5&ab_channel=P%C3%9APP%C3%8DPTV	/images/book-1/episode-3/video-5.jpeg	Q7IzInrP6QU	169
4	1	Waltz of the flower - Kể chuyện âm nhạc "Vũ hội trong vườn"	https://www.youtube.com/watch?v=e7YLI1YUnl0&list=PLTA8HvYnbiFFrK1amyyB4QOSDPA8C02Tn&index=4&ab_channel=P%C3%9APP%C3%8DPTV	/images/book-1/episode-1/video-4.jpeg	e7YLI1YUnl0	139
2	1	Mùa xuân - Kể chuyện âm nhạc "Vũ hội trong vườn"	https://www.youtube.com/watch?v=TfBA3EXtjy0&list=PLTA8HvYnbiFFrK1amyyB4QOSDPA8C02Tn&index=2	/images/book-1/episode-1/video-2.jpeg	TfBA3EXtjy0	89
5	1	Spring - Kể chuyện âm nhạc "Vũ hội trong vườn"	https://www.youtube.com/watch?v=H-KJLf7FbxE&list=PLTA8HvYnbiFFrK1amyyB4QOSDPA8C02Tn&index=5&ab_channel=P%C3%9APP%C3%8DPTV	/images/book-1/episode-1/video-5.jpeg	H-KJLf7FbxE	84
17	1	Tí tách, lộp độp - Kể chuyện âm nhạc "Vũ hội trong vườn"	https://www.youtube.com/watch?v=NyI31muOaqk	/images/book-1/episode-1/video-6.jpeg	NyI31muOaqk	172
12	3	Storm - Kể chuyện âm nhạc "Thanh âm đầm lầy"	https://www.youtube.com/watch?v=361ezyR8cH8	/images/book-1/episode-3/video-1.jpeg	361ezyR8cH8	101
8	2	Dậy đi bé yêu - Kể chuyện âm nhạc "Nhịp điệu rừng xanh"	https://www.youtube.com/watch?v=GDBnQuSRRBc	/images/book-1/episode-2/video-3.jpeg	GDBnQuSRRBc	94
18	4	Vui cùng nhịp điệu	https://www.youtube.com/watch?v=gq_L9MYZsIM&list=PLTA8HvYnbiFFvf9r15O6xXfJbXWef_S-I	/images/book-2/episode-1/video-1.jpg	gq_L9MYZsIM	121
19	4	Hà mã đi bộ	https://www.youtube.com/watch?v=yoT2sq9lJxs&list=PLTA8HvYnbiFFvf9r15O6xXfJbXWef_S-I&index=2	/images/book-2/episode-1/video-2.jpg	yoT2sq9lJxs	99
20	4	The Swan – The carnival of the animals	https://www.youtube.com/watch?v=lhow0K-xEkw&list=PLTA8HvYnbiFFvf9r15O6xXfJbXWef_S-I&index=6	/images/book-2/episode-1/video-3.jpg	lhow0K-xEkw	168
21	4	Voi học múa Ba-lê 1	https://www.youtube.com/watch?v=CPPLQ1799rk&list=PLTA8HvYnbiFFvf9r15O6xXfJbXWef_S-I&index=3	/images/book-2/episode-1/video-4.jpg	CPPLQ1799rk	102
22	4	Elephant – The carnival of the animals	https://www.youtube.com/watch?v=JQcDYur-wSI&list=PLTA8HvYnbiFFvf9r15O6xXfJbXWef_S-I&index=4	/images/book-2/episode-1/video-5.jpg	JQcDYur-wSI	87
23	4	Voi học múa Ba-lê 2	https://www.youtube.com/watch?v=uSA3jjAW6kE&list=PLTA8HvYnbiFFvf9r15O6xXfJbXWef_S-I&index=5	/images/book-2/episode-1/video-6.jpg	uSA3jjAW6kE	103
\.


--
-- Data for Name: config; Type: TABLE DATA; Schema: public; Owner: admin
--

COPY public.config (id, required_unlock, global_code, secret) FROM stdin;
1	t	O0SECR	YWRtaW4tcGFzc3dvcmQtM2s=
\.


--
-- Data for Name: statistic_log; Type: TABLE DATA; Schema: public; Owner: admin
--

COPY public.statistic_log (id, telephone, code, name, email) FROM stdin;
1	0979770388	GWGXX8	demo	demo@yopmail.com
2	0981330933	GAXY5L	lionbooks test	
3	0355650138	XL9KYW	Nguyễn Thị Nguyệt	coldbaby.smile@gmail.com
5	0949260488	2I691M	Trịnh Bảo Minh	Trinhvudat96@gmail.com
6	0986942689	V6PB6F	Luu Thi Thanh Giang 	luuthithanhgiang9@gmail.com
8	0399799521	97YYBU	Thu Hà	khanhpham99099@gmail.com
10	0964290115	QC0X6P	Phạm Phương Phương	
57	0966056986	CPGEE9	suri	Sungarden.th@gmail.com
11	0976920093	2Z92TY	Lê Nguyễn Diệu Linh	lenguyendieulinh.257@gmail.com
12	0982426588	C0K8KG	le thi thanh hai	thanhhai.9389@gmail.com
13	0962970099	GJBDMT	Hà Dung	
14	0397796198	2YEF6Q	an ha thuy linh	anhathuylinh@gmail.com
15	0975503947	W99PM9	minhmon	minhmonbook@gmail.com
16	0932434651	A6I2LS	mai thị lê dung	maithiledung@gmail.com
17	0356082247	3Z50B8	Nguyen Thi Trang	nguyentrang0311@gmail.com
18	0385026909	GZEJHW	Phung Ngoc Ha	phungngochasp@gmail.com
19	0918650586	3MC5F9	Lan Anh	
21	0352373898	99CAG7	Bùi Hà Trang Anh	hathu.cremusic@gmail.com
22	0981365525	99CAG7	Bùi Tuấn Dũng	
23	0774246953	50L1L6	Bạch Hoàng An Nhiên	hoangthanhphuong88@gmail.com
24	0976790512	26PL32	phạm ngân	nganpham22@gmail.com
25	0976095088	WRIH7B	Nguyễn Thị Tố Uyên	touyenbibihouse@gmail.com
26	0977723468	RWVI8F	Mai Phương 	montessori1417@gmail.com
27	0367477258	MSG1KM	Đinh thị thanh	thanhminh04091990@gmail.com
28	0973288588	R4AR0Z	Nguyễn Thị Bích Diệp	
29	0985622861	YPICHV	Trần Kim Yến	trankimyenhnue@gmail.com
30	0983064283	NH0CXP	đào thị yên	yentienpl1988@gmail.com
31	0389972097	VCZPVH	pham kim ngan	phamkimngan259@gmail.com
32	0989200184	44B88J	thuỷ	
33	0909635909	ATENRL	nguyễn tường minh	pudii.94@gmail.com
34	0327615784	68DVAY	vũ thị hà	tamsang157@gmail.com
35	0949623333	LHEBV1	châu nguyễn	zin.zoe2013@gmail.com
37	0905168516	1Q65AC	Bu ruby 06	mecunbong.com@gmail.com
38	0982255048	XLSAIB	Pham Tran Kim Chi	let.it.quesera@gmail.com
39	0373830235	R2HFWG	Linh Linh	Lnh2305@gmail.com
40	0987678630	703U33	Ngô Thị Kim Oanh	oanhoanh264@gmail.com
41	0971805599	PSW7GT	NGUYEN PHI	jennytruongnguyen94@gmail.com
42	0904603117	E3AFPS	Nguyễn Thị Phương Hoa	nguyenphuonghoa112@gmail.com
44	0868121288	PSDEIC	Văn Huyên Phi	tramtran.hui@gmail.com
46	0985322383	82VJ7F	Đinh Nương 	dtnuong88@gmail.com
47	0913738268	1I0PQR	Nguyễn thị băng Giang 	tiamo.nbg@gmail.com
48	0986986890	I1QVVL	nguyễn thủy liên 	nguyenlien1990@gmail.com
49	0982633633	77RIQE	Bean Đăng Khôi	beandk297@gmail.com
50	0989919011	N60FER	nguyễn thị hồng hải	honghaimn1989@gmail.com
52	0395551993	NFGG5I	choi minh sam	vuthihongtuyen94@gmail.com
53	0383396733	V2SEPX	Trương Thị Kim Liên	truongkimlien90@gmail.com
58	0906077386	KVLV2Z	Bé Minh Sang	lyth.vn@gmail.com
59	0965974777	5GV9FQ	Triệu Thị Huyền Trang	trieutrang33@gmail.com
60	0982995532	L3BK1M	Nguyễn Trang Ngân	nguyentrangngan.edu@gmail.com
61	0983124690	CM4DUD	Phạm Hoàng Anh Chi	
62	0936391770	3UAL4J	Nhím	anhtuyet.ho77@gmail.com
51	0907865382	FIA88T	vũ minh châu	
63	0985899337	M04UZ6	nguyễn thị ngân hoa	nguyenthinganhoa1983@gmail.com
64	0981993890	V7TTPK	Bùi Thị Trang	trangbui1211@gmail.com
65	0937775271	G1BNMP	Nguyễn Minh Thu	thu.nguyen.vic@gmail.com
68	0948875037	39D8J9	Nguyễn Liên Hương	lienhuong1902@gmail.com
69	0937523339	L6B9CT	Đỗ Diệu Hương	
70	0948405869	7DRKS6	Trần Thuý Hằng	hangsua@gmail.com
71	0986026566	V8HEMK	Nguyễn Thị Hồng	
72	0834219989	IV5R0Y	Nguyễn Hà Phương	phuongnguyen@qq.com
73	0989389719	JXVC8I	Nguyễn Thị Hồng	tritueviet2019@gmail.com
74	0965556948	GFR2VJ	Vũ Lê Hà	vulehapsy@gmail.com
75	0344923922	76631Z	Nguyễn Thị Mai	mai.nt@hns.edu.vn
76	0971062414	TP56IT	Nguyễn Vũ Thanh Hà	kateanh2501@gmail.com
78	0979972446	LK9BRN	Trần Thị Mùi	Muispv@gmail.com
79	0977284898	NZT8AW	Bùi Thị Thuyến	kimthuyen2404@gmail.com
80	0935359766	J1TECE	Đặng Ngọc Mai Vân	dangngocmaivan519@gmail.com
81	0987316426	7UK45Y	Nguyễn Phương Loan	Nguyenphuongloan27091982@gmail.com
82	0976475602	1Q9YLR	Nguyễn Văn Lộc	nguyenloc0976475602@gmail.com
83	0978536002	Y19XU6	Vũ Đào	vudao85@gmail.com
84	0966879884	H5A6F0	Nguyễn Thị Xuân Vui	maria.xuanvui93@gmail.com
254	0971968597	QJJI9P	Nhật An	
9	0966728191	U02UU0	vu hoang linh	
4	0947089126	36SRHE	Vu Huy Duc	vuhuyduc0505@gmail.com
54	0917234321	4RYJH8	Bui Thi Thu Trang	trangbui.luonhanhphuc@gmail.com
43	0963130092	KE4FZF	Nguyễn Thị Điệp	ngocdiep251@gmail.com
7	0965011823	A6LV99	sushi	
56	0987494499	DL4RA8	Phan Thanh Hiền	
55	0978974254	Q74NLJ	Phạm Thị Hồng Giang	
67	0933104415	3C1RYH	vũ Thu Thuy	tuoitho1612@gmail.com
36	0358269948	1DSL19	Bùi Trần Vân Anh	buitran2198@gmail.com
66	0326466733	90RZVG	Nguyễn Thị Miền	
77	0918364918	R68WFQ	pho thi huong giang	phgiang90@gmail.com
20	0382482889	424PLD	trân thi van	bdndhd@gmail.com
85	0973110066	L3BK1M	Trần Thị Hồng Xuyến	hongxuyen.music@gmail.com
86	0989091536	J5F50Q	đinh tuệ minh	nguyenhongnga121@gmail.com
87	0383858591	4BLG74	Hoàng Thu Hằng	
88	0936193788	DLY6DE	Nguyễn Thị Hương Quỳnh 	huongquynh6988@gmail.com
89	0352537538	Z7WRXK	Hoàng Hải Hà	haiha0504@gmail.com
90	0989055855	NHN78D	Đặng Thị Phương Dung	phuongdzung85@gmail.com
91	0394194199	ZR3RIM	Nguyễn Thị Thu Hà	thuhanguyen2710@gmail.com
92	0974826126	3NJ2LD	Bùi phương chi	oanh.nt3097@gmail.com
93	0984064930	4IP92X	Nguyễn Cát Minh Anh	huyebaby296@gmail.com
94	0986518785	CHTRZ7	pika	
95	0399533155	4HEGCL	nguyễn thị phương lan	nguyenphuonglan7297@gmail.com
97	0912517092	3FEDCN	trần thị thanh bình	tranthanhbinh1292@gmail.com
98	0904562975	V6PB6F	giang	
99	0978122213	NPYIP4	hoàng mình hạnh	minhhanh.th28@gmail.com
100	0869229368	SFFZKP	Tiêu Thị Trang	tieuthitrang@gmail.com
101	0974258686	SZXICQ	cafe	chip12012020@gmail.com
102	0905516550	E4VXFG	Nguyễn Thị Minh Tâm	minhtam1394@gmail.com
103	0393337890	H5VA5E	Casa Sunshine	
104	0972449827	VXIDA3	Đỗ Thuỳ Dung	dothuydung1908@gmail.com
105	0974155393	W9M2CT	Nguyễn Thị Thuý Hải	thuyhai140893@gmail.com
106	0976473321	1Q9YLR	Nguyễn Văn Lộc	
107	0967014683	2S0S85	Hà Thị Thuỳ	thuyhabn05@gmail.com
108	0903266281	J12YQ0	Linh Ngô	lingsinger88@gmail.com
109	0332497988	6R5U0J	Hồng Nhung	ttvietstar@gmail.com
111	0979846907	ET0U7X	Hoàng Thị Mai A	hoangmaia6668@gmail.com
112	0888123993	1VJ4P0	Linh San	dinhkhanhhoa.123@gmail.com
113	0988255954	66JBG3	Trinh	
114	0389957708	QP7GL8	Nguyễn Vân Anh	vananhnguyen.ftu@gmail.com
115	0981802187	C994WC	Lại Thuỳ Lâm	
116	0968702911	M820XM	Kem Su	
117	0976094766	7HJ0M2	Trần Thanh Hà	thanhha5205@gmail.com
118	0902043340	TMRG1W	Nguyễn Thị Dung	nguyenthidung181087@gmail.com
120	0387394783	VNYDL6	Phạm Thu Ngân	pngan26@gmail.com
121	0966395086	KU853T	Trần Thị Hạnh	tranhanh1311@gmail.com
122	0938805536	TN8PEY	Trịnh Thị Thanh Huyền	thanhhuyen.trinh@gmail.com
123	0933966998	83FW60	Nguyễn Diễm Thương Thương	nguyendiemthuongthuong@gmail.com
124	0934376168	50LZGS	nguyễn ngọc bích	bichnguyenngoc136@gmail.com
125	0905217644	HQ781M	đào huyền my	daoben2001@gmail.com
126	0938518110	I04HKG	Bòn Bon	lavendermaple118@gmail.com
127	0978686911	WA5VVU	Trương Vân	truongvan.tv@gmail.com
129	0946687375	VMMMS0	trịnh thị thùy linh	trinhthuylinh221089@gmail.com
130	0986501175	Z7Z6JS	Nguyễn Thị Ngọc Ánh	ngocanhheohpu2@gmail.com
131	0919486266	2VR8LA	Nguyễn Thị Thu Lý	lynguyenthithuly@gmail.com
132	0935908045	SNJL5U	Nguyen Thị Tuyết Nhi	nhinguyen175@gmail.com
133	0987302655	8Q45US	Bùi Công Minh Nhật	oanhoanh1404@gmail.com
134	0981630843	MXIEXI	Mai Hương	maihuong281996@gmail.com
45	0947029589	DH3TQC	Do thuy anh	dothuyanh89@gmail.com
135	0909463354	XL19J5	Bui Minh Thi	minhthi1611@yahoo.com
136	0338990938	2TUDQG	Nguyễn Thị Hương Thanh 	thanhnguyen2488@gmail.com
137	0375169303	ZS84KX	Mai Hương	maihuong.pselc@gmail.com
138	0919760190	396NXE	đỗ thị huyền	thuhuyen1121990@gmail.com
139	0349779788	M072D4	Vũ Lý	
140	0905457079	4HBD3Y	NGUYỄN THỊ NGỌC TRANG	
141	0902393288	EK7X87	Tùng Khôi	phuongpham2012@gmail.com
142	0966856769	TCYUMT	Hà Ý Nhi	haynhi.0208@gmail.com
143	0914783788	577WY1	lê nhật bảo anh	lenhatbaoanh0798@gmail.com
144	0886273479	AY62NY	Đoàn Thị Hạnh	doanthihanh1004@gmail.com
146	0986683296	JG9A12	Tue Nghi	vuhuyenvnd@gmail.com
160	0898676989	S5BRW5	nguyen linh chi	linhchi.fts@gmail.com
147	0777642503	TDYSQE	hải hà	haiha2590@gmail.com
148	0902202778	X51HQZ	hà thị thắm	thamht01188@gmail.com
149	0935909868	4IA13K	Trần Trọng Huynh	thoihoanghce@gmail.com
150	0948087345	G2PXJ3	hien mai	pvhienmai@gmail.com
151	0988171902	15FTZW	Diễm My 	
152	0942442990	16JLGT	Nguyễn Thái Hà	duchien8189@gmail.com
96	0358007256	2391XD	phần thị thủy	pthuyccn4194@gmail.com
153	0357333889	J3FULJ	Nguyễn Ngọc Hằng	ngochang252@gmail.com
155	0388159589	TQSDS1	Lê Thu Minh	minhbkd@gmail.com
156	0986865779	L3NVQ6	Pham Binh Minh	
157	0357992021	G39S9A	Mỹ Lan	mylan2411@gmail.com
159	0989183635	Y4F994	Phạm Thanh Hương	khongandem@gmail.com
162	0932322250	XWCTF8	Lê Thị Ngọc Oanh	oanhltn258@gmail.com
163	0975048226	XWCTF8	Leoleo	
164	0904955107	H99NPW	XuKa	ihatexuka@gmail.com
165	0904821219	IIUNYD	Hồng Ngân	hongngan1901@gmail.com
166	0977773109	5F03JH	bình an	nguyentranghvnh@gmail.com
167	0912505611	HXBE9L	phạm thị thanh hoa	thanhhoapham.vn@gmail.com
168	0983340080	VA3T1Y	Khanh Pham	maikhanh@ftu.edu.vn
128	0987232629	HUJXSM	NGUYỄN THỊ ĐỊNH	nguyendinhvn@gmail.com
154	0915490985	4296KJ	Nguyễn Thị Thuỳ Trang	trangtit2404@gmail.com
145	0393273023	FAVYZ3	Thanh Vân 	thanhvan.jvnet@gmail.com
110	0375355655	D2928H	Gau	hagiangbeetea@gmail.com
119	0941541226	UL5ZVV	Lê quý hiệp	hieplq@hasuvimex.vn
161	0946010711	VCU0SE	Bùi Thị Quỳnh	
169	0936170269	H2MDX7	dao gia tue anh	huynhsuong267@gmail.com
170	0988864167	LPZLP6	Nguyễn Thị Thu Trang 	nguyentrang87ht@gmail.com
171	0969955192	RXTKSN	Nguyễn Thị Kim Liên	lienntk@omt.vn
158	0836366299	C6I92X	nguyễn thị thuỷ	nqhieu184@gmail.com
172	0977423622	D7C56F	Trần thị huyền	thanhhuyen423622@gmail.com
173	0988891926	F5JKV0	Trương Thuỳ Linh	
174	0986622096	J19KC9	Thanh tú 	mailienmtc@gmail.com
175	0919566026	PRXIEQ	Phạm Thị Ngọc Thanh 	phamngocthanh15@gmail.com
176	0902709316	KRVQG4	Nguyễn Thị Ngọc Anh	vttc.anhnguyen@gmail.com
177	0938768116	1ZZWAH	vũ thị thu hằng	hang.vu8410@gmail.com
178	09887922	5HG8Z8	Lê Thị Lộc	khanhloc8485@gmail.com
179	0914366615	NX1V49	nguyễn diệu lan	nguyendieulan.9808@gmail.com
204	0839812950	H5W9TG	Lưu Hồng Trang	
181	0984122616	K20APT	Minh Anh	Truongthilinhhg@gmail.com
183	0986683893	VCU2RN	Nguyễn Thị Phương Ánh	anhntp2908@gmail.com
184	0395615648	WPB6B8	Đu Đủ	viethanguyen.qmul@gmail.com
186	0986101646	MQADLQ	Bùi Thị Kim Oanh	buithikimoanh1506@gmail.com
187	0978752648	IIUNYD	Nguyễn Thu Thuỷ	thuthuy0810@gmail.con
185	0835833555	WRITZN	Nguyễn thị mai hiên	maihiennhanvan@gmail.com
188	0906219098	6X1YPS	Trịnh Minh Hằng	trinhminhhang.trnh@gmail.com
189	0963037637	RSRLWU	thuỷ đặng	thuypiano2208@gmail.com
190	0908585313	1CIA3C	Cao Thi Thuy Linh	
191	0855795559	G50EU1	Đặng Hương Giang	giangdh1991@gmail.com
192	0946202408	9SDXBP	Lê Thị Kim Liên	lanchi.bee@gmail.com
193	0339195196	MRRM3J	hoang yen	
194	0902292998	MRQT6G	yến	
195	0349457777	ZUM5JG	Đặng Thu Huyền 	mamhoangle@gmail.com
196	0969921292	KJBGE8	Phạm Anh Nguyên	
198	0389902704	Q84W5Q	Trịnh Mạnh Cường	
199	0968618769	CRV4ZX	Hai Anh	duonghaianhftu@gmail.com
201	0987112157	U7IEWQ	Dương Ngọc Linh	ngochinhduong@gmail.com
202	0345368264	S5PBNK	PHAM HƯƠNG	huongpham.usa@gmail.com
206	0352545969	82UU3W	Đinh Thu Quỳnh	
207	0973260755	0V2YYT	Nguyễn Thị Phương 	nguyenphuong7494@gmail.com
208	0906101997	P9SA40	TRẦN MAI LINH	smiling.tran@gmail.com
209	0906101484	ZS4GHH	Bích Trâm	tram138.vie@gmail.com
210	0946269241	964L99	Đỗ Khánh Phương	phuongdk23@gmail.com
211	0764388224	1Z3ISM	Nguyễn Hồng Hạnh 	nguyenhanh2597@gmail.com
212	0986848867	37MM4M	Kiều Thị Oanh	convua18@gmail.com
213	0923437653	6R5U0J	Ngô Văn Thảo Nguyên	thaonguyenngovan@gmail.com
214	0379791162	B3CEHX	đinh thị thanh loan	loandinhthithanh@gmai.com
215	0938274888	ZCKJS5	Nguyễn Nhật Chương 	suongnguyenthikim@gmail.com
216	0949007967	REMRN6	Nguyễn Thị Như Quỳnh	nq0419@gmail.com
217	0982335877	TWDDPS	huy	huynguyenphuit@gmail.cpm
218	0908248988	CERACP	Nguyễn Hải Phong	phamhoan.lqd@gmail.com
219	0339176156	X6V797	thuyhang	
220	0974626041	BFDPCH	Kieu Bich	kieubich.sol@gmail.com
221	0918282531	5JY19E	vũ tuệ nhi	trinhtruong.091195@gmail.com
222	0949750492	ZYZMGU	Trần Hà	
223	0903751011	SS4XKV	Trần Quỳnh	thuyquynh83k34@gmail.com
224	0962544799	3F5FI8	lê thu huyền	huyen.nxbgdvn80@gmail.com
225	0383383864	CMRI1A	trương nguyễn thủy tiên	
226	0935739180	6V3IYF	Trương Vĩnh Khanh	
227	0972578913	1MPWH6	nguyễn thị mỹ châu	mychau7612@gmail.com
228	0916566050	ML20UM	Thuỳ Linh	
229	0935003088	NFPHC7	Nguyễn Trần Bảo Trâm 	ntrbaotram@gmail.com
230	0796588236	NFPHC7	Nguyễn Thị Hương 	huong86.dn@gmail.com
231	0935961692	NFPHC7	võ thị Kim phượng	vothkimphuong@gmail.com
232	0974454413	NFPHC7	Nguyễn Thị Lượng	luongnguyen040396@gmail.com
233	0818863689	1YS5R1	Ứng Tuệ An	ungminhhieu170391@gmail.com
234	0968845646	P2FZYB	Phạm Minh Trường	
235	0904585892	0ZBQQE	Lê Mỹ Cường	lemycuong@gmail.com
236	0357068301	U7IEWQ	Moon	
237	0915549988	VG9BQL	Nguyễn Thu Hiền	hiennguyen.an.nhu@gmail.com
238	0902338583	TWLDD7	Mai Sương 	lananh.dang2812@gmail.com
239	0947008009	4LK948	Đặng Thị Tuyết Mai	maimai.dd89@gmail.com
240	0947812286	UZY6F4	Bùi Thị Thủy Ngân	Btthuyngan@gmail.com
241	0962863332	3I15IW	can minh phu	
242	0938634693	7YWGWW	Luong Thi Hung	
243	0988530295	1MPWH6	Trần Thị Dịu	tranthidiu1908@gmail.com
244	0343434936	BNFTAR	Đoàn Nga	doannga203@gmail.com
245	0923309999	YTVQYN	Trần lan chi	lanchihanam90@gmail.com
247	0989616579	1MPWH6	Hồ Thị Phượng	mocmienkull105@gmail.com
246	0388222990	X3FSYL	Nguyen Lan Huong 	lanhuong.ftu222@gmail.com
248	0905511818	VFU2EN	hoàng thị minh nguyệt	nguyetcdsphue@gmail.com
250	0779493217	7YWGWW	Lê Thương	thuong1829@gmail.com
252	0982810639	N633NT	Hoang Phuong Minh	hoangphuongminh148@gmail.com
253	0386671614	4Y48SW	đậu đậu	
200	0769709346	P54JGC	Lê Thị Lương	Hienluong9491@gmail.com
180	0943549993	PWM4AD	Vu Thu Huyen	
203	0389856788	F7R7R4	Bùi Vân	vanbui858613@gmail.com
205	0908002997	NLJWB8	Nguyễn Thị Duy An	
197	0931970989	H4P2Z1	TRẦN NỮ HOÀNG NHUNG	tynhungna@gmail.com
182	0911659565	BSLQCF	bon	lananhdt94@gmail.com
249	0964522869	ZUFXFB	Lê Thị Thuỳ An	thuyandtht@gmail.com
255	0825557373	4LUAYJ	Nguyễn Văn Thiện	nguyenvanthien510@gmail.com
256	0903480589	EXCFPL	Trần Lê Kha	
257	0704381381	X58WGA	bao ngoc	st.abribe@gmail.com
258	0356285899	0JYJ4M	Trần Thị Hồng 	thuyhong9999@gmail.com
259	0792868618	ELJFV7	Pham Thi Kieu Nga	ngapham1829@gmail.com
260	0976070578	ELJFV7	Tran Thi Thuy Nga	tungbeo24082015@gmail.com
261	0368531900	61D3BK	Đinh Phương Thuý	phuongthuy.cremusic@gmail.com
262	0988629682	JZVRR1	An	thao83.ntp@gmail.com
263	0366110805	DMIPET	Nguyễn Thị Mỹ Hạnh	Myhanhmy213@gmail.com
264	0914583587	FKH1GH	Thanh Tú	
265	033218876	GWGXX8	thanh	
266	0389689259	92BIDM	Bùi Thị Lan Anh	lananhbui2013@gmail.com
267	0376063090	92BIDM	Phạm Thị Bình 	binh31112015@gmail.com
268	0909027208	DBQ3S2	Huỳnh Kim Khánh	kimkhanh08c3@gmail.com
269	0941883951	9MVR37	Trang 	
271	0389957135	UWKTGS	nguyễn thị yến anh	yenanhnguyen210@gmail.com
272	0988616489	8TKM86	nguyễn thanh vân	edu.nguyenvan@gmail.com
273	0905894423	MC8TK3	Gia Khang	nhisiena@gmail.com
274	0943174862	UHLP71	hoàng thị bích vân	bichvan207@gmail.com
275	0981621776	3GZUFZ	Đặng Thị Cẩm	Cam50atoandhv@gmail.com
276	0987022422	KHB9P2	Võ Ngọc Dũng	haosk1908@gmail.com
277	0977075468	61D3BK	Khương Tạ Thanh Hải	khuongtathanh.hai@gmail.com
278	0348824979	DMIPET	Tống Thị Như Tâm	nhutamttnt@gmail.com
279	0379942267	TCYUMT	Trịnh Thị Thu Hằng	hangtrinh2793@gmail.com
280	0937578248	314R3B	Lê Thuỳ Dương	thuyduone1990vn@gmail.com
281	0961592514	AXAU13	Nguyễn Thị Thuỳ Dương	duongtetieu@gmail.com
282	0853779688	2ZRHGU	Vũ Hồng Trang	
283	0374537893	5ZTF1H	phạm thị diệu	phamtruclinh96@gmail.com
284	0935808045	SNJL5U	nguyễn thị tuyết nhi	nhinguyen175@gmail.com
285	0916813991	DL4RA8	Hà Tuấn Vũ	
286	0858367686	8VD6GU	nguyễn Thị Phượng	nguyenminhphuong26.2@gmail.com
287	0392572906	K77TDQ	TRAM	hopsuabe@gmail.com
288	0969140588	R9JJZ7	Vũ Thị Hoa	hoavt145@gmail.com
289	0979251154	X2PXK9	vũ vương kiều hoa	hoaminhbonbo@gmail.com
290	0349727580	MN59PS	Đỗ Thị Hoài	dohoai1991@gmail.com
291	0903679122	HFUEN1	đoàn Thị Thu Phương	dtthuphuong252@gmail.com
292	0978664869	0UF9GI	đỗ thị hương lan	huonglan1811@gmail.com.vn
293	0934040749	P9U7G7	Nguyen Thao	thaontp74@gmail.com
294	0976473601	1Q9YLR	Nguyễn Văn Linh	
295	0947046488	GPY26Y	Nguyễn Thanh Ly	lynt24@gmail.com
296	0934944988	H4P2Z1	Ha Nhu Y	truongmntthoasua@gmail.com
297	0903852879	7RE6K6	chelsea	devon.2512@gmail.com
298	0905821989	7UIMPV	nguyễn thị xuân linh	xuanlinh113@gmail.com
299	0974636170	NFPHC7	chung	leechungx@gmail.com
300	0948735569	Q9Z7KW	LÊ TRANG	
301	0345182979	XUE6FR	Đỗ Trung Tình	trungtinh.hau.06d2@gmail.com
302	0372511798	G81PPZ	phùng thị thái	phungthai163@gmail.com
303	0972928881	XUE6FR	THU HANG	minhanhhunganh2021@gmail.com
304	0817257257	GINTW1	Nguyễn Hàn Vinh	
305	0397001196	9TCCXG	diên phúc	hathanh94.dhyd@gmail.com
306	0342708020	G50EU1	Nguyễn Mạnh Duy	duymank250997@gmail.com
307	0965646745	D558S1	vũ minh tuệ	hanhnho1303@gmail.com
308	0986792446	FW60S0	Loan	loanhophanthanh@gmail.com
309	0834888388	Q2E3JS	Nguyễn thị hương	
310	0989840000	MA3IN6	Phạm Hương	phamquynhhuong05@gmail.com
311	0972019708	DHT4WE	Ngo Le Quyen	
313	0949550395	GWGXX8	ho thao	qnhutt95@gmail.com
314	0931917599	NFPHC7	Nguyễn Thị Lành	ngoclanhmythien@gmail.com
315	0806309630	R5GKXS	Nguyên Hồng Ánh	thanhngo89@gmail.com
316	0976448384	B3QQQY	Hồ Thị Phượng	phuongxinh0911@gmail.com
318	0965736881	1RWNT0	Nguyễn Thị Hải Yến	nguyenhaiyen22101995@gmail.com
319	0368842763	4K3045	phạm thị mỹ lại	
320	0985509816	NDUC89	Mai Giang	
321	0968140771	P8S1UD	Lê Thị Hằng Nga	lhnga09@gmail.com
322	0363765978	GB4XTZ	Bùi Thị Thu Hường	thuhuong29991@gmail.com
323	0935591998	BKDXER	nguyễn Phương Thảo	thaonguyenphuong0810@gmail.com
324	0986167022	YKP3MS	Hoài Thanh	hoaithanh112@gmail.com
325	0974343020	QSMGC1	đỗ thanh nhàn	thanhnhan.nnpp@gmail.com
326	0987992075	RT1772	Nguyễn Tuệ Nhi	nguyenhongnhung0410@gmail.com
327	0961350517	KPCG04	Trương Thị Quỳnh 	quynhmeomeo123@gmail.com
328	0362069874	4K3045	Ôn Tú Khang	ontukhang98@gmail.com
329	0372042316	4N2LKL	Nguyễn Loan	loannguyen.yl@gmail.com
330	0905096782	6R5U0J	nguyễn mỹ hạnh	thaonguyen@gmai.com
331	0988624005	51ZUH4	Nguyễn thị hà	nguyenha@ffs.edu.vn
332	0967400182	H99GDT	đậu thị Hoài linh	
317	0905094535	DYP644	thảo ly	
333	0989669074	PKU0ZE	Nguyễn Minh Thu	nguyenthu0140@gmail.com
334	0868789858	PSKB46	nguyễn minh nhật	
335	0976521801	BNFTAR	Nguyễn An Nhiên	midmooncake@yahoo.com
336	0902155656	ZAKNFV	Trần Thị Bình	haibinh@lobby.vn
337	0868408399	5IKER1	Hồ Thị Hường	
338	0988398262	YA3QIP	Lê Thị Hạnh	lehanhdh@gmail.com
339	0969919694	WMPR22	Nguyễn Thị Thuỳ	nguyenthuy.eduplaygarden@gmail.com
270	0354111963	U1LKBC	Hà Thị Phương	phuonght1703@gmail.com
312	0967825495	1VJ4P0	lương hương li	huonglijun@gmail.com
340	0904105510	8GN02U	nguyễn thị thu trang	
251	0933126023	H2MDX7	DAO GIA TUE ANH	quangtien0610@gmail.com
341	0366874045	R2HFWG	Ngoc Huyen	
343	0911353359	YGGMIC	Hoàng Thị Như Quỳnh	
345	0339654841	X0WS96	ho ngoc anh thư	
346	0916547782	VFG849	Hải và Khánh	minhvu8281@gmail.com
351	0366124264	0T8LDJ	Vũ Thị Tươi	tuoitai1995@gmail.com
352	0773334280	V6581S	Nguyễn Thị Lưu	lucynguyen2595@gmail.com
353	0944641368	0T9PY7	Nhung Nguyen	nhungnguyen.hanu@gmail.com
354	0989942222	LU54P6	Đinh Thị Liên	liendt210@gmail.com
355	0977772286	MMYRHU	Đỗ Thị Hồng Phượng	mamnoncaycaunho@gmail.com
356	0983237284	82DG75	vũ hải hà	haiha7284@gmail.com
357	0904710890	X9MGP3	jerry	
358	0967941221	XH0B3Y	Bùi Thị Thuỳ	buithuy070397@gmail.com
359	0988184765	ZPTIIZ	Vũ Thị Thúy Hường	thuyhuongkn@gmail.com
360	0775994770	RNVZBA	Lê Thị Thuý Quỳnh	quynhlam1085@gmail.com
361	0399945539	XH0B3Y	Phạm Thị Thu Thảo	hanhtim@ffs.edu.vn
364	0909210823	9FQ736	ly phong	
366	0333161766	YZFB3M	Nguyễn Hằng	nguyenhang29101992@gmail.com
367	0393732023	FAVYZ3	Thanh Vân	thanhvan.jvnet@gmail.com
370	0762253123	0LINCW	vũ nguyệt ánh	Anhvu11192@gmail.com
371	0985668336	5IKER1	Trần Thu Trang	tranthutrang2681992@gmail.com
372	0333363145	YBN830	Nguyen Thanh Huong	
373	0983592253	YBN830	Nguyễn Thị Kim Nga	Kimnga1290@gmail.com
375	0902110228	RE6L4B	Dang bich ngoc	dangbngoc@gmail.com
376	0966687692	YZFB3M	Đỗ Thị Hồng	dohong22011995@gmail.com
377	0886625889	B35Y4D	Trần Thị Tuyết Minh	
378	0983610990	R058RA	Nguyen Thanh Hoa	
379	0357589893	8KFY29	Mẹ Sony	
380	0978116119	PVEFEY	Uyên Lưu	luuthibichuyen@gmail.com
381	0989099597	QSMGC1	Trần Quyên	quyentranffc@gmail.com
382	098697596	VUTREM	Minh Xoài	hienngoc889@gmail.com
383	0937820775	ITW7Z2	Bùi Thị Huệ	tocngandethuong@gmail.com
384	0359121884	H5VA5E	Casa Sunshine	
385	0703132445	ECRHKU	さら	tsutomu.iwai29@gmail.com
362	0888499289	1VDX88	tống khánh linh	
386	0374379565	ZWG9T2	Lương Nhật Hà	luongha071197@gmail.com
387	0912148485	CTJDL6	Mai Thanh An	nhat21684@gmail.com
388	0981938782	ERRU8Y	Phương Hoa	phuonghoapth82@gmail.com
389	0326530865	VHVK32	Phạm Thị Trang	Buicat1995@gmail.com
390	0416221995	6LX91B	Annie Nguyen	
391	0934475216	JXWQWE	phan thao	
416	0914150033	EE8ZTY	Nguyễn Phương Mai	
374	0908069068	8SZ5EE	nguyễn thu hiền	hienhienvkstphn@gmail.com
392	0905632995	JXWQWE	KHIẾU THỊ HOÀI 	khieuthihoailuutru@gmail.com
393	0979986100	IG79CQ	Tống Diệu Thu	tongdieuthu3010@gmail.com
394	0373971098	JFY3AI	Ngô Thùy Linh 	thuylinh8828@gmail.com
395	0384361748	5YCBP5	doãn thị huyền	doanthihuyenpiano826@gmail.com
396	0382071305	4V62F1	Đỗ Thu Thuỷ	thuthuyfunny@gmail.com
397	0942298928	ANCAHW	nguyen minh anh	tramntb.206@gmail.com
398	0949258833	UZL7BX	Nông Thanh Vân	thanhvannong@gmail.com
399	0772036983	IBNYC1	Maryann Tran	nhunguyen.163211@gmail.com
400	0904299311	AFFQ29	nguyen thao	nttthao1601@gmail.com
401	0842240100	K37P7N	Phan Thị Thanh Thúy	thuymeophan@gmail.com
402	0976212919	YF6E7R	vi lê phương quỳnh	quynhvi2791@gmail.com
403	0902790217	6QWLQN	Lê đình thanh tâm	Johan_khiho@yahoo.com
406	0975363498	5YCBP5	Doãn thị huyền	doanthihuyenpiano826@gmail.com
407	0939166198	64SNVW	Thái Thị Bảo Châu	
408	0902060590	ZAU0KU	Đỗ Kim Thoa	thoaamnhac@gmail.com
409	0986947596	VUTREM	hjqk	hienngoc889@gmail.com
410	0969936691	10J29F	Đỗ Phương Anh	dophuonganh1991@gmail.com
411	0905908609	FI5614	VŨ THỊ PHƯƠNG THẢO	cophuongdong87@gmail.com
412	0936368790	I12VAR	Vũ Hạnh Trang	vuhanhtrang1990@gmail.com
413	0336900233	K2CD3X	Lê Quốc Bảo	huongnt.sales@gmail.com
414	0976611031	Z29B7F	Tran Thuy Duong	tranthuyduong17@gmail.com
415	0966361989	WWZZ32	Vũ Diệu Thuý	thuyvd@viduong.vn
417	0986092523	C3P3VM	Nguyễn Anh Tuấn	
418	0988788793	R9P32T	Hoàng Nhã Uyên	dangtbv@gmail.com
420	0379145523	W3LCV2	nguyễn thượng gia phú	
422	0976209023	M06VIN	đoàn mỹ duyên	
421	0969612107	IFQARH	Quách Tuấn Kiệt	capronbabu@gmail.com
344	0972232235	MPIH7J	Trần Đức Nguyên	nguyenngoc2201.mta@gmail.com
405	0918622623	NSMX2P	shi	
368	0366198555	JXWQWE	hoàng	nt2hoang@gmail.com
419	0964606893	7S5T5Z	vinh Hiển	vuthivinhhien@gmail.com
365	0979106585	V94T5C	Trương Thị Hiên	
363	0982489889	CERACP	Ku Sun	
342	0971485008	2FYH9R	Lưu Thu Hà 	
347	0914878361	E47WMT	hoang hai anh	
369	0369666692	ZBRQ5B	trương thị hoa 	
350	0362676762	R058RA	Lê Hiền	lehienmntw@gmail.com
404	0369136161	WKIXVZ	hoàng Tú anh	anhhoang2711@gmail.com
423	0961326445	2NLL81	VU HAI	hai.vu282@gmail.com
424	0823121189	6VDEIY	Trần Quang Đăng	huyenthanh1211@gmail.com
425	0984215808	1XXIH2	nguyen dinh dong	dongnguyen.tdh@gmail.com
426	0906273565	P9DVNG	Nhật Minh	
427	0932100993	SV8L66	Nguyễn Minh Quân	vuthuycham2001@gmail.com
428	0932253188	CL3HT1	mai minh tâm	
429	0936385258	ERH6ZU	Ant	
430	0916141567	TEI1Y1	Nguyễn Quỳnh Chi	nguyenxuanhtc@gmail.com
431	0359212204	WCMY6Y	Nhâm Thu Thuỷ	thuthuy94ftu@gmail.com
432	0904523568	WYLC8M	Nguyễn Thanh Mai	nguyenthanhmai22122018@gmail.com
433	0966865301	QXX9UL	Nguyễn Quỳnh	diemquynhnguyen21098@gmail.com
434	0968378193	WD2KCX	Nguyễn Thị Trang	nguyenthitrang241198@gmail.com
435	0973101312	KC7ZE1	Phạm Thị Bích Liên	phamlien257@gmail.com
436	0915161677	FWNUZ3	Hà Chi Chôm	ngothuha.aoc@gmail.com
437	0987439974	CFBRV5	danysngoc	thungoc91@gmail.com
439	0981693747	FI5614	BÙI THẾ VINH	thevinh@abmavietnam.com
440	0977412788	V5RBN4	TRIỆU NGUYỄN ĐÌNH NGUYÊN 	Trananhkim20@gmail.com
441	0932164479	NSMX2P	phạm hải ngọc hân	phamhaingochan@gmail.com
442	0986850687	ERRU8Y	mcrc0002089	khuongdiep2013@gmail.com
443	0793469860	WD2KCX	Nguyễn Thị Hoa Loan	nguyenthihoaloan2000@gmail.com
444	0906172977	J2P8MW	nguyen huong lan	lanhuongnguyen1988@gmail.com
445	0944556536	U48N89	VO TRONG NGHIA	dungvoanh@yahoo.com
446	0398676774	G6MJUG	Nguyễn Thanh Hoa	hoa3031998@gmail.com
448	0974936545	V1ICPL	Lê Thanh Hương	lethanhhuong278@gmail.com
450	0909509503	0PZDQJ	Trần Mỹ Loan	loan.tran@nghiemchinh.com
451	0377844770	1VQBBE	Lan Huong	lanhuong310@gmail.com
452	0979570690	2UPJ7D	nhật minh	luuhoa0806@gmail.com
453	0967288194	9Y2XER	mình thư	masaki.mta@gmail.com
454	0976972683	43NQLK	Nguyễn Thị Huyền	Huyenkul12345@gmail.com
455	0947712485	CTJDL6	tungc	thanhtunghbl06@gmail.com
456	0336786333	JW7KMZ	Rêu Môc	
449	0984990868	EFYBS2	Le Minh Tram	
457	0339159513	KPCG04	Nguyễn Thị Hải Yến 	
458	0868732298	4CNKAR	nguyễn hiếu	nguyenthitrunghieudl123@gmail.com
459	0961901920	4A9JYY	pham dang Khoi	lethuthuykt@gmail.com
460	0906755991	P8EM0S	Hoàng Liên	lien.ht.ngv@gmail.com
461	0964337868	PUWELS	Phùng Thị Hương	
462	0963016968	ZKHEJH	phạm Quang Bách	bichle195@gmail.com
463	0979770388	NV2GCY	alex do	tungdt.dtt@gmail.com
464	0981365525	7TKVWM	Bùi Tuấn Dũng	
465	0967100992	E7CNTQ	Oanh Hà	oanhha1009@gmail.com
468	0976611980	TY8WHV	Nguyễn Xuân Khánh	
469	0981330933	A1YA9T	Nguyễn Chiều Xuân	
470	0936506336	YINXRN	nguyễn cẩm nhung	
471	0978957800	AYFSGB	Nguyễn Minh Thuý	Nmthuy41@gmail.com
472	0344651686	S3I1JM	Trang	nguyentrang92dino@gmail.com
473	0344651686	ZUFR5M	Nguyễn Trang	nguyentrang92dino@gmail.com
475	0538472168	KTREL0	Nhen	ahy@gmail.com
476	0936646488	CPGEE9	Hữu Thu Hải	huuthuhai@gmail.com
477	0916566050	5KHVSJ	Nguyễn Thuỳ Linh	
478	0971485008	SBDZCE	lưu thu hà	
479	0385818607	71X41U	Nguyen hien	ohayoo3031984@gmail.com
480	0906368808	LXGXN1	Quoc dang	
481	0946687375	5NFWJS	trịnh thị thùy linh	trinhthuylinh221089@gmail.com
482	0988856138	AGCMEZ	Phạm Thị Thanh Lam	thanhlam.pham93@gmail.com
483	0964290115	BMD75Q	Phạm Phương Phương	phamjina@gmail.com
484	0962727646	QU3WQ3	bui phuong tue lam	
485	0989539922	CLV3WK	Trần Thị Hường	huongkorean@gmail.com
486	0904603117	Y9B6JE	Nguyễn Thị Phương Hoa	nguyenphuonghoa112@gmail.com
487	0912552955	JL90TI	Phan Minh Đức	thuthuyvr@gmail.com
488	0976521801	2KICXS	trang	midmooncake@yahoo.com
503	0979650328	GPFPUN	Dương Thị Hoàn	duongthihoan1973@gmail.com
489	0966728191	WTK5M0	Linh	vuhoanglinh251@gmail.com
490	0379254399	NWP67L	vu minh an	
492	0987494499	CTVWHD	phan thanh hiền	hienpt@tc3.vn
493	0426698785	WURKBT	Trinh Ha Le	letrinhha@gmail.com
494	0972122468	WYS5GQ	Thuỳ Lâm	gianghngo@yahoo.com
495	0986605564	SVJ8NA	Ngô Thị Hiền 	hienvn189@gmail.com
438	0904094888	60KJB5	Bùi Linh Chi	
496	0905168516	MXRPJM	hai linh	mecunbon.com@gmail.com
497	0984524553	WMP3JA	Hoàng Thị Trang	hoangtrang02051996@gmail.com
499	0932622326	2G42L5	Phương Vi	phuongvian.llk@gmail.com
500	0939369890	MAZYIV	lương ngọc phương	ngocphuong.hunre@gmail.com
501	0904488181	4V62F1	Trứng	
502	0929111184	AHEIA1	Mochi	
504	0979650328	9N3PRB	Dương Thị Hoàn	duongthihoan1973@gmail.com
506	0937523339	A38SQE	Đỗ Diệu Hương	
507	0976080593	8CEDPV	Nguyễn Thị Thu Huyền	jessienguyen805@gmail.com
447	0908194215	GWL87D	mai thanh tam	mthtam@yahoo.com
508	0982892161	IA8BZ3	Bùi Đức Anh	
509	0916813991	CTVWHD	Hà Tuấn Vũ	
510	0963130092	DJHKV8	Nguyễn Thị Điệp	ngocdiep251@gmail.com
474	0357830679	5U0P05	Tuệ An	tueantranmai1404@gmail.com
491	0986035382	VDXUZN	Truong Thi Hoai	
505	0914071825	XWBMRB	Nguyễn Thị bích Ngọc	
467	0987208020	TF4RZX	Trần Nhật Tân	
511	0342664061	A917CK	Nguyễn Thị Nguyệt	nguyetoccho@gmail.com
512	0363702324	P8X5BJ	Phạm Thị Nhung	Garrett.vietnam119@gmail.com
514	0377880600	T2A3RR	Đỗ thị hồng phượng	phuongphong1405@gmail.com
515	0929896886	7GYNNN	Min	
516	0913333903	8JFWE1	chi	
517	0973178760	IA8BZ3	Trần Thị Huyền Thương	
518	0966856769	HRD35G	Hà Ý Nhi	haynhi.0208@gmail.com
519	0382071305	TI7Z58	thuy	thuthuyfunny@gmail.com
520	0967014683	MDWMW5	Hà Thị Thuỳ	thuyhabn05@gmail.com
522	0902060590	97E8HF	Đỗ Kim Thoa	thoaamnhac@gmail.com
523	0375666868	XGWGLG	Nguyễn Thị Thu Trang	thienlong010507@gmail.com
524	0971062414	NANA4V	Vu Thi Van Anh	kateanh2501@gmail.com
525	0968555910	8H1PNC	nguyễn tuệ nhi	
526	0393287827	6PTQMC	nghiêm thuý hoa	nghiemthuyhoa@gmail.com
527	0981938782	D1LF7K	phương thành hoa	phuonghoapth82@gmail.com
528	0965794007	WCMY6Y	luông anh tuan	luonganhtuan.93@gmail.com
530	0974292081	7PQF4E	Nguyen Thị Minh	
531	0902081087	EJHBQQ	Trần Kỳ Nam	Hiengau87@yahoo.com
532	0902043655	P7LUH4	Đô Đô	datjqt2@gmail.com
534	0936368790	UIJE14	Vũ Hạnh Trang	vuhanhtrang1990@gmail.com
533	0943866691	BKB3MR	Oanh Vu	oanh2910@gmail.com
536	0338990938	88U6A7	Nguyễn Thị Hương Thanh 	thanhnguyen2488@gmail.com
538	0901167422	V8JWZA	Ngô Thanh Huyền	nth.cdspjn@gmail.com
539	0933126023	KNNEJA	Daogiatueanh	tiendq.gw@gmail.com
540	0969356829	TBBS7G	phạm thị tâm	phamtamtb93@gmail.com
541	0386714792	L9L6CM	Hồ Văn Phú	phuhv.56@gmail.com
542	0949260488	6ZQCD7	Trinh Bao Minh 	Hangvu.rmon@gmail.com
543	0393337890	LXFSVB	Casa Sunshine	
544	0968009886	SK3JH8	Nguyễn Văn Huấn	worldpro86.vn@gmail.com
545	0984524553	4JFHP7	Hoàng Thị Trang	hoangtrang02051996@gmail.com
546	0973372480	MMYRHU	Nguyễn Thị Hường	huongnguyenluna@gmail.com
547	0971279396	BID7Z9	Nguyễn Phương Thảo	thaoxynh6996@gmail.com
548	0962654142	BID7Z9	Bùi Thị Hiểu	Buihieu9094@gmail.com
549	0973359624	23GI7K	Đinh Thị Mai Phương	dinhphuong284@gmail.com
550	0989288187	23GI7K	phạm Hồng	phamhong0516@gmail.com
551	0366910805	6CQ0QI	Đặng Lâm	
521	0382482889	7TKVWM	Nguyễn thị tu	
553	0902085758	NTNQNW	Trần Lâm Đức	tranlamduc.bmc@gmail.com
552	0972489999	6SJRYA	le thuy an	trunghuyenbon@gmail.com
554	0916091665	68JSEA	Đậu	
555	0966061192	VIY738	Nguyễn Thị Mỹ Hằng	nguyenmyhang.nmh@gmail.com
556	0981982922	16CFLL	Akina	tranthuyet2982@gmail.com
557	0934411914	NJNLZP	Trần Thị Huyền	tranhuyen4837@gmail.com
558	0972049395	RG9PHI	Lương Duy Tiến	
560	0912333003	Z2JL2K	Minh Trí	
561	0945023023	Z2JL2K	Minh Tuệ	
562	0945023023	0DU2KU	minh tuệ	
563	0346739686	DYX956	mạnh hùng	minhhuong.10a8.c3qo@gmail.com
564	0987563292	102NZY	Nguyễn Tiến Dũng	
565	0972489999	RGJ8EM	le thuy an	trunghuyenbon@gmail.com
566	0905605665	VAHEN3	pham mia	
567	0961236000	KUCVVH	Đặng Mỹ An	
568	0847075666	INJN4P	im harin	trangdoan.huc@gmail.com
569	0975527095	MA6QDA	Nguyễn Gia Bách	gia.nguyenhoang.3007@gmail.com
570	0985668980	XPQ2YS	Lê Bảo Nam	lehuongktnh@gmail.com
571	0948953006	9AUH5T	ngô thu thảo	thuthao89.vd@gmail.com
572	0862654128	HNY7RM	Nguyễn Tiến Minh Nhật	phamnganptn@gmail.com
573	0847075666	TC32QV	im harin	trangdoan.huc@gmail.com
574	0818120485	68JSEA	Ha Minh Trung	
575	0982601610	T17G0Q	đăng khoa	dungpham.novalife@gmail.com
576	0936216898	3A8DW2	Nguyễn Thu Thuý	nguyenthuthuy1989@gmail.con
577	0988030987	9ZHCVE	Nguyễn Thu Hiền	hiennguyen39@gmail.com
579	0976111658	I51YNE	Nguyễn Thị Thanh Huyền	nguyenalone90@gmail.com
580	0962970099	UVZEWT	Hà Dung	yendha161@mail.com
578	0859502586	3N5M14	coca	nguyenthiloan.qlkt@gmail.com
581	0975346330	XIGRMT	Đặng Quốc Duy Phúc	
582	0364343982	FV9KDG	Lê Thị Thu Hà	hadaisy90@gmail.com
583	0935006670	426F0A	Moon	anhxuan3003@gmail.com
585	0964303496	5HN1G6	huyen	
586	0909635909	AK80NE	lionbooks test	
587	0936054066	QR1FPZ	Nguyễn Thuỳ Dương	thuyduongnguyen1710@gmail.com
588	0923022923	V2J5G7	Vũ Huy Dũng	
589	0768281991	QJ27WU	nguyen trang ly	
590	0973752335	0C9MID	nguyễn ngọc lan	ngoc.lan10@gmail.com
591	0843434508	JUFHDW	Tran Thi Phuong Linh	Tranphuonglinh31999@gmail.com
592	0359229628	JVI8HJ	son	
593	0343434936	HER92K	Đoàn Nga	doannga203@gmail.com
537	0904293996	WHVR34	nguyễn phương	nguyentamphuong1991@gmail.com
559	0777642503	29V4CH	hài ha	haiha2590@gmail.com
535	0961288990	THGYFL	phần thi Quỳnh thu	thuphan2790@gmail.com
584	0935006680	426F0A	Đặng Gia Hân	tuanhung1512@gmail.com
513	0393932407	WS26RQ	Vu Thi Thanh	
529	0868392288	GRLBPW	Hà	ha@gmail.com
595	0983399563	AK80NE	Thu Hà	thuhant.pandauniform@gmail.com
597	0345500322	WY1RS6	Trần Hồng Vân	vantran28392@gmail.com
598	0389992470	DR328R	anh	linhnh7@f88.vn
599	0914755675	FKZPQZ	Kiều Vân Anh	kvanh1991@gmail.com
600	0976927055	JVI8HJ	nguyễn trà giang	nguyengiang0204@gmail.com
601	0982863565	YGYM38	nguyễn diệp	diepnt201@gmail.com
602	0979321989	PDUPDG	cao nguyệt ánh	anh.cao.nguyet@gmail.com
603	0975983194	8AMFUL	Nhã Lâm	biiliichii@gmail.com
604	0969847299	7P1ZWY	đoàn Diệu Anh	
607	0904911089	0EAY2K	Tuấn Minh	minhchi1720@gmail.com
608	0935528787	531R5D	Nguyễn Ngọc Kha Thi	nnkhathi@gmail.com
609	0975338392	AR8X0K	Tran Thi Phuong Anh	phuonganhtt9@gmail.com
610	0936062191	PI3BXB	Quang minh 	
611	0961151121	16GLUG	nguyễn anh thư	
612	0966891496	HT7411	Phạm Minh Thuỳ	phamminhthuy181@gmail.com
613	0367932816	102NZY	Nguyễn Đăng Khoa	
614	0983279248	8I7RD7	đàm việt hưng	mrdamhlu1989@gmail.com
615	0944129998	YJIMED	dung	
616	0945260591	APR7PV	nguyễn thuý nga	ninahouse2019@gmail.com
618	0912473468	X6ELPV	Nguyễn thị hiền linh	hienlinh02@gmail.com
619	0968968385	ZRVDGJ	Nông Hải Âu	haiau.nong@gmail.com
620	097248999	8QK7F5	LÊ quang dieu	trunghuyenbon@gmail.com
621	0372697361	P320PB	Thảo	Maithaomch@gmail.com
622	0904111383	AYLH5A	Lê Vũ Hoà	vuhoa1382@gmail.com
623	0365800525	Z85477	Đỗ Thị Bích Ngọc	dobichngoc32@gmail.com
624	0867607787	4SYQIR	thanh mai	ninhhavananh@gmail.com
625	0363004987	S8I6XE	Bùi Thị Vân	vanbui010693@gmail.com
626	0989468555	BKVI7Y	Nguyễn Lê Bích Vy	phuongle2310@gmail.com
627	0912345885	FXM1YV	Nguyễn Nhật Minh	nhatminh26566789@gmail.com
628	0985340913	6BMH5Q	Anna	annth136@gmail.com
629	0904849491	ZCZIS9	Nguyễn Thị Quỳnh	quynhnt@egroup.com
630	0387394783	0B2N98	Phạm Thu Ngân	pngan26@gmail.com
631	0399945539	XJCNLF	Phạm Thị Thu Thảo	Thuthao16081993@gmail.com
632	0947089126	TI9NDZ	Vũ Thị Thu Thuỷ	thuyttv1189@gmail.com
633	0389957708	LM22YJ	Nguyễn Vân Anh	vananhnguyen.ftu@gmail.com
634	0987265556	YZCLID	Tony	
635	0987999737	1T0DZR	Hoang Thuy 	hoangthuy2205@gmail.com
636	09686189	KYR0Z1	Hải Anh	
637	0934020289	8A17H7	Su Kem	anne.vy221011@gmail.com
638	0902227022	SIXXKF	Nguyễn Ngọc Ánh	ngocanh.mdh@gmail.com
639	0936391770	NQIQGI	Ho anh tuyet	anhtuyet.ho77@gmail.com
640	0911189689	7JRXV3	Quỳnh Anh	dolan135@gmail.com
641	096921019	MAC8YL	Nguyễn Phương Thảo	
642	0983595969	RI6H4A	ngoc anh	
606	0979723890	EMI5AX	Chi	phuongchi23890@gmail.com
644	0943893897	EMI5AX	Chi	phuongchi23890@gmail.com
645	0365827346	AE5Y5S	LÊ NGỌC MINH AN	thuhuyen101095@gmail.com
646	0965202992	4Y0V64	Tống Gia Hân	camnhung041192@gmail.com
647	0972120030	EU17TD	Lê Hồng Ánh	lehonganh.ir@gmail.com
648	0965027587	QM24WE	Bùi Trí Hiếu	
649	0986151085	HQ9ZY5	Nguyễn Thị Thu Hương	
650	0985622861	12HHFS	Trần Kim Yến	trankimyenhnue@gmail.com
651	0974343020	Z6NBU0	nguyen ngoc trong	thanhnhan.nnpp@gmail.com
652	0866616931	IM3140	Hoàng Hải Phong	phong1088@gmail.com
653	0836869036	CZBB37	Đỗ Thu Hương	huongdt1089@gmail.com
654	0982274433	RZNP69	Nguyễn Thanh Hiền	hiennt3103@gmail.com
655	0982274433	YERVDS	Nguyễn Thanh Hiền	hiennt3103@gmail.com
643	0977722819	EVWRKJ	nguyễn huyển trang	trangnh0506@gmail.com
656	0372697361	MQLZ0F	thảo	Maithaomch@gmail.com
657	0986151085	JSP61Z	Nguyễn Thị Thu Hương	
658	0912148485	KTH4L3	Nguyễn Thị Phương Dung	nhat21684@gmail.com
660	0948875037	1VCUGE	nguyễn liên hương	lienhuong1902@gmail.com
661	0935281192	URT97U	lê thị trà my	ashlee.ftu@gmail.com
662	0869834888	HK8WNI	Ánh Vân	
663	0938016788	KUCVVH	lisa	
605	0938016788	9E3S20	lisa	
466	0349620343	71X41U	Nguyễn Diệu Hoa	hoadieunguyen172@gmail.com
664	0356082007	B7WT15	Ngọc Diệp	banguyenhnue@gmail.com
665	0357068301	TREXPD	Thảo	
666	0932472666	P5BDN3	nguyễn thị bích tuyền	bichtuyenchhx@gmail.com
667	0913332895	CKSGM7	Nguyen Quynh Chi	
668	0914398466	L8W609	tran Nguyen Ngoc Diem 	
669	0962240620	LK9D40	Sau	lexuanduc1987@gmail.com
670	0962240620	JBKDXJ	sau	lexuanduc1987@gmail.com
671	0902938888	PVEFEY	Phạm Thành Việt	luuthibochuyen@gmail.com
672	0949258833	4WQSW5	Thanh Van	
674	0385026909	WHA8H9	Phùng Ngọc Hà	phungngochasp@gmail.com
676	0933894369	BXZ83R	Nguyen Lien	
677	0908688498	X629SA	tu linh	
678	0906012739	ECX44R	Oanh	
679	0985362919	QKDS5D	Bùi Thị Thuý An	thuyanbui1234@gmail.com
594	0943893897	T9767D	nguyễn tuấn duy	
596	0917234321	5DJI4A	Bui Thi Thu Trang	
673	0849227666	ZPPY63	Phạm Thị Thúy Hạnh	
768	0902317818	4JAG96	Hiên	nganhien208@gmail.com
769	0326587766	I1YYJE	Nguyễn thị hương	bebibubam1236@gmail.com
659	0932622326	ZFDW9D	trần bích phương	phuongvian.llk@gmail.com
617	0914071825	1GSC18	ngoc	
675	0888499289	LHQRCX	tong khanh linh 	gnothnil@gmail.com
680	0936193788	UU2GZC	Nguyễn Thị Hương Quỳnh 	huongquynh6988@gmail.com
681	0989000694	3VXL7X	Trần Thị Hiền	tranmaihien94@gmail.com
682	0912776333	7M0DGY	dương Thị hiền 	Abc.hienduong@gmail.com
683	0965798101	E29P72	Trịnh Thanh Tâm	trinhthanhtam10012001@gmail.com
684	0974936545	97E8HF	Lê Thanh Hương	lethanhhuong278@gmail.com
498	0368531900	WL4JXE	Đinh Phương Thuý	phuongthuy.solart@gmail.com
686	0907659092	TEX85B	Trần Phước Hiền	binjay.4150@gmail.com
688	0869834888	TMY2I2	Ánh Vân	
689	0932773299	HKU5FF	cao thao van	
690	0898068373	AWMMG0	nguyễn thị hoàng linh	linhhoang15101992@gmail.com
691	0797065850	Y27DSN	Lê Triệu Dạ Hảo 	
692	0797065850	QYAVRB	Lê Triệu Dạ Hảo 	
693	0968930823	2DBP9W	đỗ lê trung	trungdole.guitar@gmail.com
694	0389930750	7VASHN	Hoang Bach	linh.nt5@mbageas.life
695	0911189689	X57FA3	Đỗ Thị lan	dolan135@gmail.com
696	0974892013	F3T7LF	Kim Liên	kimlien.luckyhp@gmail.com
697	0988184765	WMMKCF	Vũ Thị Thúy Hường	thuyhuongkn@gmail.com
698	0355361089	KDF410	Trần Như Phụng Hảo	teresaphunghao98@gmail.com
699	0975241889	HBJ2QD	Nguyễn Thu Thuỷ	
700	0470688886	PJLSWE	Tina	fishptl@yahoo.com
701	0934420090	HX7S6P	shu pha	
702	0908002997	C5AG3Y	Nguyễn Thị Duy An 	
703	0903230117	85D9YG	Ha Nguyen	
704	0824474747	CGD1IT	pham xuyen	
705	0352997799	FEA2W8	bích hụe	huettb@merbaby.vn
706	0942236798	ZAU0KU	Hà Thao Trường	vuhatruong@gmail.com
707	0945260591	1XFTFP	nguyễn thuý nga	ninahouse2019@gmail.com
708	0352997799	RWM6KH	bichhue	huettb@merbaby.vn
709	0966335607	TLWNXM	Bùi Thị Thơm	buithithom2005@gmail.com
710	0961454338	JHZEKR	Tuệ An	vandinh.architect@gmail.com
711	046732456	JHZEKR	An	
712	0357232556	NMRPW2	khánh huyền	
713	0982253112	AK8SP4	khổng nguyệt ánh	nguyetanh3112@gmail.com
714	0934481696	8EIUEJ	Tran Minh Anh Duong	hiennguyen23091990@gmail.com
715	0968378193	GEU8KD	nguyễn thị trang	trangnguyen241198@gmail.com
716	0358007256	JIKPZF	Phan Thị Thuỷ	pthuyccn4194@gmail.com
717	0989288187	JIKPZF	Phạm Thị Hồng	phamhong0516@gmail.com
718	0937009486	TZNUZ0	Trịnh Ý	
719	0903138260	TBRZXT	linh	
720	0972578913	CF9NHT	nguyễn thị mỹ châu	mychau7612@gmail.com
721	0906192996	RVR2ET	Phan Hà Vân	
722	0911238613	6BMH5Q	liu anna	
723	0912552955	114HQC	Phan Minh Đức	thuthuyvr@gmail.com
724	0911254158	GWGXX8	họ thanh thao	thaohothanhh@gmail.com
725	0941220090	5QYINM	Dứa	
727	0989611601	7AJRBA	Han Han	han9712@outlook.com
728	0912812724	ZJIEM6	Trần Văn Trung	d.nt@outloo.jp
729	0386983268	5HN1G6	Hoàng Yến Ánh Dương	Yendao266@gmail.com
730	0984225982	ILJ4PN	Khang Nguyen	trangminh195@gmail.com
731	0935432716	K964CF	hồ thị ngọc diệu	
732	0662358424	5QSTFC	Đinh Nhật Minh 	baongoc2492@gmail.com
733	0975916552	EEZ2KX	nguyễn thị thùy	phuongthuy280590@gmail.com
734	0986298094	Q1TG5N	Phúc Linh	ttphuclinh@gmail.com
735	0948918880	5HN1G6	ngô thị thanh hà	ngothithanhha89@gmail.com
736	0936114345	LFGRTV	nguyễn hiếu	nqhieu184@gmail.com
737	0986567381	9YLY2Y	Mira	lethuy188@gmail.com
738	0912902728	QFKSRQ	nguyễn thị hồng vân	vannhts@gmail.com
739	0903876185	SZC1HZ	Khang Huynh	
740	0904797617	YHHVX7	Nguyen Thi Tinh	tinhyeu2203@gmail.com
741	0346641475	I1YYJE	Tô Thị Bích Ngọc	tothibichngoc1011@gmai.com
742	0836366299	LFGRTV	Thủy Nguyễn	nguyenthuy23891@gmail.com
744	0986296739	83FW60	nguyen dam	
745	0352557737	IW5PXN	Hồ Thuỳ Vĩ Dạ	hothuyvida@gmail.com
746	0904488181	0UZTAV	Ngọc Hân 	
747	0983198706	S7RRR1	Tran Thu Giang	tgiangtran@gmail.com
748	0915653390	RSJ3L8	Ruby	locdohanu@gmail.com
750	0976475602	ZZAGTK	Nguyễn Văn Lộc	
749	0905516550	QF55V8	NGuyễn Thị Minh Tâm	minhtam1394@gmail.com
752	0977541503	J40TNC	Mai Khanh Hoa	khanhhoa611@gmail.com
753	0912990928	JJ72L7	Hải An	
754	0931139902	H9UJBZ	Bùi Thị Diệu Ninh 	ninhhntl@gmail.com
755	0986629484	XL7G76	Vũ Thị Thu Hằng	hayleyvu76@gmail.com
756	0903274535	YBLIQT	Nguyễn Thanh Nhài 	
757	0909982929	IQTCV5	Nguyễn Thị Hồng Thắm	hongtham.2014@yahoo.com
751	0359649892	UB3DZX	Hoàng Hảo Hiền	hoanghaohien@gmail.com
758	0796666551	LHQRCX	dao hai yen	
759	0397796198	NCUDMY	linh	anhathuylinh@gmail.com
760	0788355165	CF9NHT	Phùng Thị Thanh Ngân	mocmienkull105@gmail.com
761	0976448384	6R5A2M	Hồ Thị Phượng	phuongxinh0911@gmail.com
762	0904385388	YG91PG	che	dolanhuong.ftu@gmail.com
763	0919388628	CKSGM7	caci	
764	0919388628	VM9L5E	caci	
765	0984208945	3ZJDJX	Quỳnh Anh	nguyenngocloan1010@gmail.com
766	0919486266	7TKVWM	Nguyễn Thị Thu Lý	lynguyenthithuly@gmail.com
767	0352373898	C8NG01	Ha Thu	hathu.cremusic@gmail.com
743	0966702798	AERYVF	phan quỳnh lâm 	quynhlam216@gmail.com
687	0941978196	ACBXFP	ho ngoc	
726	0985538854	H2REG1	vũ Phương	vtphuong88@gmail.com
685	0907636890	LXFSVB	Hoàng Phúc Khang	dungnguyen.bu@gmail.com
770	0352203530	HGQPAW	Nguyễn tú Trinh	catanhnguyen2021@gmail.com
771	0354463858	HGQPAW	Nguyễn Anh Thư	nguyensutv43b@gmail.com
772	0369224618	AZS6UI	Thiên Kim	jenny.pham406@gmail.com
774	077919555	9JTZVA	Thúy hanh	huyhoangviet8x@gmail.com
775	0969579950	69PENT	Huong	
776	0979711767	2WQFNA	Đặng Thị Ánh Tuyết	dangthianhtuyet19@gmail.com
777	0931931366	06GCY7	Nguyễn Thuỵ Vy	thuyvy2410@gmail.com
778	0986755691	6CBIGI	Nguyễn Thị Thu Trang	trangtv2012@gmail.com
779	0356816452	RDFSET	Bùi Thị Hoa	hoaxun23@gmail.com
780	0374256257	B7IIYQ	holoan	hobichloan3@gmail.com
781	0986920220	FUXUBT	GCA	giangnh@capi.edu.vn
782	0982714694	I1YYJE	Đinh Quỳnh Chi	hien19940614@gmail.com
783	0982714694	AVTT28	Đinh Quỳnh Chi	hien19940614@gmail.com
784	0796666551	1VDX88	yen dao	berry.1106@gmail.com
785	0964765003	XV2IIY	Phan Thuý Hằng	phanthuyhang0811@gmail.com
786	0988465566	7QABD1	Lê Vĩnh Đạt	ledatbmtit@gmail.com
787	0353183948	U8D3H1	Bùi Hải Lý	Buihaily.8392@gmail.com
788	0763669292	VSVYJ7	Nguyễn Thị Mỹ Trang	nguyentrang2031992@gmail.com
789	0363926813	FGGUV5	Bùi Thị Nga 	ngabui.020296@gmail.com
790	0965639878	FUXUBT	Cao Thảo Loan	thaoloan1301@gmail.com
791	0934020125	CDHL5E	Chu Thị Minh Thư	bettychu20@gmail.com
792	0988662611	1R1H1Y	Phạm Thị Lan Hương	phamthilanhuong0613@gmail.com
793	0328893068	1R1H1Y	Vũ Thị Trang	trangvt23121993@gmail.com
794	0328893068	T76RPT	Vũ Thị Trang	trangvt23121993@gmail.com
795	0334936679	MG3S6K	Nguyen Van Duy	kieunhungoc.0212@gmail.com
796	0912776333	R8NK24	Dương Thị Hiền	Abc.hienduong@gmail.com
797	0936253996	6PW199	tra my	tramy.tlu@gmail.com
798	0979563543	5BD7T1	Phạm Vũ Thuỳ Anh	xupham1902@gmail.com
799	0971902698	Q26RSS	MINY	
800	0965798101	9KSEAT	Trịnh Thanh Tâm 	trinhthanhtam10012001@gmail.com
801	0988835419	9ZQBB1	Huyền	
802	0326587766	AVTT28	Nguyễn thị hương	bebibubam1236@gmail.com
803	0984629207	LJ4Y8L	Vũ Thị Hoa	tinhaocapk1@gmail.com
804	0989000694	GPXA0U	Trần Thị Hiền	tranmaihien94@gmail.com
805	0917381521	6PW199	Tran Thi Truyen	coidhv93@gmail.com
806	0983665709	J088JN	Lê Khánh Chi	mr.hieu300190@gmail.com
807	0973110066	D411W8	trần thị hồng xuyến	hongxuyen.music@gmail.com
808	0964791126	6PW199	Hương Trà	
810	0947242020	K20APT	đỗ kim phượng	phuongdk.dldv@gmail.com
812	0333306501	ECS4RH	Đinh kim phương	Trunguong98@gmail.com
813	0987833647	69C94G	Nguyễn Thị hường 	
814	0982995532	D411W8	Nguyễn Thị Trang Ngân	trangngan.cremusic@gmail.com
815	0374256257	3BPTG6	ho loan	
816	0387766187	G1ZQEG	Nguyễn Thị Thanh Ngân 	
817	0383112544	APZSUE	Đinh Linh	dinhbanglinh@gmail.com
818	0779493217	CF9NHT	Lê thương	thuong1829@gmail.com
819	0944908882	PT46VS	Nguyễn Huyền 	
820	0981785565	FX3TJT	Nguyễn  Thị Xim	ximnguyen1997@gmail.com
821	0978096922	87TTX9	vũ xuân tâm	vuxuantam304@gmail.com
809	0985539250	APQM1M	Lê Thị Duyên	
825	0964202035	EMG4ZV	Bùi Thị Minh Nguyệt	buithiminhnguyet1@gmail.com
826	0981785565	PC0QCR	nguyễn Thị Xim	ximnguyen1997@gmail.com
827	0948298618	4MF6B0	nguyen minh hoa	ng.minhoa@gmail.com
828	0975711302	MGP387	Nguyễn Ngọc Huyền Trang	trangnnh.hvnh@gmail.com
829	0986373974	5QU5B9	Mai Thị Trang	maitrang131119@gmail.com
830	0982231609	9U0V0Y	Evelyn Nguyen	ltn@ualberta.ca
831	0389056581	5PNMIX	Tami Doan	
833	0333103261	WIRY5L	trương huyền	thuhuyentq0409@gmail.com
823	0395189488	D8KB1A	Hồng	
834	0395189488	2R1UAV	Hồng	
835	0902060590	TI7Z58	Hà Anh Thư	thoaamnhac@gmail.com
837	0964064089	YJFKWJ	LÊ THỊ SƠN	lethison2911@gmail.com
838	0964757896	YJFKWJ	Nguyễn Thị Thanh Ngà	thanhnga.mn.93@gmail.com
839	0336647339	HKL0HS	Hoàng Thị Lệ 	hoangle010197hn@gmail.com
840	0985031869	DTB2PW	Ngân	Truongngan306@gmail.com
841	0383733766	DTB2PW	Vũ Như Ngọc	wisp711.hp@gmail.com
842	0366399018	GAS35E	Đỗ Thị Tâm	dothitamvphpu2@gmail.com
843	0963921987	FVPWZ9	Hoàng Liên	hoangliensp2@gmail.com
844	0395192225	FQBKNI	Nguyễn thị diễm my	diemmy090820@gmail.com
845	0948298618	45CC0K	nguyen minh hoa	
846	0962129819	8P1JR8	Nguyễn Thanh	thanhnguyen86nb@gmail.com
847	0945355674	8P1JR8	Đặng Thị Thanh	thanhthanh23595@gmail.com
849	0376652606	YTL25W	Tran Thi Thu Hien	hientran041093@gmail.com
850	0973584320	PM8VIF	Lê Thị Thu	thu75ipc@gmail.com
851	0372750848	VLPIBR	Lương Thị Bé	luongthibe7685@gmail.com
852	0975885977	W95V64	Nguyễn Thủy	thuynguyennb1987@gmail.com
853	0374860208	VLPIBR	Đàm Thị Minh	v.minhdt28@vinschool.edu.vn
854	0964064089	YD23Q6	LÊ THỊ SƠN	lethison2911@gmail.com
848	0971921992	VLPIBR	đinh thị quỳnh như	quynhnhu92vinschool@gmail.com.vn
773	0397894786	DDSMJQ	Bạch Thị Liên	bachlien202@gmail.com
832	0988923121	HJ8KZG	Hoàng Thị Mai Linh	mailinhhoang20@gmail.com
824	0913316699	9QLNM2	Nguyễn Ngọc Anh	ngocanhnguyen154@gmail.com
822	0327910772	1VJ4P0	đỗ hường	huongdo1508@gmail.com
836	0399797109	VSFL56	Nguyễn Thị Minh Huyền	minhhuyen.sphn@gmail.com
855	0358200861	ICL63N	Hà Thị Nhung	Nhunghit262@gmail.com
856	0986567381	DFMUNB	Lê Thủy	lethuy@gmail.com
857	0988090384	8K1EWU	Nguyễn Thị Thanh	nguyenthanhfashion@gmail.com
858	0382976185	1SLZK7	Bùi Thị Sao Mai	maisao296@gmail.com
859	0972206412	KLCGRN	NGÔ THỊ HỒNG NHUNG	ngohongnhung.nd@gmail.com
860	0979916327	RHQMXH	Hà Thị Điệp	hathidiep03041985@gmail.com
861	0354882293	ICL63N	Bùi Thị Ngần	thiennganbuon@gmail.com
862	0819854100	FQBKNI	Nguyễn Minh Thắng	bonggbongg28@gmail.com
863	0906173200	FQBKNI	Phạm Thị Thu Hà	hachung7883@gmail.com
864	0396886414	Y4C21H	Nguyễn Thị Minh Châu	v.chauntm2@vinschool.edu.vn
865	0972578913	7YWGWW	nguyễn thị mỹ châu	mychau7613@gmail.com
866	0966523419	6P1KGY	an	
867	0964757896	BP1ET0	Nguyễn Thị Thanh Ngà	thanhnga.mn.93@gmail.com
868	0372750848	IWDA60	Lương Thị Bé	luongthibe7685@gmail.com
869	0336647339	BP1ET0	Hoàng Thị Lệ 	hoangle010197hn@gmail.com
870	0982547492	KLCGRN	Đỗ Thị Hồng Ngọc	hongngocdt92@gmail.com
871	0979916327	J2C5WG	hà thị Điệp 	hadiepgvmn@gmail.com
872	0985171563	KLCGRN	HOÀNG THỊ NGÁT	congaihohoang15121997@gmail.com
873	0376978786	4MFX00	Nguyễn Thị Linh Chi	chilinh271299lc@gmail.com
874	0384844297	RHQMXH	Nguyễn Bảo Ngọc	ngocnguyen2851999@gmail.com
875	0384844297	J2C5WG	Nguyễn Bảo Ngọc	ngocnguyen2851999@gmail.com
876	0349436363	VLPIBR	Nguyễn Thị Thúy Phương	phuongnguyen120798@gmail.com
877	0349436363	ATB5SB	Nguyễn Thị Thúy Phương	phuongnguyen120798@gmail.com
878	0904721705	4MFX00	Phạm Thị Kim Oanh	phamkimoanh1312011@gmail.com
879	0962129829	0XAJLH	Nguyễn Thanh	thanhnguyen86nb@gmail.com
880	0819854100	R0U6MY	Nguyễn Minh Thắng	bonggbongg28@gmail.com
881	0974681149	VM4K3Z	Bùi Thị Bích Phượng 	phuongtai482511@gmail.com
882	0974681149	R2YCPA	Bùi Thị Bích Phượng 	phuongtai482511@gmail.com
884	0814681668	INFPM4	nguyễn thị thảo	chungtong2110@gmail.com
885	0386382877	8K1EWU	Đỗ Thị Oanh 	dothioanh095@gmail.com
886	0988090384	AVQ7FQ	Nguyễn Thị Thanh	nguyenthanhfashion@gmail.com
887	0981562856	FQBKNI	Đỗ Thị Hường	v.huongdt30@vinschool.edu.vn
888	0368990470	YJFKWJ	Thanh Hồng	nguyenthithanhhong583@gmail.com
889	0368990470	VN6YJC	Thanh Hồng	nguyenthithanhhong583@gmail.com
890	0982283230	SAP1LN	Sammy	nhotrang.hou@gmail.com
891	0982283230	RBW4YX	Sammy	nhotrang.hou@gmail.com
892	0367432178	U1HI4C	Khổng Thị Anh Đào	anhdao.97pt@gmail.com
893	0367432178	Y4C21H	Khổng Thị Anh Đào	anhdao.97pt@gmail.com
894	0977863328	U1HI4C	Lương Thị Lệ	luongthile183@gmail.com
895	0977863328	Y4C21H	Lương Thị Lệ	Luongthile183@gmail.com
896	0972206412	Y4C21H	NGÔ THỊ HỒNG NHUNG	ngohongnhung.nd@gmail.com
897	0969008498	IG2B8M	nguyên thị phương thảo	
898	0389665195	YJFKWJ	Cao Thị Bích Phượng	v.phuongctb2@vinschool.edu.vn
899	0376978786	9NW5TN	Nguyễn Thị Linh Chi	chilinh271299lc@gmail.com
901	0906173200	R0U6MY	phạm Thị Thu Hà	hachung7883@gmail.com
902	0969919694	144XF5	Nguyen Thi Thuy	nguyenthithuygdmn@gmail.con
903	0389665195	VN6YJC	Cao Thị Bích Phượng	v.phuongctb2@vinschool.edu.vn
905	0393283517	FX3TJT	Nguyễn Huế	nguyenhue.amss@gmail.com
906	0975394833	FX3TJT	Đỗ Thuỳ Linh	dothuylinh5194@gmail.com
907	0845029296	PC0QCR	Nguyễn Diệu Linh	banhbao0111@gmail.com
908	0393283517	PC0QCR	Nguyễn Huế	nguyenhue.amss@gmail.com
909	0358688811	PC0QCR	Trần Thị Nhật Lệ	suribong445@gmail.com
910	0975394833	PC0QCR	Đỗ Thuỳ Linh	dothuylinh5194@gmail.com
911	0358688811	FX3TJT	Trần Thị Nhật Lệ	suribong445@gmail.com
912	0932869805	KZBJ1R	Uyen Nguyen	natureflection@gmail.com
913	0932869805	Q0EMVY	Uyen Nguyen	natureflection@gmail.com
914	0961821492	PC0QCR	Nguyễn Thị Lan Hương	lanhuong13011998@gmail.com
915	0961821492	FX3TJT	Nguyễn Thị Lan Hương	lanhuong13011998@gmail.com
916	0969718487	HKL0HS	Nguyễn Hải Anh	haianhnguyen607@gmail.com
917	0969718487	BP1ET0	Nguyễn Hải Anh	haianhnguyen607@gmail.com
918	0374835075	PC0QCR	Đinh Thị Thuỳ Linh	linhpig1998@gmail.com
919	0374835075	FX3TJT	đinh thị thuỳ linh	linhpig1998@gmail.com
920	0388988837	VN6YJC	Nguyễn Thị Chứ	v.chunt@vinschool.edu.vn
921	0388988837	YJFKWJ	Nguyễn Thị Chứ	v.chunt@vinschool.edu.vn
922	0934671059	R88FMV	linh	thuylinhmac.1989@gmail.com
923	0934671059	CGFJ8U	linh	thuylinhmac.1989@gmail.com
924	0379574590	FVPWZ9	Trần Thương	
925	0888947191	12JC6H	thảo	Phuongthaohn91@gmail.com
883	0971921992	ATB5SB	đinh thị quynh như	quynhnhu92vinschool@gmail.com
926	0969296051	U1ENKI	Nguyễn Thị Diệu Thuỳ	Hoanglan886@gmail.com
927	0936007790	T785H4	quynh	cuhuongquynh@gmail.com
928	0967757203	YJFKWJ	Nguyễn Thị Nhật Lệ	
931	0335876856	LMYRRI	Đinh Thị Thuý	thuyb9291@gmail.com
932	0335876856	G5TLQN	Đinh Thị Thuý	thuyb9291@gmail.com
930	0912660625	R88FMV	duy	dinhduy24@gmail.com
929	0912660625	CGFJ8U	duy	dinhduy24@gmail.com
933	0904757459	KLCGRN	Nguyễn Thị Ngân	ngannguyenthu87@gmail.com
934	0984629207	3M6G0S	Vũ Thị Hoa	tinhaocapk1@gmail.com
900	0936007790	71Y4VQ	Cù Hương Quỳnh	Cuhuongquynh@gmail.com
904	0845029296	FX3TJT	nguyen dieu linh	banhbao0111@gmail.com
935	0969296051	Y4C21H	Nguyễn Thị Diệu Thuỳ	Hoanglan886@gmail.com
936	0938518110	AA0G5K	Bon Bon	lavendermaple118@gmail.com
937	0977099115	Y4C21H	Tạ Phương Mai 	phuongmaivs@gmail.com
938	0357125258	ZVQ39J	Phạm Thị Ngọc Anh 	phamngocanh2606@gmail.com
939	0967757203	0SRT44	Nguyễn Thị Nhật Lệ	
940	0977099115	U1ENKI	Tạ Phương Mai	phuongmaivs@gmail.com
941	0328018108	VN6YJC	Trần Khánh Hoà	hoatran720555@gmail.com
942	0972889658	PM8VIF	Bùi Mai Nhung	v.nhungbm1@vinschool.edu.vn
943	0357125258	VLPIBR	Phạm Thị Ngọc Anh 	phamngocanh2606@gmail.com
944	0968269631	6U015Z	Thuý	
945	0981562856	Y4C21H	ĐỖ THỊ HƯỜNG	v.huongdt30@vinschool.edu.vn
946	0968264146	6U015Z	Nguyễn Thanh Tâm	nguyenthithanhtam08101999@gmail.com
947	0329898326	6U015Z	Nguyễn Thu Hằng	hangrua279@gmail.com
948	0328018108	8P1JR8	Trần Khánh Hoà	hoatran720555@gmail.com
949	0963921987	9KWLSP	Hoàng Thị Liên	hoangliensp2@gmail.com
950	0913049698	W95V64	Mai Phương Thảo	Thaomai307@gmail.com
951	0982793694	W95V64	Nguyễn Thị Hồng Loan	hongloan170294@gmail.com
952	0354882293	Y4C21H	Bùi Thị Ngần	thiennganbuon@gmail.com
953	0389160085	C3G1DG	Nguyễn Thị Ng	phuongnga011985@gmail.com
954	0349757680	C3G1DG	Lê Thị Bích Việt	hanletuviet@gmail.com
955	0984359250	PM8VIF	nguyễn thị thanh hằng	hanghang4820@gmail.com
956	0354107184	AGL8DP	Vũ Ngọc Lan	Vungoclan1997hd@gmail.com
957	0386382877	AVQ7FQ	Đỗ Thị Oanh	dothioanh095@gmail.com
958	0379464107	SPGFJ5	Đỗ Thị Ngọc Ánh	anh1998hn@gmail.com
959	0349073029	DTB2PW	Trần Thanh Phương	phuongvinschool@gmail.com
960	0347316211	Z9K4N9	Nguyễn Thị Lan	nglan2909@gmail.com
961	0979010155	R88FMV	Đỗ Thị Kim Oanh	oanhtay85@gmail.com
962	0328973600	EWT4B8	Lê Thị Thuý Vui	thuyvuigdmn@gmail.com
963	0348229505	6U015Z	Hồ Thị Thu Mai	thumai20191@gmail.com
964	0349757680	Q26RSS	Lê Thị Bích Việt	hanletuviet@gmail.com
965	0979605129	R3TGS9	Hạ Thị Lan	halan0301@gmail.com
966	0866025079	6U015Z	Nguyễn Thị Ngọc Minh	ngocminhcdsptw@gmail.com
967	0389160085	Q26RSS	Nguyễn Thị Nga	phuongnga011985@gmail.com
968	0868365195	R3TGS9	Nemo A1	vuchamanh95@gmail.com
969	0972181088	47TSI0	Vũ Thị Hải	haivungke@gmail.com
970	0915500158	EWT4B8	Đàm Thị Huệ	damhue85@gmail.com
971	0973930988	47TSI0	Bùi Thị Dung	
972	0984829662	8K1EWU	Hoàng Thị Phương	hoangphuong4295@gmail.com
973	0335711348	F2UV5C	Phùng thị thuý nga	phungnga1357@gmail.com
974	0347662147	8K1EWU	Nguyễn Thị Kim Thu	kimthu94pt@gmail.com
975	097788656	47TSI0	Trương Thị Ngọc Lành	lanhttn1612@gmail.com
976	0399350798	47TSI0	Trần Thị Nga	ngatransuphammamnon@gmail.com
977	0963966639	M9LYYU	SamNguyen	misu1990.86@gmail.com
978	0978003040	47TSI0	Phạm Thúy Quỳnh	quynhvins80@gmail.com
979	0379464107	AVQ7FQ	Đỗ Thị Ngọc Ánh	anh1998hn@gmail.com
980	0969146282	47TSI0	Chu Thị Thu Hường	v.huongctt1@vinschool.edu.vn
981	0362506023	E9V4UA	Hà Thị Thu Hoài	thuhoai180895@gmail.com
982	0362506023	X79SEQ	Hà Thị Thu Hoài	thuhoai180895@gmail.com
983	0347662147	X79SEQ	Nguyễn Thị Kim Thu	kimthu94pt@gmail.com
984	0984829662	X79SEQ	Hoàng Thị Phương	hoangphuong4295@gmail.com
985	0763360130	YS3W4L	huỳnh xuân	huynhxuan.nt@gmail.com
986	0941940414	CQ11SY	Lê Thị Hồng Thái 	
987	0941940414	X2X24I	Lê Thị Hồng Thái 	
988	0386288285	M9LYYU	Trần Thị Luấn	luantt85@gmail.com
989	0349545151	P6KQJR	Nguyễn Thị Giang	nguyenthugiang221198@gmail.com
990	0983385671	CQ11SY	Bùi Hồng Nhung	buihongnhung23011992@gmail.com
991	0349545151	ZYTBD9	Nguyễn Thị Giang	Nguyenthugiang221198@gmail.com
992	0983385671	X2X24I	Bùi Hồng Nhung	buihongnhung23011992@gmail.com
993	012348950	4MBPVR	Minh	
994	094321066	YD23Q6	Minh	
995	0966524319	YD23Q6	hoang an	
996	0379574590	YD23Q6	Trần Thương	
997	0904721705	Y4C21H	Phạm Thị Kim Oanh	phamkimoanh1312011@gmail.com
998	0982547492	TU7QVC	Đỗ Thị Hồng Ngọc	hongngocdt92@gmail.com
999	0978536002	Q26RSS	vũ Đào	
1000	0397894786	Q26RSS	bạch thị liên	bachlien202@gmail.com
1001	0971772494	UR47UL	H	
1002	0984298622	UR47UL	VA	
1003	0971772494	Z9K4N9	H	
1004	0969507303	WP3V4B	Nguyen Van Anh	
1005	0987058656	M9LYYU	Trần Thị Minh Nguyệt	moonto290996@gmail.com
1006	0984298622	Z9K4N9	VA	
1007	0347316211	WP3V4B	Nguyễn Thị Lan	nglan2909@gmail.com
1008	0969505303	Z9K4N9	Nguyen Van Anh	
1009	0914534400	CG6BQT	phạm minh lương	luongpm92@gmail.com
1010	0987058656	UR47UL	Trần Thị Minh Nguyệt	moonto290996@gmail.com
1011	0345245778	M9LYYU	lê thuỷ tiên	lethuytien197@gmail.com
1012	0345245778	7D7Y84	lê thuỷ tiên	lethuytien197@gmail.com
1013	0985031869	89DC35	Ngan	
1014	0866146824	LPTRQL	nguyễn thị nga	nga.tn.dhnt@gmail.com
1016	0363883662	RDFSET	bùi thị chuyên	chuyenshiin@gmail.com
1017	0968221038	4FRIQ7	Phạm Nguyễn Bảo Quyên	quyenphamvcb@gmail.com
1018	0987211955	W95V64	Nguyễn Thị Hồi	nganhoi85@gmail.com
1015	0393932407	Z33R3A	Vũ Thị Thành	
1020	0399966088	84FXUP	Ngô Thị Thuỳ Dung	thuydunghnue.edu@gmail.com
1021	0901192753	FMEDDC	Chau Murphy	
1023	0352096894	YTL25W	quân	quanly093194@gmail.com
1024	0941941309	975H7X	Nguyệt Hà	
1025	0352333234	FX3TJT	Đỗ thuỳ Linh	banhbao1196@gmail.com
1029	0358960436	SR4TK8	Nguyễn Thị Mai Linh	
1030	0908553555	1DE9XU	Lê Diễm Hương	
1031	0358960436	CXV315	Nguyễn Thị Mai Linh	
1032	0909428112	NK16SY	lê hồng thuỳ	
1033	0973601114	FX73LW	Huyên Nguyễn	gianghuyen1130@gmail.com
1034	0936418900	975H7X	Ha	
1035	0909726006	8LKPCV	kim	
1036	0935940008	D4VDHY	Lê Thị Huyền Trâm	paris.nguyen.nguyen@gmail.com
1037	0968264146	4JXSQB	Nguyễn Minh Anh	nguyenthithanhtam08101999@gmail.com
1038	0769308363	CSS8I5	Đồng Khánh An	kyandong@gmail.com
1039	0977311821	Q37G0Y	Nguyễn Mộng Tiền	nmtien.05@gmail.com
1040	09835641	STZ8KC	Trần Minh Châu	tranminhchau91@gmail.com
1041	0932987019	LUIEVW	Sóc	huonghoalaa@gmail.com
1042	0336182468	84F7XX	trần thị Hương Giang	trangiang18@gmail.com
1044	0962721046	SKLWWA	Hằng Anh	daothuhang1210@gmail.com
1045	0937292321	ZAF04Z	Trương Vũ Thiên An	
1047	0937292321	LGAW2C	An Truong	
1048	0986373974	L6TNPM	Mai Thị Trang	maitrang131119@gmail.com
1049	0374379565	97E8HF	lương nhật hà	luongha071197@gmail.com
1050	0987939103	SPK9N1	Nguyễn thị Hải Oanh	haioanh10388@gmail.com
1051	0328587161	FX3TJT	Nguyễn Thị Cúc 	nguyencuc21091999@gmail.com
1052	0328587161	PC0QCR	Nguyễn Thị Cúc	nguyencuc21091999@gmail.com
1053	0989786785	GWGXX8	asdasda	anhtanhangxom111@gmail.com
1054	0978957800	UIJE14	nguyễn minh thuý	
1055	012931923	GWGXX8	tan	anhtanhsdna@gmail.com
1056	0603266281	1N2HDE	Ngô Linh	lingsinger88@gmail.com
1057	0983564191	STZ8KC	Trần Minh Châu	
1043	0964596699	KFKLLZ	n	
1058	0973631070	HUFZHI	Nguyễn Thị Thu Dung	thudung1305@gmail.com
1059	0900000001	VEP4RX	Hiền	
1060	0916606692	ZQ8JY3	Đặng Thị Phương Liên	phuongliendt84@gmail.com
1061	0916606692	8B7CRH	đặng thị phương liên	phuongliendt84@gmail.com
1064	0933910700	ELJFV7	Nguyễn thị thuỵ vi	
1027	0825458013	8I3ZQU	phạm thị minh tâm	ptamkhxh94@gmail.com
1028	0825458013	5E9GLZ	phạm thị minh tâm	ptamkhxh94@gmail.com
1065	0384361748	ZUAR24	doãn thị huyền	doanthihuyenpiano826@gmail.com
1066	0944681689	S41KH1	Phạm Phương Anh	
1067	0987267995	XTNP1M	Vu Hong Hanh	
1068	0162274376	225RX1	Nguyễn Lê Kim Ngân	toidaypiano@gmail.com
1069	0917539917	MBVWC9	Nguyễn Thu Hiền	nguyenthuhien.dhsp@gmail.com
1070	0915554955	265EFM	Tạ Thị Loan	tathiloan.215@gmail.com
1071	0915554955	YIWTHY	Tạ Thị Loan	tathiloan.215@gmail.com
1072	0902338583	D8VN2D	dang lan anh	lananh.dang2812@gmail.com
1073	0988515838	HH3Q6V	gia phú	
1074	0902202778	99CAG7	hà thị thắm	thamht01188@gmail.com
1075	0945755796	CGM85V	Trần Thị Ái Quyên	
1076	0965097255	HGQPAW	tran ngat	tranhongngatvk52@gmail.com
1077	0948405869	DWXFG4	Alicia Tran	
1078	0932221522	JKSVPI	Nguyen Phuong Anh	anh.np0103@gmail.com
1080	0368564996	V3N32F	nguyễn thị hiển	hien_0503862008@yahoo.com
1081	0915632466	SC99FZ	Vũ Thị Quỳnh Trang	trang.quynhvu@gmail.com
1082	0985552815	W3AVPI	Nguyễn Thị Việt Anh	banglangtim.dhsptn08@gmail.com
1083	0965558186	VP6LMI	Vũ Thanh Giang	tramylt3012@gmail.com
1084	0986834842	3N5M14	thanh	thanhnt.177@gmail.com
1085	0393288642	QTHV2F	Phan Thị Linh	
1086	0369288642	RSHCAC	phan Thị Linh	
1087	0346247858	AQL8YW	Nguyễn thị Phương Thanh	nguyenthiphuongthanh0896@gmail.com
1088	0399853790	P0GBX7	Smiling Fingers	ngothanhhoai.9598@gmail.com
1089	0399853790	LIQRLL	Smiling Fingers	ngothanhhoai.9598@gmail.com
1090	0987920042	XX92VD	Phạm Hiền	congchuahanhphuc.91@gmail.com
1091	0842240100	LIQRLL	Phan Thị Thanh Thúy	thuymeophan@gmail.com
1092	0974445647	P51KKV	Nguyễn Hoàng Hải Phúc	haiphuc.23@gmail.com
1093	0395094349	P0GBX7	Lê Thị Tú	tule301099@gmail.com
1094	0395094349	PWCAP0	Lê Thị Tú	tule301099@gmail.com
1095	0937970768	CKPDD9	Smiling Fingers	smilingfingers_tp@sfmis.edu.vn
1096	0937970768	PWCAP0	Smiling Fingers	smilingfingers_tp@sfmis.edu.vn
1097	0975417653	8YL9WD	Lê Nguyễn Sơn Tuyền 	lenguyensontuyen1998@gmail.com
1098	0973562790	9VZ97W	Nguyễn thu Phương	missphuong0403@gmail.com
1099	0981993890	YD82ES	Bùi thị trang	trangbui1211@gmail.com
1100	0899778896	3K0M2D	tigon	hovietartis@gmail.com
1101	0899778896	WJ1W95	Tigon	hovietartis@gmail.com
1102	0354751912	8YL9WD	huynh thi hoang oanh 	huynhthihoangoanh98@gmail.con
1026	0352333234	PC0QCR	nguyen dieu linh	banhbao0111@gmail.com
1062	0912410666	E4KK6C	Vinh Hương	dtvhuong1981@gmai.com
1063	0912410666	E0BW3G	Vinh Hương	dtvh1981@gmail.com
1022	0399797109	VWRHXH	Nguyen Thi Minh Huyen	Minhhuyen.sphn@gmail.com
1103	0375381177	WRYUDM	Trinh Nga	ngatcdn51b@gmail.com
1104	0976111658	FLP8SK	nguyễn thanh huyền	ms.nguyen273@gmail.com
1105	0912672106	NFPHC7	Ân	tenantinh@gmail.com
1106	0899634604	WNVWSA	Đàm Nhất Minh	bonkhaiphuc@gmail.com
1107	0909564044	SIVKKJ	nguyễn minh đăng	minhdangdt@gmail.com
1108	0912473468	RXFAG3	thanh ngân	
1109	0965639878	R0NDI2	Cao Thảo Loan	thaoloan1301@gmail.com
1110	0387197529	HGQPAW	lê trâm anh	tramanh19998@gmail.com
1111	0971895895	JRM6NW	Nguyễn thuỳ linh	thuylinhnguyen.lkd@gmail.com
1112	0964518677	L4SEHL	Thuy	
1114	0979965250	GWGXX8	Nguyễn Thị Hải Ngọc	ngocsu.94@gmail.com
1115	0988530295	VCB82S	Trần Thị Dịu	tranthidiu1908@gmail.com
1116	0969149918	DYIBEF	Nhật Lệ	daylaemailcuanhatle@gmail.com
1117	0969149918	D7KWTT	Nhật Lệ	daylaemailcuanhatle@gmail.com
1118	0972850618	4CLGTN	Hoàng Trang	
1119	0979969819	545TFU	Phạm Thị Linh	giahung301@gmail.com
1120	0979969819	CGRA40	Phạm Thị Linh	giahung301@gmail.com
1121	0902043655	PC0QCR	thuý đạt	datjqt2@gmail.com
1123	0338067357	11ILJ3	Nhi	tuyetnhinguyen9898@gmail.com
1124	0978791499	0LZ0QD	Luis Bui	tamngoc95@gmail.com
1125	0901002606	XYRUFN	Đinh Mẫn Nhi	tamtrang2901@gmail.com
1126	0933456568	8TU7T7	Nhạn Võ	hongnhan.ck@gmail.com
1127	0933456568	NFVYAI	Nhạn Võ	hongnhan.ck@gmail.com
1128	0937101891	6U3FHX	huong	
1129	0965845786	DHBKWZ	Trần Thủy Bình	trungtamconhocgioi@gmail.com
1131	0965845786	R5GS5S	Trần Thủy Bình	trungtamconhocgioi@gmail.com
1132	0934795518	YK0VN9	Nguyen Thi Sao Mai	saomai.nguyen1010@gmail.com
1133	0862773293	DJGYWQ	Trịnh Thị Khánh	trinhkhanh0609@gmail.com
1134	0913849073	LVH8YY	Kareem Calovic	tyaraau@gmail.com
1135	0914495534	Z03GFB	Truong Huong	Huongtt41@gmail.com
1136	0941247889	BJ9WZD	Vũ Thị Vui	vtv2061987@gmail.com
1138	0938048190	SIVKKJ	Hà Lê	
1139	0793469860	GEU8KD	Nguyễn Thị Hoa Loan	nguyenthihoaloan2000@gmail.com
1140	0966865301	GEU8KD	Nguyễn Thị Diễm Quỳnh	diemquynhnguyen21098@gmail.com
1141	0977153925	BHHQA5	Nguyễn Thanh Tùng	
1142	0913849073	90VSX3	KAREEM CALOVIC	tyaraau@gmail.com
1143	0931434788	9K4Q57	nguyen ngoc anh	hnchoi1@gmail.com
1144	0967460530	82I443	phan hoa 	phan.hoa.fr@gmail.com
1145	0962546658	77QKT3	Bui Thi Ha	habui.bth@gmail.com
1146	0967460530	3AIFN5	hoa phan 	
1147	0702559996	AMNQIB	Lê Khải An	
1148	0979706587	Q8JRWI	Tran Phuong Thao	tranphuongthao6587@gmail.com
1149	0902035110	UU587Q	Phạm Mỹ Dung	Meowww1503@gmail.com
1150	0902035110	0BRGW6	Phạm Mỹ Dung	Meowww1503@gmail.com
1151	0336625013	HM51ZC	lê phương chinh	phuongchinhhnue@gmail.com
1113	0964596699	M9RKYU	Loan	
1153	0332080909	I12VAR	đỗ thị hoà	dothihoa110298@gmail.com
1154	0332080909	97E8HF	đỗ thị hoà	dothihoa110298@gmail.com
1155	0688961038	82I443	phan hoa	
1156	0984970677	XX4BVP	Lê Thanh Quý	newlife181217@gmail.com
1157	0943394393	MW7PNV	phạm thị song uyên	phamsonguyen218@gmail.com
1158	0397486604	05UHD6	Nguyễn Thị Ngọc Hậu	hautnn@gmail.com
1152	0866204279	KFKLLZ	Nguyễn Thị Ngọc Loan	mnngoisaonho@gmail.com
1159	0917102789	FXILV0	Minh Phuong	tbaohanh@gmail.com
1160	0973527515	GAFV5R	thanh	thanh2188@gmail.com
1161	0915146866	XW0YZJ	Khả Ánh 	jaylinnkhaanh@gmail.com
1162	0906219632	LPLJJE	nguyễn thị phương thảo	
1163	0969918689	9AU2B1	Lê Hương Giang	
1164	0866264279	M9RKYU	nguyen ngoc loan	mnngoisaonho.gl@gmail.com
1165	0866264279	KFKLLZ	nguyen ngoc loan	mnngoisaonho.gl@gmail.com
1166	0344905078	WRYUDM	Nguyễn Khánh Huyền	khanhhuyen96.neu@gmail.com
1130	0334520353	AEZCJW	nguyễn thị kim thoa	mamnonmonkids241119@gmail.com
1167	0334520353	V14KXA	nguyễn thị kim thoa	mamnonmonkids241119@gmail.com
1168	0948453444	LKDSJH	Phan Thị Thuỷ 	phanthuy@iop.vast.vn
1169	0948453444	JQMDY8	Phan Thị Thuỷ 	phanthuy@iop.vast.vn
1170	0988501565	XT1SSQ	Trần Ngọc Mai Thảo	tranngocmaithao0711@gmail.com
1171	0346255858	JA3M20	Vũ Thị Vân Anh	vananhvtussh@gmail.com
1172	0982995881	B8D3YN	Nguyễn Thị Ngọc Lan	
1173	0379636898	YDU2QI	Đinh Thị Hiền	dinhhien.491@gmail.com
1174	0963142508	HGQPAW	hoàng tuyết mai	hoangtuyetmai1508@gmail.com
1175	0946613999	XYCJ86	lê hà my	
1176	0912622750	MKLFDN	Ngoc Huynh	2hngoc@gmail.com
1177	0912622750	3NU6PN	Ngoc Huynh	2hngoc@gmail.com
1178	0938977226	2NEFPA	Nguyễn thị Hồng thắm 	candy.hongtham@gmail.com
1179	0985126294	13XW0R	Trần Thị Trà Giang	trantragiangk63a@gmail.com
1180	0973516235	09WILH	nguyễn thu thuỷ	nguyenthuthuy.nyo@gmail.com
1181	0775353250	L3UU0V	Hoàng Ngọc Chiến	hoangnchien.hust@gmail.com
1182	0366269624	L3UU0V	Bảo Trâm	
1183	0333497401	KFKLLZ	Trần thị thương	tranthithuonggl12345@gmail.com
1184	0367086806	KFKLLZ	Lê Thị Hồng Thắng	lehongthang2603@gmail.com
1137	0941247889	2Q30FF	Vũ Thị Vui	vtv2061987@gmail.com
1122	0866204279	M9RKYU	Nguyễn Thị Ngọc Loan	mnngoisaonho@gmail.com
1185	0949903693	6PE01U	nguyễn minh quân	vanhuy0392@gmail.com
1186	0917983788	577WY1	lê nhật bảo anh	lenhatbaoanh0798@gmail.com
1187	0968172056	FSXNMR	vũ thị yến huệ	vuthiyenhue@gmail.com
1188	0386664081	JCXMVY	nguyễn Bích ngọc	nbngoc.mrngo@gmail.com
1190	0909882986	7KC4L9	huỳnh mỹ huê	
1191	0962554872	VEQKFH	Mai thư	Maithu19031998@gmail.com
1192	0389490607	5PNMIX	Ly Nguyễn	lynguyennn3304@gmail.com
1193	0898392578	M9RKYU	Trần Ngọc thiên trang	
1194	0886995486	KTH4L3	VINH	vinhptt.2112@gmail.com
1195	0978657600	P9NZ7C	Nguyen Trong Duong	trongduongssc@Gmail.com
1196	0966626865	C20J2B	Nguyen Camila	
1197	0942914834	KJE4JD	Ngọc Thị Thu Hằng	ngochang2807@gmail.com
1198	0942914834	Z103TJ	Ngọc Thị Thu Hằng	ngochang2807@gmail.com
1199	0976917147	NX8C5T	nguyễn thu giang	nguyenthugiang11081997@gmail.com
1200	0918788283	8GMVL0	Trần Ngọc Như	shopngocnhu@gmail.com
1201	0971968597	XJSTUB	jin	
1203	0408379379	DKC48U	daisy	quinnie2202@gmail.com
1204	0356519704	4N2LKL	Trịnh Thu Huế	thuhuetrinh275@gmail.com
1205	0915553350	WRYUDM	tuan anh	
1206	0392870958	M9RKYU	nguyễn thảo	nguyenmaiphuongfhao42@gmail.com
1207	0362870958	KFKLLZ	nguyễn thảo	nguyenmaiphuongthao42@gmail.com
1208	0452497678	PSCIV7	Le Minh Ngoc	ngoc451984@yahoo.com
1209	0772444122	KFKLLZ	đặng thị hồng phấn	hongphan07071997@gmail.com
1210	0772444122	M9RKYU	đặng thị hồng phấn	hongphan07071997@gmail.com
1211	0972578564	PGGY8N	Nguyễn Thị Diễm Nay	nguyennay03@gmail.com
1019	0975651362	5Z19D1	Nguyễn Thị Nhã	
1212	0989830662	LMYRRI	hà my	
1213	0971805599	IJCCSJ	phi	
1214	0898392578	KFKLLZ	Trần Ngọc thiên trang	
1215	0769386722	JYT43H	Trương Bảo Ngọc	
1216	0387197529	RDFSET	lê trâm anh	tramanh19998@gmail.com
1220	0932773299	WYLC8M	cao thảo vân	
1221	0769386722	679XD5	Trương Bảo Ngọc	tbngoc.iuswt@gmail.com
1253	0356399080	AW536D	Trần Lê Ái Hiền	aihienspdn96@gmail.com
1222	0582128895	RWM6KH	thu hà	damphamthuha95@gmail.com
1189	0393488637	UDG8Z8	Lan Anh	lelananh1503@gmail.com
1223	0983319566	PPVCXM	Nguyễn Thị Thanh Bình 	binhntt.mgmna@gmail.com
1224	0905939108	BMGSLP	Nguyễn Thị Nương 	nuongnt@truongxanh.edu.vn
1225	0988619219	WRYUDM	Huỳnh Văn Nam Long	huynhvannamlong@gmail.com
1226	0947188519	6KNKX8	Đoàn Xuân Nguyên	nguyenhavinhtri@gmail.com
1227	0947188519	N8118F	Đoàn Xuân Nguyên	nguyenhavinhtri@gmail.com
1231	0908568095	KFKLLZ	Mỹ hằng	myhang483@gmail.com
1232	0908568095	M9RKYU	Mỹ Hằng 	myhang483@gmail.com
1233	0768977999	2DBP9W	Trịnh Nguyễn Nam Anh	huyenbebe2708@gmail.com
1234	0989288187	MMYRHU	phạm thị hồng	phamhong0516@gmail.com
1235	0984466151	75W5VB	Phạm Thanh Xuân	
1237	0945102546	5YVR5K	Liam	giangdinh14289@gmail.com
1238	0347610663	BUTSEC	Lại Mỹ Linh	linhlorie@gmail.com
1254	0356399080	VCB82S	Trần Lê Ái Hiền	aihienspdn96@gmail.com
1240	0939224486	SKUBTS	Nông Thuý Vân	thangvan8091@gmail.com
811	0335896944	FC71NE	vũ thị tuyết nhung	Nhungvutuyet47@gmail.com
1241	0367086806	M9RKYU	Lê Thị Hồng Thắng	lehongthang2603@gmail.com
1242	0976944856	50A6RQ	Nguyễn Thị Thu Thủy	
1255	0969693706	P2ZGK2	Đinh Thị Thu Quỳnh	thuauynh.ivy@gmail.com
1256	0986819689	N2I7P2	Lê Lan Anh	
1257	0986819689	YWP502	Lê Lan Anh	
1243	0969314198	R6X3NB	ngô thị lan hương	ngothilanhuong911@gmail.com
1244	0981221001	DDSMJQ	nguyễn lệ thu	
1245	0922025668	7VWNUN	nguyễn thị diệu mơ	dieumodp@gmail.com
1246	0985837894	7I2XB3	ngô thị hoa	quynhhoa.hn18@gmail.com
1228	0352377722	KFKLLZ	Hồ Thị Mỹ Quyền	hothimyquyen98@gmail.com
1247	0399061993	2VWMIT	Huong Nyn	huongntt1102@gmail.com
1236	0985837894	JZWZGP	Ngô Thị Hoa	
1248	0964181158	YWL7W6	Bùi Thị Huyền	
1249	0947029589	Y5ZNBN	do thuy anh	dothuyanh89@gmail.com
1252	0937101891	Y72GZU	pham huong	
1258	0977852743	AVD7VL	cún	ngocanh235@gmail.com
1259	0988779210	U49XH0	Nguyễn Kim Trâm	kimtram.nguyen@gmail.com
1260	0336029697	Y6D9YE	THƯ	tudolacthu97@gmail.com
1261	0934597889	WRYUDM	Ha Thu	tranthiha.101092@gmail.com
1262	097145008	SBDZCE	Lưu Thu Hà	
1263	0974849539	KPIFX4	đào thị kim yến	tinhyeuhanhphuc8780@gmail.com
1264	0974849539	MF8VFF	đào thị kim yến	tinhyeuhanhphuc8780@gmail.com
1229	0352377722	M9RKYU	Hồ Thị Mỹ Quyền	hothimyquyen98@gmail.com
1265	0367702894	WRYUDM	nguyễn Thị Hồng 	hongnguyen7613@gmail.com
1266	0939841700	IN8CBM	Dori	qaz131194@gmail.com
1267	0404999639	PFX5DZ	LÊ THỊ MỸ PHỤNG 	thimyphungle@gmail.com
1268	0974939254	MSLM3K	lythikieuchau	chau11600@gmail.con
1250	0387422439	KPIFX4	Nguyễn Thị Nhàn	nghinhan@gmail.com
1269	0985837890	KZG8FV	Ngô thị hoa	Quynhhoa.hn18@gmail.com
1270	0972675322	IPS50B	nguyễn thị vân	
1230	0985837894	KZG8FV	Ngô thị hoa	
1271	0965245046	LB1NX1	húa thị kim chi	huathikimchi14595@gmail.com
1202	0982308278	WRYUDM	tiem sach u oa	
1251	0387422439	MF8VFF	Nguyễn Thị Nhàn	
1272	0986313869	73DECM	nguyen thi phuong mai	nguyenphuongmai.mnbm@gmail.com
1273	0965245046	6NYRKA	Hứa Thị Kim Chi	huathikimchi14595@gmail.com
1274	0379901839	EIHY7M	Trương Thị Trang	truongtrang261020@gmail.com
1275	038742239	KPIFX4	Nguyễn thị nhàn	nhannghi@gmail.com
1276	0963293632	NYZBK9	Nguyễn Thị Thúy	thuynt.nd93@gmail.com
1277	0865703175	PY57U8	Đỗ Thị Thu Huyền	dohuyen5597@gmail.com
1278	0936262968	G84CCV	Nguyen Thuy Lien	Liennt1985@gmail.com
1280	0834611992	KKV1M3	Trương thị hải yến	truongthihaiyen0210@gmail.com
1281	0963293632	4DSXA0	Nguyễn Thị Thúy	thuynt.nd93@gmail.com
1282	0936265968	RNEMF0	nguyen thuỳ liên	Liennt1985@gmail.com
1283	0853211106	DT0YVE	ngoc	
1284	0332189096	PY57U8	phạm thị hoà 	
1285	0834611992	3MKP8V	Trương thị hải yến	truongthihaiyen0210@gmail.com
1286	0969178593	SJMCGF	lưu thị thanh thuý	
1288	0989888508	V4SZ16	phạm thu thảo	missteen.hl@gmail.com
1289	0889379333	K6962U	Phạm Thị Thảo	thaopham2901@gmail.com
1290	0392599539	PY57U8	Bích Phượng 	phuongle2489@gmail.com
1291	0941408135	I0C79X	Lê Thị Khánh Ly	khanhly.socialworker@gmail.com
1292	0965859586	HC3IKZ	Trần Thị Mai	khongmai125@gmail.com
1293	0977549678	MTNFR8	Do Hanh	dohanh2604@gmail.com
1294	0983182610	MSLM3K	phạm thị thuy vi	thuyvi096@gmail.com
1295	0377093527	MSLM3K	Nguyễn Thị Minh Nghĩa	nghianguyen.231092@gmail.com
1296	0384349996	UI24Z1	bùi thị thu hoài	buihoai191119996@gmail.com
1297	0939224486	Y1TKG4	nông thuý vân	thangvan8091@gmail.com
1298	0979558332	U0DS9P	Đỗ Thị Tâm	
1299	0965859586	ZG7ZCM	TRAN THI MAI	khongmai125@gmail.com
1300	0326089111	LJ5XAH	Mickey	ntramnguyen98@gmail.com
1301	0912345678	5KHVSJ	Cam	
1302	0964634819	N4AL8E	Nguyễn Thị Diệu Linh	dieulinhhanic@gmail.com
1303	0326089111	8ER3LG	Mickey	ntramnguyen98@gmail.com
1304	0343207516	LMHPUU	Phạm Xuân Ngân 	
1305	0343207516	5SEHWL	Phạm Xuân Ngân 	
1306	0384349996	77KCWX	bui thi thu hoai	buihoai1911@gmail.com
1307	0947529288	BC8ABA	Trịnh Hà Lê	letrinhha@gmail.com
1308	0962493111	VYQU9A	Nguyễn Thanh Trang	nguyenthanhtrang111192@gmail.com
1309	0912517092	ZFWLLK	trần thanh bình	tranthanhbinh1292@gmail.com
1310	0989888508	630BWX	pham thu thao	Missteen.hl@gmail.com
1311	0986921766	6XL4MT	Hoàng Quốc Triệu	trieuhq1001@gmail.com
1312	0976434460	LG3J25	Hoàng Quốc Triệu	trieuhq1001@gmail.com
1313	0888347167	K92L3I	Tuong Anh	tuonganh.pn@gmail.com
1314	0976163002	5FZBV3	MAI AN	thuyan.ajc@gmail.com
1315	0976163002	5BD1K1	Mai An	thuyan.ajc@gmail.com
1316	0356879536	TMARSU	tran thi my nga	mynga0990@gmail.com
1319	0982991835	V2ZW6E	Thu Do	thudothkt9b@gmail.com
1320	09682631	1SLZK7	Thuý	
1321	0912329242	QVM5BF	Tra Chanh	
1323	0413828993	LYWM2G	Phạm Bích Phương 	phambichphuong2511@gmail.com
1324	0904800894	7QX1GN	Đặng Yên	dangyen0611@gmail.com
1325	0335502556	0JGER2	THÚY NGA	thuynga301131@gmail.com
1326	0932547243	ENLT53	Trần Thị Huỳnh Mai	tthm92@gmail.com
1327	0977450568	98EXFE	Nguyễn Thị Thanh Quý 	nt.thanhquy@gmail.com
1328	0946027567	MS2CK7	Nguyễn Phương Nguyên	nhikitty@gmail.com
1329	0481309686	4BCDIX	Nguyễn Lê Yến Minh	Minh.nly1985@gmail.com
1330	0941912454	9VFXVW	Chu Minh Anh	tr.thanhhoa@gmail.com
1331	0941912454	T5QB7M	Chu Minh Anh	tr.thanhhoa@gmail.com
1332	0949550399	GWGXX8	ho thanh thao	bint@gmail.com
1333	0941255158	GWGXX8	Pham Lien	bin@gmail.com
1334	0906693121	42XAMP	ho kim ngan	
1335	0379715535	KTREL0	tu thanh hien	
1336	0354491188	KTREL0	tu thanh hien	
1338	0689888508	630BWX	phạm thu thảo	missteen.hl@gmail.com
1339	0966753086	HDN96M	NT Diệu Linh	linhntd057@gmail.com
1340	0946283968	SE8TJ9	Vũ Ngọc Trâm	
1341	0904800894	L38VIM	Đặng Yên	dangyen0611@gmail.com
1342	0389401803	WRYUDM	ngoc	bichngoc.ninh11@gmail.com
1345	0978921194	I9AR4R	Vũ Đức Hạnh Thảo	thaovdh@gmail.com
1346	0779549898	VSVYJ7	Nguyễn Thị Mỹ Trang	
1347	0393097997	HWKVBH	Nguyễn Thị Vân Anh	vananhsuky@gmail.com
1349	0988129148	BFTVYU	Trương Hương	huongdau0415@gmail.com
1350	0988129148	W7ZEWX	trương hương	huongdau0415@gmail.com
1351	0942136504	ZGDRUV	Thanh Huyền	ttthuyen298@gmail.com
1352	0988083636	2N7CKG	Trần Tiến	ngocpro3230@yahoo.com.vn
1353	0151188755	9NWICT	Quynh Van Khuc	
1354	0762294538	NG9FDR	Nguyễn Đàm Diệu Linh	
1355	0481381663	494IVM	thu nguyen	thuanhnguyen944@gmail.com
1356	0379636898	4D5C64	Dinh Thi Hien	dinhhien.491@gmail.com
1317	0915146367	8GS2PS	Tạ Quang Minh	trangnhungvbsp@gmail.com
1318	0915146367	VDY26D	Tạ Quang Minh	trangnhungvbsp@gmail.com
1357	0338067357	G92P76	Nguyễn Bảo Tuyết Nhi	tuyetnhinguyen9898@gmail.com
1358	0905287688	WC8UL5	Hoang Linh	hothihoanglinh.gl@gmail.com
1359	0977576506	C1JDQZ	rose	bthquynh@gmail.com
1360	0971279396	23GI7K	Nguyen Phuong Thao	thaoxynh6996@gmail.com
1361	0982062575	FF7690	Hồ Thị Ty	bhvmhv1509@gmail.com
1344	0963507543	TF4RZX	Tina	n.coi95@gmail.com
1343	0935841555	57WZRB	Bin	
1362	0982062575	R8FXZR	Hồ Thị Ty	bhvmhv1509@gmail.com
1363	0929393056	FF7690	Nguyễn Thị Yến Nhi	nguyenthiyennhi08tc7.1@gmail.com
1364	0929393056	R8FXZR	Nguyễn Thị Yến Nhi	nguyenthiyennhi08tc7.1@gmail.com
1365	0353246472	FF7690	Võ Thuỷ Trang	
1366	0965467942	FF7690	Trần Thị Thu Hường	thuhuong17smn@gmail.com
1367	0353246472	R8FXZR	Võ Thuỷ Trang	
1368	0965467942	R8FXZR	Trần Thị Thu Hường	thuhuong17smn@gmail.com
1369	0905586231	FF7690	Trần Thị Dương	Tranduong7853@gmail.com
1370	0369328160	FF7690	Đoàn Thị Lài	Doanthilai5@gmail.com
1371	0905586231	R8FXZR	Trần Thị Dương	Tranduong7853@gmail.com
1372	0948451515	BZA6YX	van	ocso.1107@gmail.com
1374	0936084482	DHMAP3	vũ Xuân toàn 	khanhmybg1988@gmail.com
1375	0366123271	TQWCG6	hoàng thị ngân	
1376	0986216893	ABRGMP	Nguyễn Kiều Anh	homthuchung_1992@gmail.com
1377	0979422812	R8FXZR	Trần thị Lan 	tranlansmart@gmail.com
1378	0979422812	FF7690	Trần thị Lan 	littlesky.dn@gmail.com
1379	0845969692	PC0QCR	lê quang trường	lykpe1996@gmail.com
1380	0845969692	FX3TJT	lê quang trường	lykpe1996@gmail.com
1381	0986313869	NHU9SF	nguyễn thị phương mai	nguyenphuongmai.mnbm@gmail.com
1382	0905796579	XYXW91	trần ngọc thuỳ trang	trangtran24592@gmail.com
1383	0353405797	P1S150	lainhumai	lainhumai1306@gmail.com
1384	0393558850	X3Y3SU	Nguyễn Thị Hương Quỳnh	quynh.ulis8@gmail.con
1385	0335759464	IPG1HH	trịnh văn minh	mytv37@gmail.com
1386	0389689259	E8Q7EE	Bùi Thị Lan Anh	lananhbui2013@gmail.com
1387	0362030883	MM1HZF	Nguyen Thi Hai Yen	haiyen15100709@gmail.con
1388	0767488794	7YWGWW	Lê Thị Như Ts	nhuyamone10@gmail.com
1389	0374958890	7YWGWW	Huỳnh thị Mỹ hiền	hien4489@donga.edu.vn
1390	0902786687	SXU6GS	nguyễn thị vân anh	armonbb@gmail.com
1391	0968688498	JZWZGP	Trần Thị Thảo	hueminhbinh@gmail.com
1392	0982882077	D45W34	Hà Thu Thuỷ	thuyha309@gmail.com
1393	0982882077	ZTAABF	Hà Thu Thuỷ	thuyha309@gmail.com
1394	0964370156	VMX61W	nguyen phuong thao	
1395	0962207194	VMX61W	Trần thu hiền 	
1396	0986069083	VMX61W	luong thu thao	
1397	0938634693	VCB82S	Lương Thị Hưng	
1398	0344190104	5QYINM	Nguyễn Tài Hoàng Anh 	Nguyentaihoanganh09@gmail.com
1399	0000000000	A1QCKU	Vo Thi Tam	tamngoc95@gmail.com
1400	0916436188	XTQYX7	Nguyễn Diệu Thuỷ	dieuthuynguyen510@gmail.com
1401	0393097997	NNWMXA	Nguyễn Thị Vân anh 	vananhsuky@gmail.com
1402	0382071305	E7CNTQ	Thu Thuy	thuthuyfunny@gmail.com
1403	0376779559	R8FXZR	phạm thị thuỷ	phamthithuy060290@gmail.com
1404	0376779559	FF7690	phạm thị thuỷ	phamthithuy060290@gmail.com
1405	0988871161	R88FMV	Lê Hồng	v.hongltt1@vinschool.edu.vn
1406	09080027	C5AG3Y	Nguyễn Thị duy an 	ntdan1983@gmail.com
1407	03721490	GINTW1	soda	nguyenthiyentinh@gmail.com
1408	0985539250	R5IFU8	Lê Thị Duyên	
1409	0387766187	3CZ05N	Nguyễn Thị Thanh Ngân 	
1410	0377880600	L461GP	Đỗ Thị Hồng Phượng	Phuongphong1405@gmail.com
1428	0983009483	RP09XK	Kim Chi	giangmit83@gmail.com
1411	0979123456	LK9D40	Demo	boracay.dffone2021@gmail.com
1413	0981785565	IWN98E	Nguyễn thị xim	ximnguyen1997@gmail.com
1414	0981785565	ZSZX2C	nguyễn thị xim	ximnguyen1997@gmail.com
1415	0909628008	GWACEH	Nguyễn Thị Huyền Trang	trangsama74.ts@gmail.com
1416	0937378183	2X60QR	loi	catherine.vo18@gmail.com
1417	0937378183	KQSR3A	loi	catherine.vo18@gmail.com
1418	0989142888	2VJYV8	Hoàng Hồng Nga	Hoanghongngasnvqn@gmail.com
1419	0989142888	V40I0D	Hoàng Hồng Nga	hoanghongngasnvqn@gmail.com
1420	0962424755	E9V4UA	nguyễn Thị Thanh Tâm	ntttam21190@gmail.com
1421	0902540131	R3A1ZE	phạm quyên	
1422	0977361868	JDCJPQ	Đặng Thị Lan Anh	lanh88lv@gmail.com
1423	0977361868	RVK8D2	Đặng Thị Lan Anh	lanh88lv@gmail.com
1424	0962546658	NAI8QI	bùi thị hà	habui.bth@gmail.com
1425	0916978825	3IYGGP	Nguyễn Thị Mai	nguyenmai1191@gmail.con
1426	0447999998	X87YCZ	An Tran	
1373	0334948448	DHMAP3	Trần thị Khánh My 	khanhmybg1988@gmail.com
1433	0938028886	G185PS	Nguyễn Trâm Anh	
1429	0973071238	RP09XK	Nguyễn Minh Giang	giangmit83@gmail.com
1430	0352279797	I7WBNS	Trần Thị Mai Hoa	hoameomeo98@gmail.com
1431	0352279797	RP09XK	Trần Thị Mai Hoa	hoameomeo98@gmail.com
1432	0914132084	I7WBNS	đỗ thị ngọc trâm	dothingoctram29121995@gmail.com
1439	0938870487	2YJELB	nguyễn thị ngọc phương	phuongnhibanana@gmail.com
1427	0983009483	I7WBNS	Minh Giang	giangmit83@gmail.com
1434	0938028886	5P64F6	Nguyễn Trâm Anh	
1435	0938805536	WIVDKQ	Trịnh Thị Thanh Huyền	thanhhuyen.trinh@gmail.com
1436	0909953133	07DRIJ	Sam	
1287	0364267209	LK9D40	Cao Thi Hien Trang	
1437	0989888505	V4SZ16	phạm thu thảo	missteen.hl@gmail.com
1438	0909953133	K67ARD	Sam	
1440	0911053153	7DD5ZD	Phạm Hoàng Yến	
1441	0968581704	7IC3II	Đỗ Thanh Thuỷ	thanhthuy.cremusic@gmail.com
1442	0985958921	KF0U93	Nguyễn Thị Hà	ha43b2@gmail.com
1443	0985958921	I7WBNS	Nguyễn Thị Hà	ha43b2@gmail.com
1444	0932062429	9K4Q57	chau le	
1445	098263812	HK27SG	Bui	cguxuanhuan@live.com
1446	0345436383	ZSZX2C	lê thị thuỳ linh 	LeeLinh110598@gmail.com
1447	0352203530	RDFSET	Nguyễn Tú Trinh	catanhnguyen@gmail.com
1448	0909843119	SKH47T	Vân nguyễn	mevancbe@gmail.com
1449	0983121955	K2J58U	Lê Thanh Hải	hailt.acb@gmail.com
1450	0868281893	R209TG	Trịnh Thị Minh Trang	
1451	0911045195	0XPMYV	Trần Quỳnh Trang	quynhtrang3795@gmail.com
1452	0975204129	K2J58U	le Ngan Khanh	thuyantcdn49b@gmail.com
1453	0984716395	P3ZMWM	Nguyễn Dạ Hương	nguyendahuong.dtd@gmail.com
1455	0976885984	SIYXVF	Hien	
1456	0973516235	K47NKP	nguyễn thi thuỷ	nguyenthuthuy.nyo@gmail.com
1457	0988403390	CQDK3U	nga	
1458	0355988438	7TGX12	le nhan	nhanle1388@gmail.com
1459	0986683893	LH7YT2	nguyen thi phuonganh	anhntp2908@gmail.com
1461	0909843119	331K3G	Vân nguyễn	
1462	0971956570	4TL32T	Bong	dinhthihongvan1987@gmail.com
1463	0967009679	KQDR0C	Thanh Hương	thanhhuong81@gmail.com
1464	0967009679	C987BG	Trần Thị Thanh Hương	thanhhuong81@gmail.com
1465	0975724228	HP823Y	Hà Huyền	hathanhhuyentb@gmail.com
1466	0975724228	IP205A	Hà Huyền	hathanhhuyentb@gmail.com
1467	0367475208	SAAFN1	nguyễn Phạm Phương Thảo	nguyenphamphuongthaomn@gmail.com
1468	0367475208	AJEGKK	nguyễn Phạm Phương Thảo	nguyenphamphuongthaomn@gmail.com
1469	0389797902	5W6LFY	nguyễn thị bích ly	
1470	0944849889	53U125	Bùi Thuỳ Linh	
1460	0982882015	19DJR6	Nguyễn thùy linh	
1471	0379254399	MHTXDG	phuong	
1472	0972640212	C3G1DG	Nguyễn Diệu Linh	
1337	0987381188	WHLHAE	Đinh Vũ Hoài Nga	dvhoainga@gmail.com
1473	0916978825	LVQP6Q	nguyen mai	nguyenmai1191@gmail.com
1474	0918004842	LVQP6Q	Phạm Ngọc Trọng	phamngoctrong22@gmail.con
1475	0916978825	ZI6BJD	Mai	nguyenmai1191@gmail.con
1476	0938068425	BYVUDD	Thu Mai	
1477	0966093857	EM1121	Nguyễn Phương Hoa	nphuonghoa.pk@gmail.com
1478	0966093857	Y4VAMP	Nguyễn Phương Hoa	nphuonghoa.pk@gmail.com
1479	0343011432	KWBCME	phạm thanh thương	thuong.pham9535@gmail.com
1480	0975759646	LD1F2B	Lê Hằng	lehang218@gmail.com
1481	0343011432	424PLD	phạm thanh thương	thuong.pham9535@gmail.com
1482	0918004842	ZI6BJD	mai	nguyenmai1191@gmail.com
1483	0965869119	03D4SR	phạm thuý an 	anpham21121991@gmail.com
1484	0795366613	JS72ZX	Linh	lynksu@gmail.com
1485	0934482892	JS72ZX	hoàng	dth2393@gmail.com
1486	0901508805	9X29LG	Nguyễn Ngọc Anh	
1487	0393519866	3M6G0S	Hoàng Thị Mai A	hoangmaia6668@gmail.com
1488	0382456698	424PLD	trần thị vân	nakja@gmail.com
1489	0868281893	6FD5MJ	Trịnh Thị Minh Trang	
1490	0904379597	53U125	kim thu	thuseobie.exol@gmail.com
1491	0904379597	T0U80M	kim thu 	thuseobie.exol@gmail.com
1492	0344062895	APZSUE	Đào Tất Bình	daotatbinh@gmail.com
1493	0969460936	DHMAP3	Pham thi huong	huong66676@gmail.com
1494	0906198190	SENVDM	nguyễn hương	
1495	0359649892	HCBAAE	hiền	hoanghaohien@gmail.com
1496	0359649892	G3Y0MV	hiền	hoanghaohien@gmail.com
1497	0378288668	SJDHXY	GuruKids	
1498	0985837894	MSG1KM	Ngô Thị Hoa	
1499	0349610973	9H468V	Quân Cam	
1500	0963584568	424PLD	van van van	hsis@gmail.com
1501	0979685738	SAAFN1	Ha Huu Truong	Truonghh@gmail.com
1502	0774100686	NA8HCS	Đinh Thị Bích Liên	liendtb1986@gmail.com
1503	0358375259	L44FB9	Nguyễn thị kiều trang 	
1504	0348824979	MSLM3K	Như Tâm	nhutamttnt@gmail.com
1505	0982616692	REDZVW	Linh	
1506	0969111715	YTVQYN	tran lan chi	lanchihanam90@gmail.com
\.


--
-- Name: book_code_id_seq; Type: SEQUENCE SET; Schema: public; Owner: admin
--

SELECT pg_catalog.setval('public.book_code_id_seq', 7001, true);


--
-- Name: book_episode_id_seq; Type: SEQUENCE SET; Schema: public; Owner: admin
--

SELECT pg_catalog.setval('public.book_episode_id_seq', 1, false);


--
-- Name: book_episode_video_id_seq; Type: SEQUENCE SET; Schema: public; Owner: admin
--

SELECT pg_catalog.setval('public.book_episode_video_id_seq', 1, true);


--
-- Name: book_id_seq; Type: SEQUENCE SET; Schema: public; Owner: admin
--

SELECT pg_catalog.setval('public.book_id_seq', 1, true);


--
-- Name: config_id_seq; Type: SEQUENCE SET; Schema: public; Owner: admin
--

SELECT pg_catalog.setval('public.config_id_seq', 1, false);


--
-- Name: statistic_log_id_seq; Type: SEQUENCE SET; Schema: public; Owner: admin
--

SELECT pg_catalog.setval('public.statistic_log_id_seq', 1506, true);


--
-- PostgreSQL database dump complete
--

